frame,x_center,y_center
0,432,198
1,442,196
2,443,197
3,443,197
4,444,198
5,443,196
6,443,196
7,443,195
8,443,195
9,440,198
10,440,198
11,440,198
12,442,196
13,442,196
14,442,196
15,441,196
16,442,195
17,442,196
18,442,195
19,441,195
20,441,194
21,441,194
22,434,197
23,433,196
24,432,197
25,433,196
26,433,197
27,433,196
28,434,196
29,434,196
30,434,196
31,434,196
32,437,194
33,434,197
34,434,197
35,434,199
36,434,201
37,434,199
38,434,199
39,433,199
40,433,199
41,434,199
42,434,199
43,434,200
44,441,196
45,442,196
46,442,197
47,442,197
48,443,198
49,443,197
50,443,197
51,442,198
52,442,198
53,438,199
54,438,200
55,438,200
56,437,200
57,437,200
58,438,199
59,438,198
60,443,197
61,437,198
62,436,198
63,436,198
64,433,198
65,433,198
66,433,198
67,433,197
68,432,198
69,434,196
70,434,197
71,434,197
72,434,198
73,434,197
74,433,196
75,434,197
76,433,198
77,434,197
78,434,197
79,434,197
80,434,199
81,434,198
82,434,198
83,433,198
84,432,199
85,433,198
86,433,198
87,434,199
88,437,199
89,434,198
90,433,199
91,433,200
92,433,200
93,437,200
94,436,200
95,436,201
96,435,200
97,437,199
98,438,199
99,438,199
100,438,200
101,437,197
102,437,196
103,436,196
104,433,197
105,433,198
106,433,197
107,433,198
108,433,198
109,434,198
110,435,197
111,435,198
112,437,198
113,436,196
114,435,196
115,435,197
116,434,197
117,434,197
118,435,197
119,434,198
120,435,197
121,435,198
122,434,199
123,434,199
124,434,201
125,434,200
126,433,199
127,433,199
128,433,198
129,433,199
130,433,198
131,433,198
132,433,198
133,437,199
134,437,200
135,442,198
136,442,198
137,440,203
138,440,201
139,439,202
140,443,199
141,438,200
142,438,199
143,438,199
144,437,199
145,437,199
146,437,198
147,433,199
148,433,199
149,433,199
150,433,199
151,433,199
152,433,199
153,433,198
154,434,198
155,434,198
156,434,198
157,434,198
158,434,198
159,434,198
160,434,198
161,434,197
162,435,198
163,435,198
164,435,199
165,435,199
166,436,199
167,435,199
168,434,199
169,434,198
170,434,198
171,434,198
172,433,197
173,434,197
174,434,197
175,434,198
176,433,199
177,432,199
178,433,199
179,433,200
180,432,199
181,432,199
182,432,199
183,433,199
184,433,198
185,433,199
186,433,198
187,433,198
188,433,198
189,435,199
190,441,196
191,433,199
192,433,198
193,434,198
194,433,198
195,433,197
196,433,198
197,434,197
198,434,196
199,434,197
200,435,196
201,434,196
202,433,196
203,433,196
204,433,197
205,432,197
206,432,197
207,432,199
208,433,198
209,433,198
210,433,198
211,432,199
212,433,199
213,433,200
214,433,200
215,432,200
216,432,200
217,432,202
218,433,201
219,433,202
220,433,202
221,433,201
222,433,203
223,433,202
224,441,198
225,442,198
226,442,198
227,443,198
228,443,198
229,434,201
230,443,198
231,443,198
232,443,198
233,443,196
234,443,196
235,438,199
236,437,199
237,435,198
238,435,199
239,442,196
240,431,198
241,431,198
242,431,198
243,430,198
244,431,198
245,431,198
246,431,199
247,432,199
248,432,199
249,432,199
250,433,198
251,433,197
252,433,198
253,433,198
254,432,197
255,432,198
256,432,199
257,432,199
258,433,198
259,433,198
260,434,198
261,433,198
262,432,199
263,437,199
264,437,200
265,436,200
266,436,201
267,442,197
268,442,197
269,437,201
270,437,201
271,436,200
272,437,201
273,437,200
274,437,200
275,437,200
276,437,201
277,436,201
278,442,197
279,436,200
280,436,198
281,436,199
282,437,199
283,436,198
284,433,197
285,433,198
286,433,198
287,432,198
288,432,197
289,432,197
290,432,198
291,431,199
292,431,199
293,431,199
294,431,200
295,431,199
296,431,199
297,431,199
298,431,199
299,431,199
300,431,199
301,432,200
302,431,201
303,431,201
304,431,201
305,430,202
306,431,202
307,431,202
308,431,203
309,432,204
310,432,203
311,432,204
312,432,204
313,434,202
314,434,202
315,433,202
316,433,202
317,435,202
318,435,202
319,436,200
320,435,200
321,435,200
322,435,201
323,435,200
324,442,197
325,442,197
326,442,197
327,436,199
328,436,198
329,431,199
330,431,199
331,431,199
332,432,199
333,442,196
334,431,199
335,432,198
336,432,198
337,432,198
338,432,199
339,432,198
340,432,198
341,431,199
342,432,199
343,433,200
344,434,200
345,433,201
346,432,201
347,432,201
348,432,201
349,432,202
350,432,202
351,432,202
352,431,202
353,431,203
354,431,203
355,435,204
356,434,204
357,441,198
358,441,197
359,441,197
360,437,199
361,437,199
362,437,198
363,437,196
364,437,197
365,437,197
366,437,197
367,437,198
368,437,199
369,443,197
370,433,198
371,433,198
372,436,198
373,432,198
374,432,198
375,431,198
376,432,199
377,432,198
378,432,198
379,432,198
380,432,198
381,432,198
382,432,198
383,432,197
384,432,197
385,432,197
386,432,197
387,432,196
388,432,197
389,433,199
390,432,199
391,432,199
392,433,199
393,432,198
394,432,199
395,431,200
396,431,199
397,432,199
398,432,199
399,432,199
400,434,198
401,432,198
402,435,200
403,434,198
404,435,199
405,435,199
406,435,197
407,433,196
408,432,196
409,433,196
410,433,196
411,433,195
412,433,195
413,433,195
414,433,195
415,433,195
416,433,195
417,433,195
418,432,195
419,432,196
420,432,197
421,432,197
422,433,198
423,433,198
424,433,198
425,433,197
426,433,199
427,433,199
428,433,199
429,433,199
430,433,199
431,433,199
432,433,199
433,433,198
434,433,198
435,433,198
436,434,197
437,434,197
438,436,198
439,436,200
440,437,199
441,437,199
442,437,199
443,437,198
444,437,200
445,437,200
446,437,198
447,437,200
448,437,199
449,436,199
450,437,198
451,437,198
452,437,198
453,437,199
454,437,199
455,438,196
456,438,196
457,437,196
458,435,195
459,435,195
460,435,195
461,435,196
462,435,196
463,435,196
464,435,196
465,435,196
466,436,197
467,436,197
468,436,198
469,435,198
470,435,199
471,435,199
472,435,199
473,435,199
474,435,200
475,436,200
476,435,201
477,437,198
478,437,198
479,437,199
480,434,198
481,433,198
482,433,198
483,434,199
484,433,200
485,434,201
486,434,201
487,433,201
488,433,201
489,434,200
490,434,199
491,433,199
492,433,200
493,433,200
494,434,199
495,433,199
496,434,198
497,434,198
498,433,199
499,433,199
500,433,197
501,432,196
502,432,196
503,432,196
504,432,196
505,431,196
506,432,196
507,432,197
508,432,197
509,432,196
510,432,196
511,432,196
512,432,196
513,432,196
514,432,197
515,432,197
516,432,197
517,432,197
518,432,197
519,432,198
520,432,196
521,432,196
522,432,196
523,432,197
524,432,198
525,433,197
526,433,197
527,433,198
528,433,198
529,433,198
530,433,199
531,434,200
532,433,199
533,433,199
534,435,201
535,435,200
536,436,200
537,436,201
538,436,200
539,435,201
540,436,200
541,436,200
542,436,198
543,436,199
544,436,199
545,436,198
546,436,199
547,435,197
548,435,198
549,432,197
550,433,197
551,435,198
552,432,197
553,433,196
554,433,196
555,433,195
556,433,195
557,433,194
558,432,194
559,432,195
560,433,195
561,433,195
562,432,196
563,432,197
564,432,197
565,432,197
566,432,197
567,432,197
568,433,196
569,433,198
570,433,198
571,433,197
572,433,197
573,433,198
574,433,199
575,435,200
576,436,199
577,436,200
578,434,198
579,433,199
580,433,199
581,436,200
582,437,200
583,437,200
584,437,200
585,436,202
586,436,199
587,436,199
588,436,199
589,437,198
590,436,197
591,437,197
592,437,197
593,437,198
594,437,197
595,434,196
596,436,196
597,433,196
598,434,196
599,433,196
600,432,197
601,432,197
602,433,197
603,433,196
604,432,197
605,433,197
606,433,197
607,432,195
608,432,195
609,432,195
610,432,195
611,432,197
612,432,197
613,432,197
614,432,199
615,432,198
616,432,197
617,432,198
618,431,197
619,431,197
620,431,197
621,432,198
622,431,197
623,430,198
624,431,199
625,431,197
626,431,197
627,435,198
628,432,197
629,436,198
630,436,198
631,436,197
632,433,196
633,433,196
634,433,196
635,433,196
636,433,196
637,432,196
638,432,196
639,433,197
640,433,195
641,433,195
642,434,195
643,434,196
644,433,195
645,433,195
646,433,195
647,433,195
648,432,195
649,432,196
650,431,198
651,432,197
652,432,197
653,432,196
654,432,197
655,432,197
656,432,198
657,432,198
658,432,198
659,433,198
660,433,199
661,432,200
662,432,197
663,432,197
664,432,198
665,433,199
666,435,199
667,434,199
668,432,199
669,434,201
670,433,200
671,433,199
672,435,200
673,438,201
674,443,198
675,437,201
676,436,201
677,442,197
678,437,199
679,437,199
680,438,199
681,437,198
682,438,198
683,438,197
684,435,197
685,435,197
686,434,197
687,435,197
688,432,197
689,434,198
690,433,198
691,433,198
692,433,198
693,433,198
694,432,199
695,433,199
696,433,199
697,433,198
698,432,198
699,433,199
700,432,198
701,432,199
702,432,199
703,432,200
704,432,199
705,432,199
706,432,198
707,433,198
708,433,198
709,433,199
710,434,200
711,435,198
712,436,201
713,436,200
714,442,197
715,436,201
716,435,201
717,435,200
718,435,199
719,435,199
720,436,199
721,437,199
722,437,200
723,436,199
724,435,199
725,435,199
726,435,200
727,435,197
728,435,197
729,432,197
730,432,197
731,433,197
732,432,197
733,432,197
734,431,196
735,431,197
736,431,198
737,431,198
738,433,197
739,433,197
740,433,198
741,433,198
742,433,197
743,433,196
744,433,196
745,432,196
746,432,196
747,432,197
748,433,198
749,433,198
750,435,196
751,435,196
752,435,196
753,434,196
754,434,198
755,437,198
756,436,198
757,436,198
758,436,198
759,437,198
760,443,195
761,443,195
762,443,195
763,443,195
764,436,198
765,437,198
766,443,195
767,437,197
768,436,198
769,436,198
770,436,198
771,436,197
772,437,197
773,436,197
774,436,196
775,436,196
776,435,197
777,442,194
778,435,197
779,435,197
780,436,196
781,435,197
782,435,195
783,435,195
784,433,195
785,433,196
786,432,195
787,432,196
788,432,196
789,433,196
790,433,196
791,432,196
792,432,197
793,433,197
794,433,197
795,433,198
796,434,197
797,434,198
798,435,199
799,434,199
800,434,200
801,435,200
802,433,200
803,436,201
804,437,200
805,437,200
806,443,197
807,437,201
808,444,197
809,438,200
810,438,199
811,438,198
812,438,199
813,438,200
814,438,199
815,437,198
816,438,197
817,438,197
818,438,196
819,437,196
820,436,196
821,437,196
822,437,198
823,437,197
824,436,197
825,436,198
826,436,196
827,436,196
828,436,196
829,437,195
830,437,195
831,436,196
832,436,197
833,433,197
834,433,197
835,433,197
836,433,197
837,432,197
838,432,197
839,432,197
840,430,197
841,430,197
842,430,197
843,430,196
844,430,197
845,431,198
846,431,198
847,432,201
848,432,200
849,432,201
850,432,201
851,432,201
852,432,203
853,434,203
854,434,202
855,434,203
856,434,203
857,434,204
858,435,203
859,435,203
860,435,203
861,435,204
862,435,201
863,435,201
864,435,201
865,435,202
866,435,203
867,435,203
868,435,201
869,435,200
870,435,200
871,436,198
872,433,197
873,433,196
874,433,196
875,433,196
876,433,196
877,432,196
878,433,197
879,432,197
880,434,198
881,433,198
882,433,199
883,433,199
884,433,200
885,434,200
886,433,200
887,433,200
888,433,200
889,434,200
890,434,200
891,433,198
892,432,199
893,433,199
894,433,199
895,432,200
896,432,200
897,432,201
898,434,201
899,434,202
900,433,201
901,434,202
902,437,202
903,437,202
904,437,203
905,437,203
906,436,202
907,436,202
908,436,202
909,436,202
910,436,202
911,436,201
912,436,200
913,435,198
914,435,198
915,436,198
916,436,198
917,436,198
918,435,198
919,435,198
920,435,198
921,435,198
922,435,198
923,435,197
924,434,197
925,434,197
926,434,197
927,433,198
928,434,198
929,434,198
930,433,198
931,434,198
932,433,198
933,433,198
934,433,198
935,433,199
936,433,199
937,433,200
938,433,198
939,433,198
940,433,199
941,434,199
942,433,197
943,434,198
944,434,199
945,434,200
946,442,195
947,436,200
948,437,200
949,442,196
950,442,195
951,442,196
952,442,196
953,442,197
954,437,200
955,436,201
956,436,198
957,437,198
958,437,198
959,437,197
960,442,194
961,442,194
962,442,195
963,441,194
964,437,195
965,437,195
966,437,195
967,436,195
968,432,196
969,436,195
970,431,194
971,431,194
972,431,195
973,431,195
974,431,196
975,432,196
976,431,196
977,431,196
978,431,197
979,431,197
980,431,197
981,431,197
982,431,198
983,432,198
984,432,198
985,432,198
986,432,200
987,431,200
988,431,200
989,432,198
990,432,198
991,432,198
992,432,198
993,431,198
994,432,199
995,432,198
996,432,198
997,432,198
998,432,198
999,434,199
1000,435,197
1001,435,197
1002,435,197
1003,435,196
1004,435,196
1005,435,196
1006,435,196
1007,432,196
1008,432,196
1009,435,195
1010,435,194
1011,433,195
1012,433,195
1013,432,195
1014,432,195
1015,432,195
1016,433,197
1017,432,196
1018,432,196
1019,432,197
1020,433,196
1021,433,197
1022,436,198
1023,434,197
1024,434,197
1025,433,197
1026,433,199
1027,433,198
1028,433,198
1029,434,198
1030,434,198
1031,434,197
1032,434,198
1033,435,197
1034,435,198
1035,435,198
1036,436,201
1037,433,199
1038,436,201
1039,436,202
1040,433,201
1041,433,201
1042,433,202
1043,435,203
1044,437,199
1045,437,201
1046,437,200
1047,438,200
1048,438,199
1049,438,200
1050,438,199
1051,439,198
1052,439,199
1053,438,199
1054,437,199
1055,437,197
1056,434,196
1057,439,197
1058,437,196
1059,435,197
1060,436,197
1061,436,196
1062,434,197
1063,434,198
1064,434,198
1065,441,198
1066,437,195
1067,448,197
1068,450,197
1069,448,197
1070,449,197
1071,449,198
1072,448,199
1073,447,199
1074,448,199
1075,447,199
1076,444,198
1077,444,198
1078,444,198
1079,444,199
1080,449,198
1081,449,198
1082,450,198
1083,449,199
1084,449,200
1085,448,198
1086,448,201
1087,448,201
1088,448,201
1089,449,202
1090,448,202
1091,447,201
1092,448,201
1093,449,201
1094,449,201
1095,449,200
1096,449,199
1097,449,198
1098,449,198
1099,449,198
1100,448,197
1101,448,197
1102,448,197
1103,448,195
1104,447,196
1105,448,195
1106,447,196
1107,448,196
1108,448,196
1109,449,198
1110,449,198
1111,449,198
1112,449,198
1113,449,199
1114,448,199
1115,450,200
1116,449,201
1117,448,198
1118,448,201
1119,448,201
1120,448,200
1121,448,200
1122,448,200
1123,447,202
1124,448,203
1125,448,203
1126,449,202
1127,449,203
1128,449,203
1129,449,204
1130,448,203
1131,448,203
1132,448,203
1133,448,203
1134,448,203
1135,449,204
1136,448,203
1137,448,203
1138,447,203
1139,447,202
1140,447,202
1141,447,203
1142,449,202
1143,449,202
1144,449,202
1145,450,202
1146,450,201
1147,450,200
1148,450,199
1149,449,199
1150,449,198
1151,449,198
1152,449,197
1153,450,197
1154,450,197
1155,450,197
1156,449,197
1157,450,199
1158,450,198
1159,449,197
1160,448,196
1161,449,197
1162,449,198
1163,448,200
1164,447,200
1165,448,200
1166,448,200
1167,447,198
1168,447,199
1169,447,200
1170,447,199
1171,447,198
1172,448,199
1173,448,198
1174,448,198
1175,448,198
1176,448,197
1177,448,198
1178,448,198
1179,447,198
1180,448,198
1181,448,197
1182,449,197
1183,449,196
1184,449,197
1185,448,196
1186,448,196
1187,449,196
1188,449,197
1189,448,196
1190,449,196
1191,449,196
1192,449,196
1193,449,197
1194,448,197
1195,449,196
1196,448,196
1197,448,197
1198,448,197
1199,448,197
1200,447,196
1201,447,195
1202,447,196
1203,447,196
1204,446,196
1205,445,195
1206,441,195
1207,444,195
1208,444,195
1209,444,195
1210,445,195
1211,444,194
1212,443,196
1213,443,196
1214,444,196
1215,444,196
1216,444,196
1217,443,197
1218,446,197
1219,447,197
1220,447,197
1221,448,198
1222,448,198
1223,448,198
1224,447,197
1225,447,199
1226,445,197
1227,447,198
1228,447,198
1229,447,196
1230,447,196
1231,447,196
1232,446,197
1233,446,198
1234,446,199
1235,446,198
1236,446,198
1237,447,198
1238,447,198
1239,447,199
1240,447,197
1241,447,196
1242,447,197
1243,447,196
1244,446,195
1245,446,195
1246,446,195
1247,446,195
1248,446,195
1249,446,195
1250,448,195
1251,448,195
1252,448,195
1253,448,195
1254,448,195
1255,447,195
1256,447,195
1257,446,195
1258,446,195
1259,446,195
1260,447,195
1261,447,196
1262,448,196
1263,448,196
1264,448,196
1265,448,196
1266,448,196
1267,449,196
1268,449,197
1269,448,197
1270,448,196
1271,448,196
1272,448,196
1273,449,197
1274,449,197
1275,448,197
1276,448,197
1277,449,197
1278,449,198
1279,449,197
1280,449,196
1281,449,197
1282,449,197
1283,448,198
1284,448,198
1285,449,198
1286,449,198
1287,449,198
1288,449,196
1289,449,196
1290,449,197
1291,449,197
1292,449,197
1293,449,197
1294,449,196
1295,449,195
1296,449,196
1297,449,195
1298,450,196
1299,449,195
1300,449,196
1301,449,195
1302,449,196
1303,448,196
1304,449,197
1305,448,197
1306,449,197
1307,449,197
1308,449,197
1309,449,197
1310,448,198
1311,448,198
1312,448,197
1313,448,197
1314,448,197
1315,448,198
1316,449,198
1317,450,199
1318,449,199
1319,449,200
1320,448,197
1321,448,197
1322,448,197
1323,448,197
1324,448,198
1325,448,198
1326,445,199
1327,448,200
1328,448,200
1329,448,200
1330,448,199
1331,448,199
1332,448,198
1333,448,199
1334,448,199
1335,448,198
1336,446,197
1337,447,198
1338,449,195
1339,449,195
1340,449,195
1341,449,195
1342,448,195
1343,447,194
1344,446,194
1345,446,195
1346,446,195
1347,447,194
1348,446,195
1349,445,196
1350,446,195
1351,446,196
1352,446,197
1353,445,196
1354,445,196
1355,445,196
1356,445,196
1357,446,196
1358,444,196
1359,444,196
1360,447,196
1361,446,197
1362,446,196
1363,446,197
1364,446,198
1365,447,198
1366,447,199
1367,448,199
1368,448,200
1369,448,201
1370,448,202
1371,449,200
1372,449,200
1373,449,200
1374,449,199
1375,449,198
1376,449,198
1377,449,198
1378,449,198
1379,449,198
1380,449,198
1381,449,198
1382,448,196
1383,448,196
1384,448,196
1385,449,196
1386,449,195
1387,449,195
1388,449,195
1389,449,195
1390,449,195
1391,448,196
1392,448,196
1393,448,195
1394,448,195
1395,449,194
1396,448,194
1397,448,196
1398,447,196
1399,448,196
1400,447,196
1401,447,196
1402,447,196
1403,447,196
1404,448,196
1405,448,197
1406,448,197
1407,448,196
1408,448,196
1409,448,196
1410,448,197
1411,448,197
1412,448,196
1413,448,196
1414,448,197
1415,447,196
1416,447,196
1417,447,196
1418,447,196
1419,447,197
1420,447,197
1421,447,196
1422,448,196
1423,448,196
1424,449,196
1425,448,195
1426,448,196
1427,448,195
1428,448,196
1429,448,195
1430,448,195
1431,448,194
1432,447,195
1433,447,195
1434,448,194
1435,447,194
1436,447,194
1437,447,195
1438,447,194
1439,448,195
1440,448,195
1441,449,195
1442,449,195
1443,449,195
1444,448,196
1445,449,196
1446,449,196
1447,448,195
1448,448,195
1449,448,195
1450,448,196
1451,448,195
1452,448,196
1453,448,196
1454,448,196
1455,448,197
1456,448,196
1457,448,198
1458,449,199
1459,449,199
1460,449,199
1461,448,199
1462,449,200
1463,449,200
1464,449,200
1465,449,201
1466,449,200
1467,448,198
1468,448,197
1469,449,198
1470,449,198
1471,449,199
1472,449,198
1473,449,197
1474,449,196
1475,448,196
1476,448,197
1477,448,196
1478,448,197
1479,449,196
1480,449,196
1481,449,196
1482,449,196
1483,449,196
1484,448,196
1485,448,195
1486,448,195
1487,448,195
1488,448,195
1489,448,194
1490,448,196
1491,447,195
1492,447,195
1493,447,195
1494,447,195
1495,447,195
1496,445,197
1497,445,197
1498,445,197
1499,446,197
1500,448,195
1501,448,195
1502,448,196
1503,448,196
1504,448,196
1505,449,197
1506,449,198
1507,449,198
1508,449,199
1509,449,199
1510,448,199
1511,449,199
1512,448,198
1513,449,197
1514,449,197
1515,449,197
1516,449,197
1517,449,197
1518,450,197
1519,449,196
1520,449,196
1521,448,196
1522,448,195
1523,448,195
1524,447,194
1525,447,194
1526,447,194
1527,447,194
1528,447,194
1529,447,194
1530,447,194
1531,447,194
1532,448,194
1533,447,195
1534,447,195
1535,446,194
1536,446,194
1537,447,195
1538,446,194
1539,446,195
1540,446,194
1541,445,195
1542,445,195
1543,444,195
1544,444,195
1545,445,196
1546,445,196
1547,445,196
1548,445,196
1549,446,195
1550,446,196
1551,446,196
1552,447,196
1553,446,196
1554,445,195
1555,446,196
1556,446,197
1557,447,197
1558,447,197
1559,447,197
1560,450,198
1561,450,197
1562,450,198
1563,450,197
1564,451,197
1565,450,197
1566,450,196
1567,449,196
1568,449,196
1569,448,195
1570,448,195
1571,448,194
1572,448,194
1573,448,194
1574,448,194
1575,447,194
1576,448,194
1577,447,194
1578,449,194
1579,449,194
1580,449,194
1581,449,193
1582,449,193
1583,448,194
1584,447,194
1585,447,194
1586,448,194
1587,448,193
1588,447,195
1589,449,195
1590,449,195
1591,449,194
1592,448,195
1593,448,195
1594,448,195
1595,448,195
1596,448,195
1597,448,195
1598,448,195
1599,449,195
1600,449,194
1601,448,194
1602,449,194
1603,449,195
1604,448,196
1605,449,196
1606,449,196
1607,449,196
1608,449,196
1609,449,196
1610,449,196
1611,450,196
1612,450,196
1613,450,196
1614,450,195
1615,450,195
1616,450,194
1617,450,194
1618,449,195
1619,449,195
1620,449,194
1621,449,194
1622,449,194
1623,449,194
1624,449,194
1625,448,193
1626,448,193
1627,448,193
1628,448,194
1629,448,194
1630,447,194
1631,447,194
1632,447,194
1633,447,195
1634,447,195
1635,447,195
1636,446,195
1637,444,195
1638,444,195
1639,445,195
1640,445,195
1641,446,194
1642,447,195
1643,447,195
1644,446,194
1645,446,194
1646,446,194
1647,446,194
1648,446,193
1649,447,194
1650,446,193
1651,447,195
1652,448,196
1653,448,196
1654,448,196
1655,449,196
1656,449,196
1657,449,195
1658,449,197
1659,450,198
1660,450,198
1661,450,197
1662,450,197
1663,450,197
1664,449,197
1665,449,197
1666,450,195
1667,450,195
1668,450,195
1669,450,195
1670,450,195
1671,450,194
1672,450,194
1673,450,194
1674,450,196
1675,450,196
1676,449,195
1677,449,194
1678,449,194
1679,449,194
1680,447,194
1681,447,194
1682,448,194
1683,447,194
1684,447,194
1685,446,195
1686,446,195
1687,446,197
1688,446,197
1689,446,197
1690,446,197
1691,446,199
1692,447,199
1693,446,198
1694,446,198
1695,446,198
1696,446,198
1697,446,197
1698,445,196
1699,445,197
1700,445,197
1701,446,197
1702,445,196
1703,446,198
1704,446,198
1705,446,198
1706,446,198
1707,446,198
1708,444,197
1709,447,196
1710,447,196
1711,447,196
1712,447,196
1713,447,196
1714,447,195
1715,447,195
1716,447,195
1717,446,194
1718,446,194
1719,447,194
1720,447,194
1721,447,194
1722,447,194
1723,447,194
1724,448,193
1725,448,193
1726,447,194
1727,447,194
1728,445,195
1729,446,194
1730,445,195
1731,446,195
1732,446,195
1733,446,196
1734,445,196
1735,445,196
1736,445,196
1737,445,196
1738,445,196
1739,446,198
1740,445,197
1741,444,197
1742,446,198
1743,446,198
1744,446,198
1745,446,198
1746,446,199
1747,446,198
1748,447,199
1749,446,198
1750,447,196
1751,447,197
1752,448,195
1753,449,194
1754,449,194
1755,449,194
1756,449,195
1757,449,194
1758,449,193
1759,449,194
1760,449,193
1761,449,194
1762,448,194
1763,448,194
1764,448,194
1765,448,194
1766,448,194
1767,448,193
1768,448,193
1769,449,193
1770,448,193
1771,448,193
1772,448,193
1773,448,193
1774,448,193
1775,447,194
1776,447,194
1777,447,194
1778,445,195
1779,444,196
1780,444,195
1781,445,196
1782,445,195
1783,446,195
1784,446,195
1785,446,196
1786,446,196
1787,446,196
1788,446,195
1789,446,195
1790,446,195
1791,447,195
1792,446,195
1793,447,196
1794,447,196
1795,448,196
1796,448,196
1797,448,196
1798,448,196
1799,448,196
1800,447,196
1801,447,196
1802,447,196
1803,448,197
1804,448,197
1805,448,196
1806,448,196
1807,449,196
1808,449,196
1809,449,196
1810,448,196
1811,448,195
1812,448,195
1813,447,195
1814,446,195
1815,447,195
1816,447,194
1817,444,196
1818,448,196
1819,448,196
1820,447,196
1821,447,195
1822,447,196
1823,447,197
1824,448,198
1825,448,197
1826,448,197
1827,448,197
1828,448,197
1829,449,197
1830,449,197
1831,449,197
1832,449,198
1833,448,197
1834,448,196
1835,448,196
1836,448,197
1837,448,196
1838,448,196
1839,448,196
1840,448,197
1841,448,197
1842,448,198
1843,448,198
1844,448,198
1845,447,198
1846,448,198
1847,448,199
1848,448,199
1849,448,198
1850,448,199
1851,449,198
1852,448,198
1853,448,198
1854,448,196
1855,448,196
1856,448,196
1857,449,196
1858,449,195
1859,449,195
1860,448,195
1861,448,195
1862,446,195
1863,446,195
1864,447,195
1865,448,195
1866,447,195
1867,447,195
1868,447,195
1869,447,196
1870,446,196
1871,446,196
1872,443,196
1873,447,197
1874,447,197
1875,447,197
1876,447,197
1877,447,198
1878,448,198
1879,448,198
1880,449,198
1881,448,198
1882,449,198
1883,449,197
1884,448,197
1885,448,197
1886,448,197
1887,447,197
1888,448,198
1889,447,198
1890,448,199
1891,448,199
1892,448,198
1893,448,198
1894,448,198
1895,449,196
1896,449,196
1897,449,196
1898,449,196
1899,449,196
1900,449,196
1901,449,195
1902,449,196
1903,449,196
1904,448,196
1905,449,196
1906,449,197
1907,449,197
1908,448,197
1909,449,196
1910,448,195
1911,448,196
1912,448,197
1913,447,196
1914,448,196
1915,448,197
1916,447,197
1917,449,196
1918,448,196
1919,448,195
1920,448,196
1921,448,196
1922,448,196
1923,448,196
1924,447,197
1925,448,197
1926,448,197
1927,446,199
1928,447,199
1929,446,199
1930,446,199
1931,446,199
1932,446,198
1933,447,198
1934,446,198
1935,447,198
1936,447,198
1937,447,198
1938,447,198
1939,447,197
1940,447,197
1941,447,197
1942,447,197
1943,447,196
1944,448,196
1945,448,196
1946,447,195
1947,448,196
1948,448,196
1949,448,194
1950,448,194
1951,448,194
1952,448,193
1953,448,193
1954,447,192
1955,447,193
1956,447,193
1957,447,193
1958,447,193
1959,448,193
1960,448,194
1961,448,193
1962,448,193
1963,448,193
1964,448,194
1965,447,194
1966,447,194
1967,445,194
1968,447,194
1969,446,194
1970,446,195
1971,448,195
1972,448,194
1973,448,195
1974,448,195
1975,448,195
1976,448,195
1977,448,195
1978,448,196
1979,447,197
1980,447,197
1981,447,197
1982,447,198
1983,447,198
1984,447,198
1985,447,197
1986,447,196
1987,447,197
1988,448,196
1989,448,196
1990,449,197
1991,448,196
1992,448,197
1993,448,195
1994,448,196
1995,448,196
1996,448,195
1997,448,195
1998,448,194
1999,448,194
2000,450,199
2001,450,198
2002,450,197
2003,449,197
2004,448,197
2005,448,197
2006,448,197
2007,448,197
2008,448,196
2009,448,195
2010,448,196
2011,448,196
2012,447,198
2013,447,198
2014,446,198
2015,447,197
2016,446,197
2017,446,198
2018,446,198
2019,447,199
2020,447,198
2021,446,199
2022,447,198
2023,448,199
2024,447,199
2025,447,199
2026,447,202
2027,447,202
2028,447,202
2029,447,202
2030,447,201
2031,447,201
2032,447,201
2033,448,204
2034,448,203
2035,448,202
2036,448,201
2037,448,201
2038,448,201
2039,448,201
2040,448,198
2041,448,198
2042,448,198
2043,447,197
2044,447,197
2045,446,197
2046,446,196
2047,447,195
2048,447,195
2049,447,195
2050,446,195
2051,448,195
2052,447,194
2053,447,195
2054,447,196
2055,447,195
2056,446,195
2057,446,196
2058,446,194
2059,445,194
2060,445,195
2061,446,196
2062,445,196
2063,445,195
2064,445,196
2065,446,195
2066,446,196
2067,445,196
2068,446,196
2069,446,195
2070,446,195
2071,446,196
2072,446,197
2073,446,197
2074,447,198
2075,448,197
2076,447,197
2077,448,198
2078,448,198
2079,448,197
2080,447,197
2081,447,197
2082,447,197
2083,447,196
2084,447,197
2085,448,197
2086,447,197
2087,448,197
2088,448,197
2089,448,197
2090,447,196
2091,447,195
2092,448,195
2093,448,195
2094,447,196
2095,447,196
2096,448,196
2097,448,195
2098,447,195
2099,446,195
2100,446,194
2101,446,194
2102,445,194
2103,445,195
2104,445,195
2105,445,196
2106,445,195
2107,445,195
2108,444,195
2109,445,195
2110,445,195
2111,445,196
2112,445,196
2113,446,195
2114,446,195
2115,446,196
2116,446,195
2117,446,196
2118,446,196
2119,447,196
2120,448,197
2121,447,197
2122,447,196
2123,448,196
2124,447,196
2125,447,196
2126,448,196
2127,448,196
2128,447,196
2129,447,195
2130,448,195
2131,448,196
2132,448,196
2133,448,195
2134,449,195
2135,448,195
2136,448,195
2137,449,195
2138,449,195
2139,449,195
2140,449,194
2141,448,194
2142,448,195
2143,448,195
2144,447,195
2145,447,195
2146,448,194
2147,448,194
2148,448,194
2149,448,194
2150,448,194
2151,447,193
2152,447,193
2153,447,194
2154,447,194
2155,447,195
2156,446,195
2157,446,194
2158,446,194
2159,446,194
2160,448,196
2161,448,196
2162,448,196
2163,448,196
2164,448,196
2165,449,197
2166,449,196
2167,448,197
2168,448,197
2169,448,197
2170,447,198
2171,447,198
2172,447,198
2173,447,198
2174,448,199
2175,448,199
2176,448,198
2177,448,198
2178,447,196
2179,448,197
2180,447,197
2181,447,196
2182,448,197
2183,448,196
2184,448,196
2185,448,197
2186,448,196
2187,448,196
2188,448,196
2189,448,195
2190,448,195
2191,448,195
2192,448,196
2193,448,195
2194,448,194
2195,447,194
2196,447,194
2197,447,194
2198,447,194
2199,447,195
2200,447,195
2201,446,195
2202,446,195
2203,445,194
2204,445,194
2205,445,196
2206,446,196
2207,445,197
2208,445,196
2209,446,197
2210,446,196
2211,446,196
2212,446,196
2213,446,197
2214,446,197
2215,446,197
2216,446,196
2217,446,196
2218,446,196
2219,446,197
2220,447,198
2221,447,198
2222,448,197
2223,448,198
2224,448,198
2225,448,198
2226,448,199
2227,448,198
2228,448,198
2229,448,198
2230,448,197
2231,449,197
2232,448,197
2233,449,197
2234,449,197
2235,449,196
2236,449,196
2237,449,196
2238,448,196
2239,448,196
2240,448,196
2241,449,196
2242,449,196
2243,448,196
2244,448,195
2245,448,195
2246,448,195
2247,448,195
2248,447,195
2249,447,196
2250,449,195
2251,448,195
2252,448,195
2253,448,195
2254,449,196
2255,448,197
2256,448,198
2257,448,197
2258,448,197
2259,448,197
2260,448,199
2261,449,199
2262,449,199
2263,449,201
2264,449,200
2265,449,201
2266,449,199
2267,449,200
2268,449,199
2269,449,201
2270,449,201
2271,449,201
2272,449,198
2273,449,200
2274,449,198
2275,450,198
2276,450,198
2277,449,198
2278,449,198
2279,449,199
2280,450,197
2281,450,197
2282,450,197
2283,450,196
2284,449,195
2285,449,195
2286,449,195
2287,449,195
2288,449,194
2289,449,195
2290,449,194
2291,450,196
2292,449,196
2293,449,196
2294,448,195
2295,449,195
2296,449,196
2297,449,196
2298,450,199
2299,450,199
2300,450,199
2301,450,200
2302,450,200
2303,450,200
2304,450,200
2305,450,201
2306,451,199
2307,451,198
2308,450,199
2309,450,199
2310,450,198
2311,450,199
2312,449,199
2313,449,199
2314,449,198
2315,449,198
2316,449,199
2317,449,198
2318,450,200
2319,450,200
2320,449,198
2321,449,198
2322,450,199
2323,449,198
2324,450,196
2325,449,196
2326,449,196
2327,450,196
2328,450,196
2329,450,196
2330,450,195
2331,450,195
2332,450,195
2333,450,195
2334,450,196
2335,450,195
2336,450,195
2337,450,194
2338,449,195
2339,449,194
2340,449,196
2341,449,195
2342,449,195
2343,449,195
2344,449,197
2345,449,197
2346,449,197
2347,448,198
2348,448,197
2349,449,197
2350,448,197
2351,448,198
2352,448,199
2353,448,198
2354,448,197
2355,448,198
2356,448,198
2357,447,199
2358,447,199
2359,447,199
2360,447,199
2361,447,199
2362,447,200
2363,447,199
2364,447,197
2365,447,197
2366,447,197
2367,447,197
2368,447,197
2369,447,197
2370,447,197
2371,447,196
2372,448,195
2373,448,196
2374,447,196
2375,448,195
2376,448,195
2377,448,195
2378,448,194
2379,447,195
2380,447,194
2381,447,195
2382,447,195
2383,448,195
2384,448,195
2385,448,195
2386,447,195
2387,447,195
2388,447,195
2389,447,195
2390,447,195
2391,447,196
2392,447,196
2393,447,196
2394,447,196
2395,447,196
2396,447,196
2397,448,196
2398,447,196
2399,448,197
2400,449,198
2401,449,198
2402,449,199
2403,449,199
2404,449,200
2405,449,201
2406,449,202
2407,449,202
2408,449,202
2409,449,202
2410,449,203
2411,449,201
2412,449,202
2413,449,201
2414,449,201
2415,449,202
2416,449,201
2417,449,201
2418,448,200
2419,448,200
2420,448,199
2421,448,199
2422,448,198
2423,448,197
2424,448,197
2425,447,196
2426,447,196
2427,447,195
2428,447,195
2429,448,195
2430,448,195
2431,448,194
2432,448,195
2433,448,195
2434,448,195
2435,448,195
2436,448,195
2437,448,196
2438,447,196
2439,446,196
2440,447,195
2441,447,195
2442,447,195
2443,447,196
2444,446,197
2445,447,197
2446,447,198
2447,447,198
2448,447,197
2449,447,198
2450,447,198
2451,448,198
2452,448,198
2453,448,197
2454,448,198
2455,448,198
2456,449,199
2457,449,199
2458,449,198
2459,449,197
2460,448,197
2461,449,197
2462,449,199
2463,449,200
2464,449,200
2465,449,199
2466,449,199
2467,449,197
2468,449,197
2469,448,197
2470,447,198
2471,448,198
2472,448,198
2473,449,196
2474,449,197
2475,449,196
2476,449,196
2477,449,196
2478,449,196
2479,448,196
2480,448,196
2481,448,195
2482,448,196
2483,447,197
2484,446,196
2485,446,196
2486,446,196
2487,446,197
2488,445,196
2489,445,196
2490,447,196
2491,447,196
2492,447,197
2493,447,197
2494,446,197
2495,447,197
2496,447,196
2497,447,196
2498,447,198
2499,447,197
2500,448,199
2501,448,200
2502,449,201
2503,449,201
2504,449,202
2505,449,202
2506,449,200
2507,449,200
2508,449,199
2509,449,200
2510,450,200
2511,449,199
2512,449,198
2513,449,198
2514,449,198
2515,445,197
2516,449,198
2517,448,195
2518,448,194
2519,448,195
2520,449,195
2521,449,195
2522,449,195
2523,448,194
2524,448,195
2525,448,195
2526,449,194
2527,447,194
2528,447,194
2529,448,194
2530,448,195
2531,446,195
2532,445,196
2533,446,196
2534,447,196
2535,447,196
2536,446,197
2537,447,197
2538,446,195
2539,447,196
2540,446,196
2541,445,195
2542,446,196
2543,447,196
2544,444,195
2545,444,195
2546,444,196
2547,444,196
2548,444,197
2549,448,198
2550,448,198
2551,449,199
2552,448,199
2553,449,200
2554,449,201
2555,450,200
2556,450,200
2557,449,200
2558,449,200
2559,449,199
2560,450,197
2561,450,196
2562,450,195
2563,449,195
2564,449,196
2565,448,195
2566,447,195
2567,448,194
2568,448,194
2569,448,194
2570,448,194
2571,447,194
2572,447,194
2573,447,195
2574,448,195
2575,447,195
2576,448,195
2577,447,195
2578,447,196
2579,446,196
2580,444,196
2581,446,197
2582,447,196
2583,447,197
2584,447,197
2585,447,196
2586,448,195
2587,448,195
2588,447,196
2589,447,197
2590,447,197
2591,447,197
2592,447,199
2593,448,197
2594,447,197
2595,448,197
2596,448,198
2597,448,197
2598,448,197
2599,449,196
2600,449,197
2601,449,197
2602,449,197
2603,449,197
2604,450,196
2605,450,196
2606,449,196
2607,450,195
2608,450,195
2609,450,194
2610,450,194
2611,450,194
2612,450,194
2613,450,194
2614,450,194
2615,450,194
2616,450,194
2617,450,194
2618,450,194
2619,450,194
2620,449,195
2621,449,195
2622,448,195
2623,449,194
2624,448,195
2625,448,195
2626,447,196
2627,447,196
2628,447,196
2629,446,198
2630,447,198
2631,448,198
2632,448,198
2633,448,197
2634,447,197
2635,447,196
2636,448,199
2637,449,198
2638,449,197
2639,449,197
2640,449,198
2641,449,198
2642,449,198
2643,449,198
2644,449,200
2645,445,197
2646,446,196
2647,449,199
2648,449,199
2649,445,198
2650,449,198
2651,449,198
2652,449,197
2653,449,198
2654,449,196
2655,448,196
2656,447,195
2657,447,195
2658,448,194
2659,449,194
2660,449,194
2661,449,194
2662,449,193
2663,449,194
2664,448,194
2665,448,194
2666,448,194
2667,448,195
2668,448,196
2669,449,195
2670,449,195
2671,448,195
2672,448,195
2673,448,196
2674,447,195
2675,448,195
2676,449,195
2677,448,195
2678,449,195
2679,448,195
2680,448,196
2681,448,196
2682,448,196
2683,449,195
2684,449,196
2685,449,198
2686,449,198
2687,449,199
2688,448,199
2689,448,200
2690,449,199
2691,448,196
2692,449,196
2693,449,196
2694,449,195
2695,448,194
2696,447,193
2697,446,194
2698,446,194
2699,444,194
2700,444,194
2701,444,194
2702,447,194
2703,447,194
2704,447,194
2705,447,194
2706,447,194
2707,447,194
2708,447,195
2709,446,195
2710,446,194
2711,446,194
2712,447,196
2713,447,195
2714,447,195
2715,447,195
2716,447,195
2717,447,195
2718,447,195
2719,448,194
2720,448,194
2721,447,194
2722,446,195
2723,447,195
2724,447,195
2725,447,195
2726,447,195
2727,447,196
2728,448,195
2729,448,195
2730,448,195
2731,448,196
2732,448,196
2733,448,196
2734,448,196
2735,448,196
2736,448,196
2737,448,196
2738,448,197
2739,448,195
2740,449,195
2741,449,196
2742,448,195
2743,448,195
2744,448,195
2745,448,195
2746,447,195
2747,447,195
2748,447,196
2749,447,195
2750,448,195
2751,447,195
2752,447,195
2753,447,194
2754,447,195
2755,446,195
2756,446,195
2757,448,195
2758,447,195
2759,448,194
2760,450,196
2761,450,196
2762,450,196
2763,450,197
2764,450,197
2765,450,198
2766,450,198
2767,450,198
2768,450,198
2769,450,198
2770,450,199
2771,449,198
2772,450,198
2773,450,199
2774,450,199
2775,449,199
2776,449,199
2777,449,199
2778,448,197
2779,448,197
2780,448,197
2781,448,196
2782,449,196
2783,449,196
2784,449,195
2785,448,195
2786,448,196
2787,447,195
2788,448,195
2789,448,194
2790,448,194
2791,448,194
2792,448,194
2793,448,195
2794,448,195
2795,448,195
2796,448,195
2797,447,195
2798,447,195
2799,448,195
2800,447,194
2801,447,194
2802,447,195
2803,446,195
2804,446,196
2805,447,196
2806,446,196
2807,446,196
2808,446,195
2809,447,196
2810,447,196
2811,447,197
2812,447,197
2813,447,197
2814,447,197
2815,448,199
2816,448,197
2817,448,197
2818,448,197
2819,448,198
2820,448,197
2821,448,197
2822,448,199
2823,448,199
2824,448,200
2825,448,200
2826,448,201
2827,449,200
2828,449,199
2829,449,199
2830,449,200
2831,449,200
2832,445,198
2833,449,199
2834,449,200
2835,449,199
2836,449,199
2837,449,198
2838,448,198
2839,448,197
2840,448,197
2841,447,196
2842,447,198
2843,447,198
2844,447,196
2845,447,196
2846,447,197
2847,447,197
2848,446,196
2849,447,197
2850,447,197
2851,446,197
2852,447,197
2853,445,198
2854,445,200
2855,445,198
2856,445,198
2857,445,198
2858,446,197
2859,444,197
2860,446,199
2861,446,200
2862,445,199
2863,445,199
2864,445,199
2865,445,198
2866,447,197
2867,447,197
2868,444,196
2869,448,198
2870,449,198
2871,448,196
2872,449,197
2873,449,197
2874,449,197
2875,448,197
2876,448,197
2877,449,195
2878,449,195
2879,449,195
2880,450,196
2881,450,196
2882,450,196
2883,450,196
2884,450,196
2885,449,195
2886,449,195
2887,450,197
2888,450,197
2889,450,197
2890,450,197
2891,449,197
2892,449,196
2893,449,197
2894,449,197
2895,450,198
2896,449,198
2897,450,200
2898,448,197
2899,448,197
2900,447,197
2901,448,197
2902,447,197
2903,448,197
2904,447,199
2905,447,199
2906,448,199
2907,448,200
2908,448,200
2909,449,200
2910,449,199
2911,449,200
2912,449,200
2913,449,200
2914,449,197
2915,449,197
2916,449,196
2917,449,196
2918,449,197
2919,449,195
2920,449,194
2921,449,194
2922,449,195
2923,449,195
2924,449,194
2925,448,194
2926,449,194
2927,449,194
2928,449,194
2929,449,194
2930,449,193
2931,449,194
2932,449,194
2933,449,194
2934,448,194
2935,448,195
2936,449,196
2937,449,195
2938,448,195
2939,448,196
2940,448,197
2941,448,197
2942,447,197
2943,447,197
2944,445,197
2945,446,197
2946,447,198
2947,446,199
2948,446,199
2949,447,199
2950,447,201
2951,446,199
2952,447,201
2953,445,202
2954,446,202
2955,446,202
2956,446,199
2957,446,200
2958,446,201
2959,446,201
2960,446,201
2961,446,199
2962,446,199
2963,446,198
2964,448,198
2965,448,198
2966,448,198
2967,448,199
2968,448,198
2969,448,197
2970,448,196
2971,447,197
2972,447,197
2973,447,197
2974,447,197
2975,449,196
2976,449,195
2977,449,195
2978,449,195
2979,448,195
2980,448,195
2981,448,196
2982,449,196
2983,448,197
2984,448,196
2985,448,196
2986,447,198
2987,447,198
2988,447,198
2989,449,198
2990,449,199
2991,449,199
2992,448,198
2993,448,198
2994,448,198
2995,447,197
2996,448,198
2997,448,200
2998,445,197
2999,445,197
3000,445,193
3001,445,193
3002,450,193
3003,450,194
3004,450,194
3005,450,194
3006,450,193
3007,450,194
3008,451,194
3009,450,193
3010,451,193
3011,450,193
3012,450,193
3013,449,193
3014,450,193
3015,449,193
3016,449,193
3017,450,193
3018,450,195
3019,450,195
3020,450,195
3021,449,195
3022,449,196
3023,448,196
3024,449,196
3025,448,196
3026,448,196
3027,448,196
3028,448,198
3029,449,197
3030,449,196
3031,449,196
3032,448,196
3033,448,196
3034,448,197
3035,448,197
3036,448,197
3037,447,196
3038,447,196
3039,447,196
3040,448,197
3041,448,197
3042,447,197
3043,448,197
3044,448,197
3045,444,196
3046,448,197
3047,449,197
3048,449,198
3049,449,198
3050,449,196
3051,448,195
3052,448,195
3053,448,195
3054,448,195
3055,447,195
3056,447,195
3057,446,195
3058,447,195
3059,448,195
3060,447,195
3061,447,196
3062,448,195
3063,448,195
3064,448,195
3065,448,195
3066,448,195
3067,447,195
3068,447,195
3069,448,195
3070,447,195
3071,447,196
3072,447,196
3073,448,194
3074,448,194
3075,448,194
3076,448,195
3077,448,195
3078,449,195
3079,448,194
3080,449,196
3081,448,196
3082,448,196
3083,449,197
3084,449,198
3085,449,197
3086,448,198
3087,449,198
3088,449,197
3089,450,196
3090,449,195
3091,450,197
3092,450,198
3093,449,197
3094,449,197
3095,448,196
3096,444,195
3097,447,196
3098,447,195
3099,446,195
3100,447,196
3101,448,195
3102,448,195
3103,449,195
3104,448,196
3105,446,196
3106,445,195
3107,445,195
3108,445,196
3109,445,196
3110,445,195
3111,445,195
3112,444,195
3113,444,196
3114,445,195
3115,445,195
3116,445,195
3117,447,196
3118,447,195
3119,448,195
3120,450,198
3121,450,198
3122,450,198
3123,450,198
3124,450,199
3125,450,201
3126,450,200
3127,449,203
3128,449,203
3129,449,202
3130,448,202
3131,448,202
3132,449,202
3133,449,203
3134,449,200
3135,449,201
3136,450,201
3137,449,201
3138,450,197
3139,450,197
3140,450,197
3141,449,197
3142,449,197
3143,449,196
3144,449,195
3145,449,195
3146,449,194
3147,449,195
3148,449,194
3149,448,193
3150,449,194
3151,449,193
3152,450,194
3153,449,195
3154,449,194
3155,448,195
3156,448,195
3157,448,195
3158,449,195
3159,449,195
3160,446,195
3161,446,195
3162,446,195
3163,447,198
3164,447,198
3165,447,199
3166,447,199
3167,447,199
3168,447,201
3169,447,200
3170,448,200
3171,448,200
3172,448,199
3173,448,199
3174,448,198
3175,448,199
3176,448,200
3177,448,197
3178,448,198
3179,448,195
3180,449,198
3181,449,199
3182,447,195
3183,448,195
3184,448,196
3185,448,196
3186,448,196
3187,448,196
3188,448,195
3189,449,195
3190,448,195
3191,449,194
3192,448,193
3193,449,195
3194,449,195
3195,449,195
3196,450,196
3197,449,196
3198,449,196
3199,449,196
3200,449,194
3201,448,194
3202,449,194
3203,449,194
3204,449,197
3205,449,197
3206,449,197
3207,449,196
3208,449,197
3209,449,196
3210,449,197
3211,449,197
3212,449,197
3213,449,198
3214,449,197
3215,449,199
3216,449,200
3217,449,201
3218,449,200
3219,449,202
3220,449,202
3221,450,203
3222,450,203
3223,450,202
3224,451,202
3225,450,202
3226,449,200
3227,449,199
3228,449,199
3229,449,200
3230,448,199
3231,448,199
3232,447,198
3233,448,197
3234,447,196
3235,447,196
3236,447,196
3237,448,195
3238,448,195
3239,448,195
3240,448,195
3241,448,195
3242,448,195
3243,447,194
3244,447,194
3245,447,195
3246,447,195
3247,446,195
3248,446,194
3249,446,196
3250,447,195
3251,447,196
3252,448,196
3253,449,197
3254,449,196
3255,448,198
3256,448,198
3257,448,198
3258,448,197
3259,448,197
3260,448,197
3261,447,199
3262,448,199
3263,447,198
3264,448,198
3265,448,198
3266,445,197
3267,445,197
3268,448,198
3269,448,196
3270,448,196
3271,449,196
3272,448,195
3273,449,195
3274,448,195
3275,449,196
3276,448,196
3277,449,198
3278,449,196
3279,448,196
3280,449,195
3281,449,195
3282,449,195
3283,448,195
3284,447,195
3285,447,194
3286,447,194
3287,447,194
3288,447,197
3289,446,197
3290,446,196
3291,448,196
3292,448,196
3293,448,196
3294,448,197
3295,448,198
3296,448,197
3297,448,196
3298,448,196
3299,448,197
3300,449,198
3301,449,198
3302,449,196
3303,449,196
3304,450,197
3305,450,196
3306,450,197
3307,450,197
3308,450,196
3309,450,196
3310,450,196
3311,450,195
3312,450,195
3313,450,195
3314,450,195
3315,449,195
3316,449,195
3317,449,194
3318,449,194
3319,449,194
3320,449,194
3321,449,194
3322,449,195
3323,449,194
3324,448,195
3325,448,195
3326,448,194
3327,449,195
3328,449,195
3329,449,194
3330,449,195
3331,448,195
3332,448,195
3333,448,196
3334,448,196
3335,448,194
3336,448,194
3337,448,194
3338,448,196
3339,448,197
3340,449,197
3341,449,198
3342,449,197
3343,448,197
3344,448,198
3345,449,198
3346,448,198
3347,448,198
3348,448,198
3349,448,198
3350,447,198
3351,448,198
3352,448,197
3353,448,196
3354,448,196
3355,448,196
3356,448,196
3357,448,196
3358,449,195
3359,449,195
3360,450,195
3361,450,195
3362,450,196
3363,450,195
3364,449,197
3365,449,196
3366,449,196
3367,447,194
3368,447,194
3369,447,195
3370,447,195
3371,446,195
3372,446,194
3373,446,194
3374,446,198
3375,445,198
3376,445,197
3377,446,197
3378,446,196
3379,446,196
3380,446,197
3381,447,197
3382,446,196
3383,447,196
3384,447,198
3385,447,197
3386,447,197
3387,444,195
3388,444,195
3389,448,198
3390,447,198
3391,447,198
3392,447,198
3393,448,198
3394,448,198
3395,448,198
3396,445,197
3397,447,198
3398,448,197
3399,448,200
3400,450,199
3401,450,199
3402,449,199
3403,450,198
3404,449,196
3405,449,196
3406,449,195
3407,448,195
3408,449,195
3409,449,195
3410,449,195
3411,449,195
3412,444,194
3413,444,194
3414,449,196
3415,449,194
3416,448,195
3417,448,195
3418,449,196
3419,449,197
3420,449,198
3421,449,197
3422,449,198
3423,450,198
3424,450,198
3425,450,199
3426,450,198
3427,450,198
3428,450,198
3429,450,197
3430,450,199
3431,445,196
3432,445,196
3433,445,196
3434,445,196
3435,445,197
3436,449,201
3437,449,200
3438,449,199
3439,446,196
3440,449,198
3441,446,197
3442,449,199
3443,449,200
3444,449,198
3445,449,198
3446,449,197
3447,448,196
3448,448,195
3449,448,196
3450,448,197
3451,448,196
3452,448,195
3453,448,193
3454,448,193
3455,448,194
3456,448,194
3457,448,195
3458,449,194
3459,448,193
3460,448,196
3461,448,195
3462,447,195
3463,447,197
3464,446,195
3465,447,195
3466,447,200
3467,447,200
3468,447,200
3469,447,197
3470,447,196
3471,447,197
3472,448,196
3473,447,196
3474,447,196
3475,447,197
3476,448,197
3477,448,196
3478,448,196
3479,448,196
3480,448,198
3481,448,198
3482,448,197
3483,448,199
3484,448,199
3485,449,198
3486,449,199
3487,450,199
3488,450,199
3489,450,200
3490,445,197
3491,449,198
3492,448,197
3493,448,198
3494,447,197
3495,447,196
3496,447,197
3497,447,196
3498,447,195
3499,447,195
3500,448,194
3501,447,194
3502,448,194
3503,447,194
3504,447,194
3505,447,194
3506,446,196
3507,446,195
3508,446,195
3509,446,195
3510,446,195
3511,447,194
3512,446,194
3513,447,196
3514,448,196
3515,448,195
3516,448,195
3517,447,196
3518,447,195
3519,447,196
3520,448,199
3521,448,199
3522,448,199
3523,447,199
3524,447,199
3525,448,198
3526,448,198
3527,449,198
3528,449,197
3529,449,196
3530,449,197
3531,449,197
3532,449,197
3533,449,197
3534,449,196
3535,448,196
3536,448,196
3537,448,195
3538,448,195
3539,448,195
3540,448,195
3541,448,195
3542,448,196
3543,448,196
3544,448,196
3545,448,195
3546,447,195
3547,447,195
3548,447,195
3549,446,196
3550,445,196
3551,445,196
3552,446,196
3553,447,196
3554,447,196
3555,447,197
3556,447,196
3557,447,197
3558,448,197
3559,448,197
3560,448,197
3561,448,198
3562,448,198
3563,448,198
3564,449,198
3565,449,197
3566,449,197
3567,449,197
3568,449,197
3569,448,197
3570,449,197
3571,449,196
3572,449,197
3573,449,196
3574,449,196
3575,450,194
3576,450,194
3577,450,195
3578,450,195
3579,450,195
3580,450,195
3581,449,195
3582,449,196
3583,449,196
3584,449,195
3585,449,195
3586,448,194
3587,448,194
3588,449,194
3589,449,194
3590,448,194
3591,448,195
3592,448,194
3593,448,194
3594,448,195
3595,448,195
3596,448,195
3597,449,195
3598,448,195
3599,448,195
3600,450,195
3601,450,195
3602,450,195
3603,450,196
3604,450,197
3605,450,197
3606,450,198
3607,449,199
3608,449,199
3609,449,200
3610,449,201
3611,445,199
3612,449,201
3613,449,201
3614,449,201
3615,449,202
3616,448,201
3617,448,201
3618,449,200
3619,449,200
3620,450,200
3621,450,200
3622,450,198
3623,449,197
3624,449,196
3625,450,197
3626,450,198
3627,448,198
3628,448,198
3629,449,198
3630,449,197
3631,449,197
3632,449,196
3633,448,196
3634,448,196
3635,447,196
3636,447,196
3637,447,196
3638,447,196
3639,445,195
3640,446,197
3641,446,197
3642,446,197
3643,445,197
3644,446,197
3645,446,197
3646,446,197
3647,446,197
3648,447,197
3649,446,199
3650,446,198
3651,444,198
3652,444,198
3653,444,198
3654,444,198
3655,444,198
3656,444,198
3657,444,199
3658,444,199
3659,445,199
3660,444,198
3661,444,198
3662,445,199
3663,445,199
3664,445,199
3665,449,199
3666,449,198
3667,448,198
3668,447,197
3669,447,197
3670,447,197
3671,447,197
3672,446,197
3673,449,197
3674,449,197
3675,448,196
3676,448,195
3677,448,195
3678,448,196
3679,447,196
3680,447,196
3681,447,196
3682,448,196
3683,448,196
3684,448,197
3685,448,197
3686,448,198
3687,448,199
3688,448,199
3689,449,198
3690,449,198
3691,449,198
3692,449,197
3693,449,198
3694,449,199
3695,450,200
3696,450,200
3697,450,201
3698,450,200
3699,450,201
3700,450,201
3701,450,201
3702,451,202
3703,451,201
3704,451,200
3705,451,201
3706,451,199
3707,451,199
3708,451,199
3709,451,200
3710,451,198
3711,451,199
3712,450,199
3713,450,198
3714,449,197
3715,449,198
3716,449,198
3717,450,198
3718,450,198
3719,450,197
3720,448,197
3721,448,197
3722,448,196
3723,448,196
3724,448,197
3725,448,196
3726,449,196
3727,449,193
3728,450,190
3729,448,191
3730,448,192
3731,450,192
3732,448,190
3733,441,190
3734,442,195
3735,438,192
3736,438,193
3737,442,193
3738,443,193
3739,443,193
3740,443,193
3741,443,194
3742,443,195
3743,443,194
3744,443,195
3745,443,195
3746,443,195
3747,444,195
3748,442,194
3749,442,194
3750,443,196
3751,443,196
3752,442,196
3753,443,196
3754,443,197
3755,446,199
3756,445,201
3757,446,201
3758,446,201
3759,446,200
3760,445,199
3761,444,200
3762,445,198
3763,448,196
3764,444,200
3765,444,200
3766,449,200
3767,447,201
3768,444,204
3769,444,204
3770,445,206
3771,444,208
3772,445,208
3773,445,207
3774,445,208
3775,446,207
3776,446,206
3777,447,206
3778,446,202
3779,446,202
3780,447,202
3781,447,203
3782,448,202
3783,447,202
3784,446,201
3785,446,200
3786,446,201
3787,446,201
3788,447,200
3789,447,200
3790,446,201
3791,447,201
3792,446,201
3793,446,200
3794,447,200
3795,447,201
3796,447,201
3797,447,201
3798,448,202
3799,447,202
3800,447,202
3801,448,202
3802,447,202
3803,447,202
3804,447,201
3805,447,201
3806,447,202
3807,447,202
3808,447,202
3809,446,202
3810,446,202
3811,446,202
3812,446,202
3813,445,202
3814,446,202
3815,445,203
3816,445,203
3817,445,202
3818,446,203
3819,446,202
3820,445,203
3821,445,203
3822,445,203
3823,445,203
3824,445,203
3825,446,203
3826,446,203
3827,446,203
3828,446,203
3829,446,203
3830,447,203
3831,445,203
3832,445,203
3833,446,202
3834,446,202
3835,447,202
3836,446,202
3837,447,202
3838,447,202
3839,447,202
3840,446,202
3841,446,202
3842,446,202
3843,446,202
3844,446,202
3845,445,202
3846,444,202
3847,444,202
3848,444,202
3849,444,201
3850,445,201
3851,445,202
3852,444,202
3853,444,202
3854,443,202
3855,443,202
3856,443,202
3857,443,202
3858,443,201
3859,443,202
3860,443,202
3861,443,202
3862,443,202
3863,442,203
3864,442,202
3865,443,202
3866,443,202
3867,442,202
3868,443,202
3869,443,202
3870,443,202
3871,442,202
3872,443,202
3873,443,203
3874,443,203
3875,443,203
3876,444,203
3877,444,203
3878,444,203
3879,444,203
3880,445,203
3881,445,203
3882,445,203
3883,445,203
3884,445,202
3885,445,202
3886,445,202
3887,444,202
3888,444,201
3889,445,202
3890,445,201
3891,446,202
3892,446,202
3893,445,202
3894,446,202
3895,446,202
3896,446,202
3897,446,202
3898,453,204
3899,446,202
3900,452,204
3901,446,203
3902,444,203
3903,444,202
3904,444,203
3905,444,203
3906,444,204
3907,444,204
3908,444,204
3909,444,203
3910,444,204
3911,445,204
3912,444,204
3913,445,203
3914,445,203
3915,445,203
3916,444,203
3917,444,203
3918,445,203
3919,445,203
3920,445,203
3921,445,202
3922,446,203
3923,446,203
3924,444,203
3925,445,203
3926,445,203
3927,445,204
3928,446,203
3929,446,203
3930,446,202
3931,445,202
3932,446,202
3933,445,202
3934,445,202
3935,446,202
3936,446,202
3937,446,202
3938,445,201
3939,445,201
3940,445,202
3941,444,202
3942,444,202
3943,443,201
3944,443,202
3945,443,202
3946,443,201
3947,443,201
3948,443,202
3949,443,201
3950,444,202
3951,443,202
3952,444,202
3953,443,202
3954,443,202
3955,444,202
3956,443,203
3957,444,203
3958,444,203
3959,443,203
3960,445,203
3961,445,203
3962,445,203
3963,446,204
3964,445,203
3965,445,203
3966,445,203
3967,445,202
3968,444,202
3969,444,202
3970,444,202
3971,445,202
3972,445,202
3973,445,202
3974,445,201
3975,445,201
3976,445,202
3977,445,201
3978,445,201
3979,445,201
3980,445,201
3981,445,201
3982,445,201
3983,444,201
3984,443,201
3985,445,201
3986,445,201
3987,444,201
3988,444,201
3989,445,201
3990,445,201
3991,445,201
3992,444,201
3993,444,201
3994,444,201
3995,444,201
3996,444,202
3997,443,202
3998,443,202
3999,443,202
4000,443,202
4001,443,202
4002,443,202
4003,443,202
4004,443,202
4005,443,202
4006,443,202
4007,443,203
4008,444,203
4009,444,202
4010,444,202
4011,444,203
4012,445,204
4013,444,204
4014,444,203
4015,444,203
4016,444,203
4017,444,202
4018,444,202
4019,445,202
4020,445,202
4021,445,202
4022,445,202
4023,445,202
4024,445,202
4025,445,201
4026,446,201
4027,446,201
4028,446,201
4029,446,201
4030,446,201
4031,446,201
4032,445,201
4033,445,201
4034,445,201
4035,445,201
4036,444,201
4037,445,201
4038,444,201
4039,444,201
4040,444,202
4041,443,202
4042,443,202
4043,444,202
4044,445,202
4045,444,202
4046,444,202
4047,447,205
4048,444,203
4049,444,203
4050,444,203
4051,444,203
4052,445,203
4053,444,202
4054,445,203
4055,444,202
4056,444,203
4057,444,203
4058,445,203
4059,444,202
4060,444,203
4061,444,202
4062,445,202
4063,445,202
4064,446,202
4065,445,201
4066,445,201
4067,445,201
4068,446,201
4069,446,201
4070,445,200
4071,445,201
4072,445,200
4073,445,200
4074,445,201
4075,445,201
4076,445,201
4077,445,201
4078,445,201
4079,445,201
4080,446,202
4081,446,202
4082,446,202
4083,446,202
4084,446,203
4085,446,202
4086,446,202
4087,446,202
4088,446,202
4089,445,201
4090,445,201
4091,444,201
4092,445,201
4093,445,201
4094,444,201
4095,444,201
4096,444,201
4097,444,201
4098,445,202
4099,445,201
4100,445,201
4101,445,202
4102,445,202
4103,445,202
4104,445,202
4105,445,202
4106,445,202
4107,446,203
4108,446,202
4109,446,202
4110,446,202
4111,446,202
4112,446,202
4113,446,202
4114,446,203
4115,446,202
4116,446,203
4117,446,202
4118,446,202
4119,446,202
4120,446,201
4121,446,201
4122,445,201
4123,446,201
4124,446,201
4125,445,201
4126,444,201
4127,444,201
4128,444,202
4129,445,201
4130,443,200
4131,445,201
4132,445,201
4133,445,201
4134,446,202
4135,445,202
4136,444,202
4137,444,202
4138,445,202
4139,445,202
4140,444,202
4141,444,202
4142,444,202
4143,444,202
4144,444,202
4145,444,202
4146,444,202
4147,444,202
4148,445,202
4149,444,202
4150,445,202
4151,445,202
4152,445,201
4153,447,202
4154,446,202
4155,447,202
4156,446,202
4157,446,201
4158,446,202
4159,447,202
4160,446,202
4161,447,202
4162,447,202
4163,447,202
4164,448,202
4165,448,201
4166,448,201
4167,447,201
4168,447,201
4169,447,202
4170,446,201
4171,447,201
4172,447,200
4173,447,200
4174,447,200
4175,452,203
4176,446,200
4177,452,203
4178,446,200
4179,445,200
4180,445,201
4181,445,201
4182,446,202
4183,446,202
4184,446,202
4185,451,205
4186,445,202
4187,445,202
4188,445,202
4189,445,202
4190,450,204
4191,444,202
4192,445,202
4193,445,202
4194,445,202
4195,446,202
4196,445,202
4197,446,203
4198,446,203
4199,447,203
4200,447,202
4201,447,202
4202,447,202
4203,447,201
4204,448,202
4205,447,202
4206,447,202
4207,447,201
4208,447,201
4209,447,200
4210,448,201
4211,448,201
4212,448,201
4213,449,200
4214,449,200
4215,448,200
4216,447,200
4217,447,201
4218,446,201
4219,446,201
4220,446,201
4221,445,201
4222,445,200
4223,445,200
4224,445,200
4225,445,200
4226,444,201
4227,444,201
4228,444,200
4229,443,201
4230,443,201
4231,443,201
4232,444,200
4233,443,201
4234,443,201
4235,443,201
4236,443,201
4237,443,201
4238,443,202
4239,443,201
4240,444,202
4241,444,202
4242,445,202
4243,446,202
4244,446,202
4245,446,203
4246,446,203
4247,446,203
4248,445,202
4249,445,202
4250,446,202
4251,448,201
4252,448,201
4253,448,201
4254,448,201
4255,449,201
4256,449,200
4257,448,201
4258,448,201
4259,448,200
4260,448,200
4261,448,200
4262,446,200
4263,446,200
4264,447,200
4265,447,199
4266,448,200
4267,448,200
4268,448,200
4269,448,200
4270,447,200
4271,447,200
4272,447,200
4273,446,201
4274,446,201
4275,446,201
4276,446,200
4277,446,201
4278,445,202
4279,445,201
4280,445,201
4281,445,201
4282,445,201
4283,446,203
4284,445,201
4285,445,201
4286,445,201
4287,445,201
4288,445,201
4289,445,201
4290,445,201
4291,446,202
4292,446,202
4293,445,202
4294,446,202
4295,446,202
4296,446,202
4297,446,202
4298,446,201
4299,447,201
4300,447,201
4301,447,201
4302,448,201
4303,448,201
4304,448,201
4305,448,201
4306,448,200
4307,448,200
4308,448,200
4309,447,200
4310,448,200
4311,448,200
4312,448,200
4313,448,200
4314,448,199
4315,447,199
4316,448,200
4317,447,199
4318,447,199
4319,447,199
4320,446,201
4321,446,201
4322,446,201
4323,446,201
4324,445,201
4325,445,201
4326,444,201
4327,445,201
4328,445,201
4329,445,201
4330,445,201
4331,445,202
4332,445,202
4333,444,202
4334,444,202
4335,444,202
4336,445,202
4337,445,201
4338,446,202
4339,446,202
4340,446,203
4341,445,203
4342,445,202
4343,445,202
4344,445,202
4345,445,202
4346,445,203
4347,445,203
4348,446,203
4349,445,202
4350,445,202
4351,445,202
4352,445,203
4353,446,202
4354,446,202
4355,447,202
4356,447,203
4357,447,203
4358,447,203
4359,447,203
4360,446,202
4361,446,202
4362,447,202
4363,446,201
4364,446,201
4365,446,200
4366,446,200
4367,446,200
4368,446,201
4369,446,200
4370,446,200
4371,445,200
4372,445,200
4373,445,200
4374,445,199
4375,444,199
4376,445,200
4377,446,200
4378,445,200
4379,445,200
4380,446,200
4381,446,200
4382,445,200
4383,445,200
4384,445,200
4385,445,202
4386,445,201
4387,444,201
4388,445,202
4389,445,202
4390,445,202
4391,445,202
4392,444,202
4393,444,201
4394,444,201
4395,445,201
4396,444,201
4397,444,201
4398,444,201
4399,444,201
4400,443,201
4401,444,200
4402,444,201
4403,444,201
4404,445,201
4405,445,201
4406,445,201
4407,445,200
4408,445,200
4409,445,200
4410,446,200
4411,445,200
4412,446,200
4413,446,200
4414,446,200
4415,445,200
4416,445,200
4417,446,201
4418,446,200
4419,446,201
4420,445,201
4421,445,201
4422,445,201
4423,446,200
4424,445,200
4425,444,203
4426,435,202
4427,429,203
4428,425,201
4429,431,198
4430,426,196
4431,425,196
4432,427,194
4433,430,194
4434,429,196
4435,429,197
4436,427,195
4437,428,194
4438,427,193
4439,427,193
4440,428,192
4441,428,193
4442,428,193
4443,428,194
4444,429,194
4445,429,194
4446,428,193
4447,428,192
4448,428,192
4449,429,193
4450,430,192
4451,430,192
4452,433,192
4453,433,192
4454,434,192
4455,434,192
4456,433,192
4457,437,192
4458,437,192
4459,437,192
4460,436,192
4461,436,192
4462,436,192
4463,436,192
4464,437,192
4465,436,193
4466,436,193
4467,436,192
4468,436,192
4469,436,192
4470,436,192
4471,435,192
4472,435,192
4473,435,193
4474,435,192
4475,435,192
4476,435,192
4477,435,192
4478,435,192
4479,434,192
4480,434,191
4481,432,192
4482,428,193
4483,428,191
4484,428,190
4485,427,190
4486,429,189
4487,432,189
4488,432,188
4489,440,187
4490,441,185
4491,440,184
4492,442,184
4493,442,183
4494,441,183
4495,441,183
4496,431,183
4497,440,184
4498,440,182
4499,439,184
4500,439,182
4501,440,181
4502,439,181
4503,438,181
4504,438,182
4505,435,184
4506,436,185
4507,437,186
4508,435,186
4509,437,185
4510,436,185
4511,431,187
4512,436,187
4513,436,188
4514,436,188
4515,437,189
4516,438,189
4517,439,188
4518,438,188
4519,435,188
4520,434,189
4521,434,189
4522,429,188
4523,431,186
4524,433,186
4525,435,186
4526,435,184
4527,438,183
4528,434,183
4529,442,183
4530,441,184
4531,440,184
4532,441,184
4533,441,185
4534,442,185
4535,439,185
4536,440,187
4537,438,187
4538,438,187
4539,437,188
4540,438,188
4541,438,188
4542,438,188
4543,439,188
4544,439,188
4545,438,188
4546,440,188
4547,440,188
4548,440,188
4549,440,188
4550,440,189
4551,441,189
4552,440,189
4553,439,188
4554,438,188
4555,439,188
4556,442,188
4557,446,188
4558,450,189
4559,444,189
4560,442,187
4561,444,186
4562,443,184
4563,435,184
4564,436,183
4565,433,183
4566,431,183
4567,433,182
4568,433,182
4569,433,182
4570,433,182
4571,435,183
4572,433,182
4573,436,182
4574,437,182
4575,436,182
4576,440,183
4577,443,182
4578,445,182
4579,443,182
4580,444,182
4581,444,182
4582,446,183
4583,446,183
4584,445,183
4585,447,183
4586,444,184
4587,442,184
4588,442,184
4589,445,184
4590,446,185
4591,448,185
4592,446,186
4593,447,186
4594,447,186
4595,447,186
4596,447,186
4597,447,186
4598,447,187
4599,447,187
4600,447,187
4601,448,186
4602,447,187
4603,447,186
4604,447,186
4605,446,186
4606,446,186
4607,447,187
4608,447,187
4609,447,187
4610,447,187
4611,447,187
4612,447,187
4613,447,187
4614,447,187
4615,446,187
4616,446,187
4617,446,187
4618,448,187
4619,448,187
4620,448,187
4621,449,187
4622,449,187
4623,449,187
4624,448,187
4625,448,187
4626,448,187
4627,448,187
4628,448,187
4629,447,187
4630,447,187
4631,447,187
4632,447,188
4633,450,187
4634,449,188
4635,451,188
4636,454,186
4637,457,183
4638,453,179
4639,458,178
4640,459,179
4641,458,189
4642,460,190
4643,458,189
4644,454,187
4645,460,185
4646,461,189
4647,461,190
4648,464,190
4649,464,190
4650,463,189
4651,461,190
4652,462,190
4653,464,189
4654,462,188
4655,466,188
4656,464,188
4657,468,188
4658,468,189
4659,468,189
4660,469,189
4661,468,188
4662,470,189
4663,470,190
4664,470,189
4665,468,190
4666,467,191
4667,470,191
4668,469,193
4669,470,195
4670,470,196
4671,471,196
4672,471,196
4673,470,196
4674,470,194
4675,469,193
4676,469,193
4677,471,192
4678,472,193
4679,472,193
4680,475,192
4681,476,191
4682,476,191
4683,477,190
4684,476,189
4685,476,189
4686,478,188
4687,477,189
4688,476,189
4689,477,190
4690,477,192
4691,479,192
4692,478,193
4693,478,193
4694,479,195
4695,481,196
4696,479,197
4697,481,201
4698,480,201
4699,481,202
4700,480,201
4701,480,201
4702,480,201
4703,480,202
4704,480,205
4705,479,206
4706,480,207
4707,476,207
4708,477,207
4709,476,206
4710,475,206
4711,475,206
4712,471,206
4713,472,206
4714,475,206
4715,478,206
4716,480,205
4717,473,205
4718,480,206
4719,480,206
4720,480,206
4721,478,206
4722,478,205
4723,480,205
4724,470,206
4725,469,206
4726,468,205
4727,467,202
4728,465,202
4729,469,202
4730,468,200
4731,482,176
4732,482,168
4733,480,170
4734,473,199
4735,474,201
4736,478,202
4737,480,161
4738,479,166
4739,479,169
4740,478,170
4741,481,162
4742,480,156
4743,480,157
4744,480,161
4745,478,168
4746,479,167
4747,480,164
4748,481,162
4749,479,159
4750,482,162
4751,481,200
4752,483,199
4753,484,199
4754,483,202
4755,481,203
4756,482,203
4757,484,202
4758,482,169
4759,485,202
4760,483,203
4761,483,203
4762,482,203
4763,483,202
4764,483,203
4765,480,170
4766,480,186
4767,481,199
4768,481,199
4769,480,199
4770,479,190
4771,479,170
4772,482,199
4773,479,158
4774,480,188
4775,480,178
4776,482,201
4777,479,178
4778,481,200
4779,482,201
4780,482,201
4781,482,200
4782,481,164
4783,482,201
4784,482,178
4785,483,202
4786,483,201
4787,483,201
4788,481,166
4789,482,167
4790,481,165
4791,481,166
4792,482,182
4793,482,185
4794,482,180
4795,483,166
4796,482,167
4797,482,171
4798,482,184
4799,482,194
4800,482,164
4801,481,169
4802,481,166
4803,482,169
4804,483,202
4805,483,203
4806,484,202
4807,483,170
4808,484,169
4809,484,169
4810,482,171
4811,483,202
4812,482,201
4813,483,201
4814,483,201
4815,481,179
4816,483,200
4817,481,171
4818,482,166
4819,482,174
4820,481,159
4821,482,165
4822,481,167
4823,481,168
4824,481,167
4825,481,164
4826,482,174
4827,482,167
4828,482,165
4829,481,171
4830,482,188
4831,481,168
4832,483,206
4833,484,206
4834,485,204
4835,484,172
4836,484,169
4837,484,168
4838,484,166
4839,483,166
4840,482,165
4841,481,168
4842,480,167
4843,481,169
4844,481,209
4845,482,205
4846,480,170
4847,480,191
4848,479,172
4849,479,172
4850,478,171
4851,478,205
4852,480,207
4853,479,207
4854,478,209
4855,477,208
4856,479,208
4857,479,199
4858,479,200
4859,477,173
4860,479,193
4861,476,173
4862,478,186
4863,478,206
4864,480,207
4865,479,207
4866,479,208
4867,478,206
4868,478,207
4869,479,207
4870,479,199
4871,479,198
4872,479,184
4873,479,196
4874,479,196
4875,479,182
4876,479,185
4877,479,207
4878,479,205
4879,478,207
4880,478,196
4881,478,200
4882,479,204
4883,478,199
4884,478,200
4885,476,208
4886,475,205
4887,477,195
4888,477,193
4889,477,198
4890,477,197
4891,477,190
4892,477,186
4893,477,186
4894,477,190
4895,477,191
4896,476,191
4897,477,188
4898,477,190
4899,477,189
4900,477,185
4901,477,200
4902,477,205
4903,480,210
4904,481,210
4905,484,208
4906,481,210
4907,481,210
4908,481,210
4909,481,210
4910,484,208
4911,484,208
4912,485,207
4913,484,209
4914,485,208
4915,485,208
4916,485,208
4917,481,209
4918,483,210
4919,483,211
4920,479,212
4921,479,213
4922,478,210
4923,477,212
4924,477,213
4925,479,213
4926,477,212
4927,473,210
4928,470,210
4929,472,209
4930,473,207
4931,473,205
4932,473,204
4933,473,204
4934,471,202
4935,471,198
4936,467,153
4937,469,198
4938,469,197
4939,469,197
4940,470,197
4941,469,200
4942,465,202
4943,467,203
4944,467,203
4945,468,203
4946,466,202
4947,468,203
4948,468,203
4949,467,203
4950,467,203
4951,468,203
4952,466,204
4953,463,208
4954,463,208
4955,464,208
4956,463,208
4957,464,209
4958,465,209
4959,464,209
4960,465,209
4961,465,209
4962,466,209
4963,464,209
4964,465,209
4965,465,210
4966,464,210
4967,467,210
4968,466,210
4969,467,211
4970,466,211
4971,465,211
4972,465,211
4973,466,211
4974,466,211
4975,466,212
4976,466,212
4977,464,212
4978,464,212
4979,464,212
4980,463,212
4981,464,212
4982,464,212
4983,464,212
4984,464,212
4985,464,212
4986,465,212
4987,466,212
4988,466,212
4989,466,212
4990,467,212
4991,470,212
4992,469,212
4993,469,212
4994,466,212
4995,466,212
4996,466,213
4997,466,213
4998,467,213
4999,468,213
5000,467,213
5001,465,213
5002,471,212
5003,470,211
5004,471,210
5005,471,211
5006,471,211
5007,471,211
5008,471,210
5009,472,210
5010,470,209
5011,469,209
5012,467,206
5013,466,207
5014,466,206
5015,468,205
5016,470,205
5017,470,205
5018,470,205
5019,474,203
5020,472,202
5021,473,201
5022,472,202
5023,472,203
5024,472,204
5025,475,203
5026,474,204
5027,475,202
5028,474,202
5029,472,201
5030,471,201
5031,470,201
5032,472,201
5033,476,200
5034,475,200
5035,476,199
5036,475,199
5037,474,199
5038,476,198
5039,473,201
5040,473,199
5041,472,200
5042,475,199
5043,471,200
5044,471,203
5045,476,207
5046,471,207
5047,461,208
5048,465,207
5049,466,207
5050,465,208
5051,472,209
5052,474,208
5053,473,205
5054,473,203
5055,471,204
5056,470,204
5057,471,204
5058,472,205
5059,472,204
5060,472,203
5061,467,205
5062,468,203
5063,468,203
5064,470,204
5065,470,204
5066,468,203
5067,469,204
5068,465,203
5069,469,204
5070,468,204
5071,468,203
5072,470,203
5073,469,204
5074,470,202
5075,471,202
5076,471,202
5077,471,202
5078,471,203
5079,470,204
5080,469,204
5081,467,205
5082,467,205
5083,468,206
5084,467,206
5085,467,205
5086,467,205
5087,469,204
5088,469,204
5089,469,205
5090,467,205
5091,468,206
5092,467,206
5093,470,207
5094,469,207
5095,468,205
5096,467,205
5097,466,204
5098,466,204
5099,467,204
5100,467,204
5101,467,204
5102,467,204
5103,467,204
5104,468,204
5105,467,207
5106,467,204
5107,467,204
5108,468,204
5109,467,204
5110,468,204
5111,468,206
5112,467,206
5113,468,206
5114,469,206
5115,468,204
5116,469,203
5117,464,203
5118,464,206
5119,469,203
5120,471,204
5121,469,207
5122,468,206
5123,471,205
5124,472,204
5125,473,204
5126,471,204
5127,472,203
5128,474,202
5129,475,202
5130,475,204
5131,475,204
5132,475,205
5133,474,206
5134,472,203
5135,464,215
5136,468,219
5137,467,218
5138,461,214
5139,465,200
5140,470,200
5141,471,200
5142,470,199
5143,469,199
5144,470,200
5145,470,200
5146,470,200
5147,468,199
5148,467,199
5149,466,200
5150,465,199
5151,465,200
5152,468,199
5153,465,200
5154,467,200
5155,470,201
5156,468,201
5157,460,200
5158,466,201
5159,470,201
5160,470,199
5161,471,200
5162,473,212
5163,472,212
5164,469,202
5165,466,202
5166,469,202
5167,466,202
5168,468,202
5169,462,201
5170,462,202
5171,468,205
5172,469,203
5173,473,205
5174,474,204
5175,475,203
5176,472,204
5177,468,206
5178,471,204
5179,466,206
5180,467,205
5181,473,205
5182,473,204
5183,475,203
5184,474,204
5185,473,203
5186,472,204
5187,473,206
5188,473,206
5189,474,206
5190,474,206
5191,474,206
5192,476,205
5193,474,206
5194,474,206
5195,474,205
5196,475,206
5197,471,208
5198,479,208
5199,476,202
5200,475,214
5201,479,214
5202,482,213
5203,481,214
5204,480,213
5205,479,207
5206,477,205
5207,477,202
5208,475,201
5209,476,198
5210,471,213
5211,472,200
5212,473,206
5213,472,200
5214,474,199
5215,473,199
5216,471,200
5217,473,199
5218,475,201
5219,473,210
5220,472,210
5221,474,203
5222,473,204
5223,473,209
5224,467,217
5225,469,218
5226,469,217
5227,466,217
5228,467,215
5229,471,218
5230,471,217
5231,474,208
5232,473,206
5233,475,203
5234,475,204
5235,476,203
5236,474,204
5237,477,204
5238,475,204
5239,475,205
5240,476,205
5241,476,205
5242,476,205
5243,477,206
5244,474,205
5245,471,223
5246,467,215
5247,466,220
5248,470,219
5249,469,221
5250,471,222
5251,469,208
5252,477,206
5253,472,207
5254,471,210
5255,473,209
5256,473,208
5257,471,209
5258,473,223
5259,474,212
5260,473,213
5261,462,213
5262,469,215
5263,469,214
5264,467,211
5265,467,200
5266,467,198
5267,464,197
5268,464,193
5269,461,192
5270,461,193
5271,462,195
5272,463,194
5273,462,194
5274,462,197
5275,462,196
5276,461,198
5277,462,195
5278,462,196
5279,463,197
5280,463,196
5281,463,198
5282,462,200
5283,462,200
5284,462,197
5285,463,199
5286,463,199
5287,463,200
5288,463,203
5289,463,202
5290,464,200
5291,464,202
5292,463,205
5293,464,207
5294,463,204
5295,463,204
5296,463,204
5297,463,203
5298,461,204
5299,461,204
5300,461,201
5301,461,201
5302,461,201
5303,460,202
5304,459,202
5305,460,205
5306,460,206
5307,460,211
5308,461,211
5309,461,206
5310,460,207
5311,461,209
5312,462,204
5313,461,207
5314,462,198
5315,462,207
5316,462,205
5317,463,207
5318,463,209
5319,464,207
5320,464,212
5321,462,214
5322,463,208
5323,463,204
5324,461,208
5325,462,210
5326,461,213
5327,460,219
5328,461,219
5329,461,220
5330,461,220
5331,462,220
5332,462,221
5333,462,221
5334,461,218
5335,461,219
5336,461,217
5337,460,216
5338,461,216
5339,461,214
5340,460,206
5341,460,205
5342,460,199
5343,459,197
5344,457,190
5345,457,194
5346,458,193
5347,458,200
5348,458,198
5349,459,200
5350,459,198
5351,458,201
5352,460,196
5353,459,198
5354,458,198
5355,459,197
5356,459,198
5357,458,191
5358,458,195
5359,457,193
5360,457,191
5361,458,195
5362,458,195
5363,459,194
5364,458,193
5365,458,191
5366,458,190
5367,457,194
5368,457,195
5369,457,196
5370,457,195
5371,456,193
5372,456,191
5373,457,192
5374,457,191
5375,458,194
5376,458,193
5377,457,189
5378,457,190
5379,457,189
5380,457,189
5381,457,191
5382,457,191
5383,457,190
5384,458,190
5385,458,191
5386,457,191
5387,457,190
5388,457,190
5389,457,190
5390,457,189
5391,457,189
5392,456,187
5393,456,189
5394,457,193
5395,456,198
5396,456,191
5397,456,191
5398,457,192
5399,457,193
5400,458,189
5401,458,190
5402,458,190
5403,458,189
5404,458,190
5405,458,190
5406,457,193
5407,457,190
5408,457,190
5409,457,191
5410,457,192
5411,457,190
5412,457,191
5413,457,191
5414,457,190
5415,457,191
5416,457,191
5417,457,194
5418,458,193
5419,458,193
5420,457,193
5421,457,194
5422,457,191
5423,457,192
5424,457,192
5425,457,192
5426,457,192
5427,457,192
5428,457,192
5429,458,189
5430,458,189
5431,458,189
5432,458,188
5433,457,189
5434,457,189
5435,457,188
5436,457,187
5437,457,187
5438,457,190
5439,457,189
5440,458,194
5441,458,195
5442,458,196
5443,458,197
5444,458,195
5445,457,196
5446,458,196
5447,458,196
5448,458,196
5449,458,196
5450,458,196
5451,458,196
5452,458,196
5453,458,196
5454,458,196
5455,458,196
5456,458,194
5457,458,195
5458,458,196
5459,458,196
5460,458,196
5461,458,195
5462,456,195
5463,456,194
5464,456,191
5465,457,193
5466,457,192
5467,457,189
5468,458,191
5469,458,190
5470,458,189
5471,458,194
5472,457,196
5473,456,193
5474,456,194
5475,456,195
5476,456,195
5477,456,194
5478,457,198
5479,458,199
5480,459,200
5481,458,200
5482,459,200
5483,459,199
5484,458,202
5485,460,200
5486,457,200
5487,458,200
5488,458,200
5489,457,201
5490,458,200
5491,457,201
5492,457,200
5493,459,199
5494,458,199
5495,459,199
5496,459,200
5497,459,199
5498,459,199
5499,459,199
5500,459,200
5501,459,200
5502,459,199
5503,459,199
5504,459,199
5505,460,199
5506,459,199
5507,459,200
5508,459,199
5509,460,199
5510,461,200
5511,462,199
5512,467,199
5513,467,199
5514,464,201
5515,466,201
5516,468,202
5517,462,203
5518,468,203
5519,468,203
5520,469,203
5521,470,203
5522,470,203
5523,471,204
5524,471,204
5525,471,204
5526,471,203
5527,470,203
5528,470,202
5529,470,201
5530,470,200
5531,470,201
5532,471,202
5533,471,201
5534,472,201
5535,472,201
5536,473,201
5537,474,199
5538,474,199
5539,473,199
5540,475,200
5541,475,199
5542,474,199
5543,475,198
5544,474,198
5545,474,197
5546,473,195
5547,473,193
5548,474,192
5549,475,191
5550,477,193
5551,475,192
5552,476,193
5553,476,193
5554,476,193
5555,477,193
5556,477,193
5557,476,191
5558,476,190
5559,477,190
5560,478,190
5561,479,190
5562,478,191
5563,478,191
5564,477,191
5565,479,192
5566,480,194
5567,479,196
5568,479,196
5569,483,199
5570,484,202
5571,482,207
5572,485,210
5573,480,209
5574,480,210
5575,480,209
5576,480,209
5577,483,211
5578,483,211
5579,484,211
5580,482,211
5581,483,211
5582,483,211
5583,483,212
5584,485,213
5585,485,213
5586,484,213
5587,484,213
5588,482,213
5589,483,214
5590,483,215
5591,485,215
5592,485,214
5593,485,214
5594,485,215
5595,485,216
5596,481,215
5597,483,216
5598,485,216
5599,486,216
5600,485,216
5601,487,216
5602,486,216
5603,485,216
5604,484,217
5605,485,217
5606,484,217
5607,485,216
5608,484,216
5609,486,216
5610,484,216
5611,484,216
5612,484,216
5613,484,216
5614,484,216
5615,484,215
5616,483,216
5617,482,217
5618,483,217
5619,484,218
5620,484,217
5621,482,219
5622,481,218
5623,482,218
5624,481,218
5625,481,217
5626,481,218
5627,478,217
5628,478,218
5629,475,217
5630,474,217
5631,473,218
5632,475,218
5633,471,218
5634,472,217
5635,469,217
5636,469,217
5637,471,218
5638,472,218
5639,471,218
5640,476,220
5641,475,220
5642,475,220
5643,475,220
5644,475,220
5645,477,219
5646,476,220
5647,476,220
5648,476,220
5649,476,219
5650,476,220
5651,477,220
5652,476,220
5653,477,220
5654,476,219
5655,475,219
5656,475,219
5657,474,219
5658,474,220
5659,474,220
5660,474,220
5661,474,221
5662,474,221
5663,475,221
5664,474,222
5665,474,221
5666,473,222
5667,473,222
5668,474,221
5669,474,220
5670,474,220
5671,473,220
5672,474,220
5673,474,220
5674,474,220
5675,473,220
5676,473,220
5677,473,220
5678,473,221
5679,473,221
5680,473,220
5681,473,220
5682,473,220
5683,473,220
5684,473,220
5685,473,220
5686,474,220
5687,474,220
5688,474,219
5689,474,219
5690,473,219
5691,474,219
5692,474,219
5693,473,219
5694,474,219
5695,473,219
5696,473,219
5697,473,219
5698,474,219
5699,474,219
5700,475,219
5701,474,219
5702,475,219
5703,475,219
5704,474,219
5705,474,219
5706,474,219
5707,474,219
5708,474,219
5709,474,219
5710,475,219
5711,475,220
5712,475,219
5713,474,219
5714,474,219
5715,474,219
5716,475,219
5717,474,219
5718,475,219
5719,475,219
5720,475,219
5721,474,219
5722,475,220
5723,472,221
5724,474,219
5725,474,219
5726,474,219
5727,475,220
5728,475,219
5729,475,219
5730,472,219
5731,470,218
5732,472,218
5733,475,218
5734,476,217
5735,474,214
5736,473,211
5737,474,212
5738,472,216
5739,475,216
5740,472,214
5741,471,208
5742,471,212
5743,470,214
5744,472,215
5745,470,212
5746,469,212
5747,470,209
5748,470,210
5749,471,210
5750,471,212
5751,471,210
5752,471,209
5753,471,210
5754,471,211
5755,470,211
5756,471,211
5757,471,212
5758,471,211
5759,471,212
5760,471,213
5761,471,213
5762,471,213
5763,470,213
5764,471,213
5765,471,214
5766,471,213
5767,471,214
5768,471,214
5769,470,214
5770,470,214
5771,471,214
5772,470,214
5773,470,214
5774,470,214
5775,470,214
5776,470,214
5777,470,213
5778,470,211
5779,472,209
5780,472,209
5781,473,208
5782,473,210
5783,473,210
5784,475,216
5785,475,217
5786,477,220
5787,477,218
5788,477,219
5789,477,219
5790,476,219
5791,476,222
5792,476,218
5793,475,218
5794,474,218
5795,474,217
5796,475,220
5797,476,220
5798,477,215
5799,478,211
5800,477,215
5801,476,217
5802,477,215
5803,478,214
5804,477,214
5805,478,215
5806,476,215
5807,475,215
5808,474,214
5809,473,213
5810,472,212
5811,472,211
5812,472,212
5813,472,212
5814,472,212
5815,472,212
5816,472,212
5817,472,212
5818,471,212
5819,471,212
5820,471,212
5821,471,211
5822,471,211
5823,471,211
5824,472,211
5825,472,211
5826,473,212
5827,472,212
5828,477,210
5829,476,208
5830,475,214
5831,473,207
5832,474,200
5833,475,202
5834,473,202
5835,472,202
5836,472,200
5837,472,199
5838,471,196
5839,469,193
5840,470,194
5841,470,194
5842,470,196
5843,471,197
5844,470,198
5845,470,199
5846,470,198
5847,468,197
5848,471,197
5849,470,196
5850,470,196
5851,468,195
5852,468,194
5853,470,197
5854,471,196
5855,471,193
5856,470,193
5857,470,194
5858,470,196
5859,470,197
5860,471,197
5861,470,195
5862,470,196
5863,470,196
5864,470,195
5865,470,197
5866,471,198
5867,470,198
5868,472,198
5869,472,197
5870,472,196
5871,472,196
5872,472,196
5873,472,195
5874,472,195
5875,472,195
5876,472,195
5877,472,195
5878,472,194
5879,472,194
5880,472,194
5881,472,194
5882,471,194
5883,471,195
5884,471,196
5885,471,197
5886,471,198
5887,470,197
5888,470,198
5889,471,196
5890,469,198
5891,467,199
5892,469,200
5893,468,200
5894,467,200
5895,468,199
5896,467,198
5897,468,197
5898,468,197
5899,468,196
5900,468,195
5901,469,194
5902,471,185
5903,472,187
5904,470,188
5905,468,190
5906,467,188
5907,465,187
5908,464,187
5909,463,187
5910,462,182
5911,462,182
5912,462,182
5913,463,182
5914,462,181
5915,462,181
5916,460,179
5917,461,182
5918,459,181
5919,452,180
5920,449,180
5921,448,177
5922,447,177
5923,448,177
5924,446,174
5925,445,172
5926,448,172
5927,451,175
5928,452,176
5929,451,176
5930,452,177
5931,448,178
5932,451,178
5933,452,177
5934,452,177
5935,450,177
5936,452,176
5937,452,174
5938,452,174
5939,452,175
5940,450,176
5941,452,176
5942,449,178
5943,450,179
5944,451,174
5945,451,174
5946,452,173
5947,453,174
5948,453,175
5949,452,175
5950,452,176
5951,452,176
5952,452,175
5953,452,174
5954,452,174
5955,452,174
5956,452,175
5957,453,175
5958,455,177
5959,456,173
5960,456,172
5961,456,180
5962,454,180
5963,455,181
5964,457,182
5965,459,178
5966,459,171
5967,459,172
5968,460,175
5969,457,173
5970,460,174
5971,462,173
5972,464,176
5973,466,173
5974,456,172
5975,455,172
5976,449,173
5977,465,203
5978,471,204
5979,468,202
5980,468,194
5981,466,204
5982,466,200
5983,466,198
5984,468,202
5985,468,207
5986,466,192
5987,464,195
5988,464,197
5989,462,208
5990,460,207
5991,459,207
5992,460,208
5993,460,206
5994,460,205
5995,459,205
5996,460,208
5997,460,207
5998,458,174
5999,462,210
6000,464,209
6001,466,207
6002,466,207
6003,467,207
6004,466,207
6005,467,206
6006,463,205
6007,467,206
6008,465,204
6009,463,203
6010,463,203
6011,462,203
6012,464,203
6013,463,202
6014,463,202
6015,461,201
6016,468,201
6017,462,203
6018,461,203
6019,468,202
6020,463,204
6021,462,203
6022,466,202
6023,467,202
6024,464,198
6025,458,186
6026,460,180
6027,464,203
6028,463,203
6029,464,203
6030,465,204
6031,464,204
6032,466,203
6033,464,202
6034,466,202
6035,463,202
6036,462,201
6037,462,202
6038,462,195
6039,461,194
6040,458,189
6041,461,198
6042,459,196
6043,457,180
6044,456,179
6045,456,178
6046,455,178
6047,455,178
6048,454,178
6049,454,178
6050,454,178
6051,454,179
6052,453,178
6053,453,178
6054,455,183
6055,454,177
6056,454,177
6057,454,178
6058,454,178
6059,453,179
6060,453,179
6061,453,179
6062,453,179
6063,453,178
6064,453,178
6065,454,178
6066,454,179
6067,454,179
6068,454,180
6069,454,180
6070,454,179
6071,454,179
6072,454,179
6073,455,178
6074,457,178
6075,457,180
6076,461,177
6077,459,173
6078,458,172
6079,459,171
6080,460,171
6083,464,188
6084,466,189
6085,463,189
6086,463,189
6087,463,188
6088,464,189
6089,464,190
6090,462,191
6091,462,192
6092,460,191
6093,460,190
6094,459,189
6095,458,191
6096,458,189
6097,460,188
6098,461,191
6099,465,190
6100,465,191
6101,470,184
6102,469,184
6103,470,188
6104,466,191
6105,469,191
6106,467,192
6107,468,190
6108,467,187
6109,468,184
6110,468,185
6111,463,191
6112,462,190
6113,462,188
6114,461,188
6115,460,190
6116,460,190
6117,459,191
6118,460,190
6119,463,189
6120,463,191
6121,463,192
6122,463,191
6123,462,186
6124,462,187
6125,462,188
6126,464,188
6127,469,186
6128,465,189
6129,466,188
6130,465,189
6131,467,189
6132,467,189
6133,467,190
6134,466,189
6135,467,190
6136,468,191
6137,466,190
6138,468,192
6139,466,191
6140,460,188
6141,459,189
6142,459,189
6143,458,190
6144,461,189
6145,457,191
6146,458,191
6147,461,187
6148,461,182
6149,460,181
6150,460,180
6151,456,180
6152,455,181
6153,450,173
6154,452,174
6155,453,172
6156,454,174
6157,457,175
6158,456,173
6159,456,172
6160,456,172
6161,455,171
6162,456,170
6163,453,172
6164,458,179
6165,454,178
6166,454,179
6167,457,177
6168,452,176
6169,453,175
6170,453,174
6171,453,173
6172,455,172
6173,457,174
6174,457,175
6175,458,175
6176,457,176
6177,456,176
6178,456,176
6179,456,175
6180,455,175
6181,455,175
6182,455,175
6183,455,176
6184,453,176
6185,453,176
6186,453,176
6187,453,177
6188,454,177
6189,454,178
6190,454,178
6191,454,178
6192,457,179
6193,457,179
6194,453,178
6195,453,178
6196,453,178
6197,453,178
6198,450,177
6199,457,180
6200,457,179
6201,453,178
6202,458,179
6203,459,179
6204,459,179
6205,459,179
6206,455,176
6207,459,179
6208,455,175
6209,455,175
6210,455,175
6211,455,175
6212,454,176
6213,454,176
6214,454,175
6215,454,175
6216,454,175
6217,454,175
6218,454,175
6219,454,174
6220,454,174
6221,454,174
6222,453,174
6223,454,175
6224,453,175
6225,453,175
6226,453,175
6227,453,175
6228,454,175
6229,454,176
6230,454,175
6231,454,175
6232,454,176
6233,455,176
6234,455,175
6235,454,175
6236,454,175
6237,454,176
6238,453,174
6239,453,174
6240,454,174
6241,453,173
6242,453,174
6243,453,173
6244,454,173
6245,456,173
6246,457,173
6247,456,172
6248,456,172
6249,456,172
6250,455,172
6251,456,172
6252,455,172
6253,455,172
6254,455,172
6255,455,172
6256,455,171
6257,456,169
6258,457,169
6259,456,168
6260,456,170
6261,456,171
6262,457,172
6263,457,172
6264,455,170
6265,455,170
6266,456,171
6267,457,170
6268,454,170
6269,450,169
6270,455,169
6271,455,170
6272,455,168
6273,454,170
6274,454,172
6275,454,172
6276,456,174
6277,455,172
6278,457,172
6279,458,170
6280,460,167
6281,459,167
6282,458,166
6283,459,167
6284,457,166
6285,457,167
6286,457,166
6287,457,165
6288,457,165
6289,457,166
6290,456,163
6291,456,163
6292,456,166
6293,457,168
6294,456,167
6295,455,171
6296,455,170
6297,455,173
6298,457,171
6299,457,168
6300,457,169
6301,457,169
6302,457,169
6303,456,171
6304,456,172
6305,456,173
6306,457,173
6307,457,173
6308,453,172
6309,453,172
6310,454,171
6311,453,173
6312,453,173
6313,453,174
6314,452,174
6315,458,174
6316,457,173
6317,457,173
6318,456,172
6319,456,173
6320,452,174
6321,450,174
6322,449,174
6323,451,173
6324,450,174
6325,448,175
6326,450,175
6327,449,175
6328,451,175
6329,449,175
6330,448,177
6331,450,177
6332,450,176
6333,447,174
6334,447,175
6335,446,175
6336,444,176
6337,446,176
6338,444,176
6339,445,176
6340,445,176
6341,444,176
6342,445,176
6343,446,176
6344,447,176
6345,447,175
6346,447,175
6347,447,175
6348,448,175
6349,448,175
6350,447,175
6351,448,175
6352,448,175
6353,449,175
6354,449,175
6355,449,175
6356,449,175
6357,450,175
6358,449,175
6359,449,175
6360,450,175
6361,450,175
6362,450,175
6363,449,175
6364,449,175
6365,450,175
6366,450,175
6367,449,174
6368,449,174
6369,449,174
6370,449,174
6371,449,174
6372,449,175
6373,449,175
6374,449,175
6375,449,175
6376,449,175
6377,449,175
6378,449,175
6379,449,175
6380,449,176
6381,449,176
6382,448,176
6383,448,176
6384,448,176
6385,449,176
6386,449,175
6387,449,176
6388,448,175
6389,448,175
6390,448,175
6391,448,175
6392,449,175
6393,448,175
6394,449,174
6395,448,175
6396,448,175
6397,449,175
6398,449,174
6399,450,174
6400,450,174
6401,450,174
6402,450,174
6403,450,174
6404,449,174
6405,450,174
6406,450,174
6407,450,174
6408,450,174
6409,450,174
6410,450,174
6411,450,174
6412,450,174
6413,450,174
6414,450,174
6415,450,174
6416,449,174
6417,450,174
6418,450,174
6419,450,174
6420,450,175
6421,449,175
6422,449,175
6423,449,175
6424,449,175
6425,449,175
6426,449,175
6427,449,175
6428,448,175
6429,448,175
6430,448,175
6431,448,175
6432,448,175
6433,447,175
6434,447,175
6435,447,175
6436,448,175
6437,448,174
6438,448,175
6439,448,175
6440,448,175
6441,448,175
6442,448,175
6443,448,175
6444,448,174
6445,448,174
6446,448,174
6447,448,174
6448,447,174
6449,448,174
6450,448,174
6451,448,174
6452,448,174
6453,448,174
6454,448,174
6455,448,174
6456,448,174
6457,448,174
6458,448,174
6459,448,175
6460,448,175
6461,448,174
6462,448,174
6463,448,175
6464,448,175
6465,448,175
6466,448,175
6467,448,175
6468,447,175
6469,447,175
6470,448,175
6471,447,175
6472,447,175
6473,447,175
6474,447,175
6475,446,175
6476,446,175
6477,446,175
6478,447,175
6479,446,175
6480,448,175
6481,447,175
6482,448,175
6483,448,175
6484,449,175
6485,448,175
6486,448,175
6487,450,175
6488,450,175
6489,450,175
6490,450,175
6491,450,175
6492,449,175
6493,450,175
6494,450,175
6495,450,175
6496,450,175
6497,450,175
6498,451,174
6499,451,174
6500,449,174
6501,450,174
6502,449,174
6503,449,174
6504,450,174
6505,450,174
6506,450,174
6507,450,175
6508,450,174
6509,449,175
6510,449,175
6511,448,175
6512,449,175
6513,449,175
6514,448,175
6515,449,175
6516,449,174
6517,448,174
6518,447,175
6519,448,176
6520,446,175
6521,447,174
6522,447,173
6523,448,173
6524,447,175
6525,448,176
6526,449,176
6527,451,176
6528,450,175
6529,450,175
6530,450,174
6531,450,174
6532,450,174
6533,450,175
6534,449,175
6535,449,175
6536,449,175
6537,449,175
6538,449,175
6539,449,175
6540,450,175
6541,450,175
6542,451,175
6543,451,175
6544,451,175
6545,451,174
6546,452,174
6547,451,175
6548,451,175
6549,452,174
6550,451,174
6551,451,175
6552,451,175
6553,451,175
6554,450,175
6555,450,175
6556,450,175
6557,449,175
6558,449,175
6559,449,175
6560,449,175
6561,449,175
6562,449,175
6563,449,175
6564,449,175
6565,448,176
6566,448,176
6567,448,176
6568,448,176
6569,448,176
6570,448,176
6571,448,176
6572,448,176
6573,448,175
6574,448,175
6575,448,175
6576,449,175
6577,449,175
6578,450,175
6579,449,175
6580,449,175
6581,449,175
6582,449,175
6583,449,176
6584,449,175
6585,449,175
6586,449,175
6587,450,175
6588,449,175
6589,448,175
6590,448,175
6591,449,176
6592,449,175
6593,450,175
6594,450,176
6595,449,175
6596,449,175
6597,449,175
6598,449,176
6599,449,177
6600,448,174
6601,448,174
6602,447,174
6603,447,174
6604,446,174
6605,446,174
6606,446,175
6607,446,174
6608,446,174
6609,446,174
6610,446,174
6611,446,174
6612,445,174
6613,445,175
6614,445,175
6615,445,175
6616,444,175
6617,445,175
6618,444,174
6619,444,174
6620,444,174
6621,444,174
6622,444,173
6623,445,174
6624,444,174
6625,444,174
6626,444,173
6627,444,173
6628,444,173
6629,446,174
6630,446,174
6631,446,174
6632,446,174
6633,445,174
6634,446,174
6635,446,174
6636,445,174
6637,446,174
6638,446,174
6639,445,174
6640,447,174
6641,447,174
6642,447,174
6643,447,174
6644,447,174
6645,447,174
6646,447,174
6647,447,174
6648,447,174
6649,446,174
6650,446,174
6651,446,174
6652,446,174
6653,446,174
6654,446,174
6655,446,174
6656,446,174
6657,446,174
6658,446,174
6659,446,174
6660,445,174
6661,445,174
6662,445,174
6663,445,174
6664,445,174
6665,445,174
6666,445,174
6667,446,174
6668,445,174
6669,446,174
6670,446,174
6671,445,174
6672,446,174
6673,446,174
6674,446,174
6675,446,174
6676,446,175
6677,446,174
6678,446,174
6679,446,174
6680,446,174
6681,446,174
6682,446,174
6683,446,174
6684,446,174
6685,446,174
6686,446,174
6687,446,174
6688,447,174
6689,447,174
6690,447,174
6691,447,174
6692,447,174
6693,447,174
6694,447,175
6695,446,174
6696,446,174
6697,446,174
6698,446,175
6699,446,174
6700,447,174
6701,446,174
6702,446,174
6703,446,175
6704,446,175
6705,445,175
6706,445,175
6707,445,175
6708,445,175
6709,445,175
6710,445,175
6711,445,175
6712,444,175
6713,444,174
6714,444,174
6715,445,174
6716,445,174
6717,445,174
6718,445,174
6719,446,174
6720,446,174
6721,446,174
6722,446,174
6723,446,174
6724,446,174
6725,446,174
6726,446,174
6727,447,174
6728,447,174
6729,447,174
6730,446,174
6731,446,174
6732,446,174
6733,446,174
6734,446,174
6735,446,174
6736,446,174
6737,446,174
6738,446,175
6739,446,175
6740,446,175
6741,446,175
6742,446,175
6743,446,176
6744,445,175
6745,446,175
6746,446,175
6747,445,175
6748,445,175
6749,445,175
6750,445,175
6751,446,175
6752,445,175
6753,445,175
6754,445,175
6755,445,175
6756,445,175
6757,445,175
6758,445,175
6759,445,175
6760,446,175
6761,446,175
6762,446,175
6763,446,174
6764,446,175
6765,446,175
6766,446,175
6767,446,175
6768,447,174
6769,447,174
6770,448,175
6771,447,175
6772,447,175
6773,447,175
6774,447,175
6775,447,175
6776,447,175
6777,447,174
6778,448,174
6779,448,174
6780,448,174
6781,448,174
6782,447,174
6783,447,174
6784,447,174
6785,447,174
6786,447,175
6787,447,175
6788,447,175
6789,447,175
6790,447,175
6791,447,175
6792,447,175
6793,447,175
6794,447,175
6795,447,175
6796,447,175
6797,446,175
6798,446,175
6799,446,175
6800,447,175
6801,446,175
6802,446,175
6803,446,175
6804,446,175
6805,446,175
6806,446,175
6807,446,175
6808,446,175
6809,447,175
6810,447,175
6811,447,175
6812,447,175
6813,447,175
6814,448,175
6815,447,175
6816,447,175
6817,447,175
6818,447,175
6819,448,175
6820,448,175
6821,448,174
6822,448,174
6823,448,174
6824,448,175
6825,448,175
6826,448,174
6827,448,174
6828,448,175
6829,447,175
6830,448,175
6831,448,175
6832,449,175
6833,447,175
6834,447,175
6835,447,175
6836,447,175
6837,447,175
6838,447,175
6839,447,175
6840,446,175
6841,446,175
6842,445,175
6843,445,175
6844,445,175
6845,445,175
6846,445,175
6847,445,175
6848,445,175
6849,445,175
6850,445,175
6851,445,175
6852,445,175
6853,446,175
6854,445,175
6855,446,175
6856,446,175
6857,446,175
6858,445,175
6859,445,175
6860,445,175
6861,446,174
6862,446,175
6863,446,174
6864,446,175
6865,446,174
6866,447,174
6867,447,174
6868,446,175
6869,447,174
6870,447,174
6871,446,174
6872,447,174
6873,447,174
6874,447,174
6875,447,174
6876,446,175
6877,446,175
6878,446,175
6879,446,175
6880,447,175
6881,447,175
6882,447,174
6883,446,174
6884,446,175
6885,446,175
6886,447,175
6887,446,175
6888,446,175
6889,446,175
6890,446,175
6891,445,175
6892,445,174
6893,445,174
6894,445,175
6895,445,175
6896,445,175
6897,445,175
6898,445,175
6899,445,175
6900,445,175
6901,445,175
6902,446,175
6903,446,175
6904,446,175
6905,446,175
6906,446,174
6907,446,174
6908,446,174
6909,447,175
6910,447,175
6911,447,174
6912,447,175
6913,447,175
6914,447,174
6915,447,174
6916,447,175
6917,447,175
6918,447,175
6919,447,175
6920,447,175
6921,447,175
6922,448,174
6923,448,175
6924,447,174
6925,447,174
6926,447,174
6927,448,174
6928,447,174
6929,447,174
6930,448,174
6931,447,174
6932,447,174
6933,446,174
6934,446,175
6935,446,175
6936,446,175
6937,446,175
6938,446,175
6939,446,175
6940,445,175
6941,445,175
6942,445,175
6943,446,175
6944,445,175
6945,445,175
6946,446,175
6947,446,175
6948,445,175
6949,445,175
6950,446,175
6951,446,175
6952,445,175
6953,446,175
6954,445,175
6955,446,175
6956,446,174
6957,447,175
6958,447,175
6959,447,174
6960,448,174
6961,448,174
6962,448,174
6963,449,175
6964,449,175
6965,448,175
6966,449,175
6967,449,175
6968,449,175
6969,449,175
6970,449,175
6971,450,175
6972,449,175
6973,449,175
6974,448,175
6975,448,175
6976,448,175
6977,448,176
6978,448,175
6979,447,175
6980,447,176
6981,447,175
6982,446,175
6983,447,175
6984,447,176
6985,447,176
6986,446,176
6987,446,176
6988,446,176
6989,446,176
6990,446,176
6991,446,176
6992,446,176
6993,446,176
6994,446,176
6995,446,176
6996,446,176
6997,445,176
6998,445,176
6999,445,176
7000,446,175
7001,446,175
7002,446,175
7003,447,175
7004,447,175
7005,448,175
7006,447,175
7007,447,175
7008,447,175
7009,448,175
7010,448,175
7011,448,176
7012,448,176
7013,448,175
7014,448,175
7015,448,176
7016,448,175
7017,448,175
7018,448,175
7019,448,176
7020,448,175
7021,448,175
7022,448,175
7023,448,175
7024,448,175
7025,448,176
7026,448,175
7027,447,175
7028,447,176
7029,447,176
7030,447,175
7031,447,176
7032,447,176
7033,448,176
7034,448,176
7035,448,176
7036,447,176
7037,447,176
7038,447,176
7039,447,176
7040,447,176
7041,447,176
7042,446,176
7043,447,176
7044,447,176
7045,447,176
7046,447,176
7047,447,176
7048,448,175
7049,448,175
7050,448,175
7051,448,175
7052,448,176
7053,448,176
7054,448,176
7055,448,175
7056,448,175
7057,448,175
7058,448,175
7059,447,176
7060,448,176
7061,448,176
7062,448,176
7063,448,176
7064,448,176
7065,449,176
7066,449,176
7067,449,176
7068,449,176
7069,450,175
7070,450,175
7071,450,175
7072,449,175
7073,449,176
7074,450,176
7075,450,175
7076,450,175
7077,449,176
7078,450,176
7079,450,176
7080,447,175
7081,447,175
7082,447,175
7083,447,175
7084,447,174
7085,447,174
7086,447,174
7087,447,175
7088,447,175
7089,447,175
7090,446,175
7091,446,175
7092,446,175
7093,446,176
7094,446,175
7095,446,175
7096,446,175
7097,446,175
7098,447,174
7099,447,175
7100,447,174
7101,448,175
7102,448,175
7103,448,174
7104,448,175
7105,448,175
7106,448,175
7107,448,175
7108,447,175
7109,448,174
7110,448,175
7111,448,175
7112,448,174
7113,448,174
7114,448,175
7115,448,174
7116,448,175
7117,448,174
7118,448,175
7119,448,175
7120,449,175
7121,449,175
7122,448,175
7123,448,175
7124,448,174
7125,448,175
7126,448,175
7127,448,175
7128,447,175
7129,447,175
7130,447,175
7131,446,175
7132,446,175
7133,446,175
7134,446,175
7135,446,175
7136,446,175
7137,445,175
7138,445,175
7139,445,175
7140,446,175
7141,446,175
7142,446,175
7143,446,175
7144,446,175
7145,446,175
7146,446,175
7147,446,174
7148,446,175
7149,446,175
7150,446,175
7151,447,174
7152,447,174
7153,447,174
7154,447,174
7155,448,174
7156,447,175
7157,447,174
7158,447,175
7159,446,174
7160,447,174
7161,447,174
7162,447,174
7163,447,174
7164,447,174
7165,447,174
7166,447,174
7167,447,174
7168,448,174
7169,448,174
7170,448,174
7171,448,174
7172,447,174
7173,446,174
7174,446,174
7175,446,175
7176,446,175
7177,446,175
7178,446,175
7179,445,174
7180,445,175
7181,445,175
7182,446,175
7183,445,175
7184,446,175
7185,446,175
7186,446,175
7187,446,175
7188,446,175
7189,446,175
7190,446,175
7191,446,175
7192,446,175
7193,446,174
7194,446,174
7195,446,174
7196,446,175
7197,446,174
7198,446,174
7199,446,174
7200,446,174
7201,446,174
7202,446,174
7203,446,174
7204,447,174
7205,446,174
7206,446,174
7207,446,174
7208,446,174
7209,446,174
7210,446,174
7211,446,174
7212,446,174
7213,445,174
7214,446,174
7215,446,174
7216,446,174
7217,446,174
7218,446,174
7219,447,174
7220,447,174
7221,447,174
7222,447,174
7223,447,175
7224,447,175
7225,447,175
7226,447,175
7227,447,175
7228,447,175
7229,445,175
7230,445,175
7231,445,175
7232,445,175
7233,445,175
7234,445,175
7235,445,175
7236,444,175
7237,444,175
7238,444,175
7239,444,176
7240,445,175
7241,445,175
7242,445,175
7243,445,175
7244,445,175
7245,445,175
7246,445,175
7247,445,175
7248,445,175
7249,446,175
7250,446,175
7251,446,175
7252,446,175
7253,446,174
7254,446,175
7255,446,175
7256,446,174
7257,446,174
7258,446,174
7259,446,174
7260,446,174
7261,446,174
7262,446,175
7263,446,175
7264,446,175
7265,446,175
7266,446,175
7267,446,175
7268,446,175
7269,446,175
7270,446,175
7271,446,175
7272,446,175
7273,446,175
7274,446,175
7275,446,175
7276,446,175
7277,446,175
7278,445,175
7279,446,175
7280,445,176
7281,445,175
7282,446,176
7283,445,176
7284,446,175
7285,446,175
7286,446,175
7287,445,175
7288,446,175
7289,446,175
7290,446,175
7291,446,175
7292,446,175
7293,447,175
7294,447,175
7295,448,175
7296,448,174
7297,448,174
7298,448,174
7299,447,174
7300,448,174
7301,448,174
7302,448,175
7303,449,175
7304,449,174
7305,448,174
7306,449,174
7307,449,175
7308,449,174
7309,449,174
7310,449,174
7311,449,174
7312,449,174
7313,449,174
7314,449,174
7315,449,174
7316,449,174
7317,449,175
7318,450,175
7319,450,175
7320,447,175
7321,447,175
7322,447,175
7323,448,175
7324,447,175
7325,447,175
7326,447,175
7327,448,175
7328,448,175
7329,447,175
7330,447,175
7331,447,175
7332,447,175
7333,447,175
7334,447,176
7335,447,176
7336,446,175
7337,446,175
7338,446,175
7339,446,175
7340,446,175
7341,446,175
7342,446,175
7343,446,175
7344,446,175
7345,446,175
7346,446,175
7347,446,174
7348,446,174
7349,446,175
7350,446,175
7351,446,175
7352,446,175
7353,447,175
7354,446,175
7355,446,175
7356,446,175
7357,447,175
7358,446,175
7359,447,175
7360,447,175
7361,447,175
7362,447,175
7363,447,175
7364,447,175
7365,448,175
7366,448,175
7367,447,175
7368,447,175
7369,447,175
7370,447,176
7371,447,176
7372,447,176
7373,447,175
7374,447,176
7375,446,176
7376,446,176
7377,446,176
7378,446,176
7379,446,176
7380,447,176
7381,447,176
7382,447,176
7383,447,176
7384,446,176
7385,446,176
7386,446,175
7387,446,175
7388,445,175
7389,445,175
7390,445,175
7391,446,175
7392,446,175
7393,446,175
7394,447,175
7395,447,175
7396,449,174
7397,449,174
7398,450,173
7399,449,173
7400,448,174
7401,448,174
7402,449,174
7403,450,174
7404,447,174
7405,448,174
7406,449,174
7407,452,173
7408,453,174
7409,454,174
7410,456,172
7411,456,172
7412,456,171
7413,457,171
7414,455,169
7415,455,169
7416,455,169
7417,455,169
7418,453,169
7419,452,169
7420,454,170
7421,453,171
7422,453,170
7423,453,171
7424,452,171
7425,453,171
7426,456,171
7427,456,171
7428,456,171
7429,454,170
7430,455,170
7431,455,170
7432,455,170
7433,455,170
7434,456,170
7435,456,170
7436,455,171
7437,456,171
7438,455,170
7439,456,170
7440,458,169
7441,458,169
7442,458,169
7443,458,169
7444,457,170
7445,456,169
7446,455,169
7447,454,173
7448,453,173
7449,451,172
7450,452,173
7451,453,171
7452,454,171
7453,451,171
7454,453,173
7455,453,173
7456,452,173
7457,453,175
7458,453,174
7459,452,172
7460,452,173
7461,453,174
7462,453,174
7463,453,174
7464,453,174
7465,452,174
7466,453,174
7467,453,173
7468,453,172
7469,453,172
7470,452,171
7471,452,170
7472,453,172
7473,453,171
7474,453,171
7475,451,172
7476,452,173
7477,448,173
7478,449,172
7479,449,170
7480,450,170
7481,452,170
7482,453,170
7483,453,171
7484,452,172
7485,452,173
7486,451,173
7487,449,173
7488,449,173
7489,448,173
7490,448,173
7491,448,173
7492,448,172
7493,448,172
7494,448,173
7495,448,173
7496,449,173
7497,447,172
7498,447,172
7499,447,172
7500,448,173
7501,448,173
7502,448,173
7503,447,173
7504,447,172
7505,447,172
7506,447,172
7507,447,172
7508,446,172
7509,447,172
7510,447,172
7511,446,172
7512,446,172
7513,446,172
7514,447,172
7515,446,172
7516,446,172
7517,446,172
7518,446,172
7519,446,172
7520,446,173
7521,446,173
7522,446,172
7523,446,172
7524,446,172
7525,446,172
7526,446,172
7527,446,172
7528,446,172
7529,446,172
7530,446,172
7531,446,172
7532,446,172
7533,447,172
7534,447,172
7535,446,172
7536,447,172
7537,446,172
7538,446,172
7539,446,172
7540,446,172
7541,448,172
7542,451,171
7543,450,171
7544,451,171
7545,451,172
7546,451,172
7547,451,172
7548,450,172
7549,450,172
7550,451,172
7551,452,171
7552,451,171
7553,452,170
7554,451,170
7555,452,170
7556,451,171
7557,451,171
7558,451,171
7559,450,171
7560,451,170
7561,451,170
7562,453,170
7563,454,171
7564,454,172
7565,453,171
7566,452,172
7567,452,172
7568,452,173
7569,453,174
7570,452,174
7571,452,175
7572,451,175
7573,451,175
7574,451,175
7575,452,175
7576,452,174
7577,452,176
7578,452,176
7579,452,174
7580,453,172
7581,453,171
7582,452,169
7583,453,171
7584,453,172
7585,455,173
7586,454,173
7587,454,174
7588,455,173
7589,454,167
7590,456,165
7591,457,164
7592,457,162
7593,454,161
7594,453,165
7595,452,163
7596,452,163
7597,452,164
7598,458,162
7599,455,163
7600,455,163
7601,456,167
7602,456,168
7603,456,167
7604,456,166
7605,456,168
7606,456,168
7607,456,167
7608,455,164
7609,456,160
7610,455,158
7611,454,160
7612,455,159
7613,456,161
7614,458,171
7615,456,176
7616,455,166
7617,458,170
7618,459,162
7619,459,160
7620,459,159
7621,458,160
7622,457,159
7623,458,159
7624,458,159
7625,459,160
7626,459,160
7627,459,160
7628,459,160
7629,459,160
7630,459,160
7631,459,160
7632,460,161
7633,460,162
7634,460,161
7635,460,161
7636,460,161
7637,461,160
7638,461,160
7639,460,160
7640,460,160
7641,459,163
7642,458,165
7643,458,162
7644,455,169
7645,452,173
7646,449,175
7647,447,173
7648,452,174
7649,447,175
7650,449,174
7651,451,173
7652,450,173
7653,450,173
7654,450,173
7655,450,173
7656,450,174
7657,445,174
7658,448,173
7659,449,173
7660,448,174
7661,448,173
7662,448,174
7663,447,174
7664,447,174
7665,447,173
7666,447,174
7667,449,173
7668,450,174
7669,450,174
7670,451,174
7671,451,174
7672,451,173
7673,448,173
7674,451,173
7675,450,173
7676,448,174
7677,448,173
7678,451,173
7679,451,173
7680,451,172
7681,451,172
7682,451,172
7683,451,172
7684,452,172
7685,453,173
7686,453,173
7687,453,172
7688,453,172
7689,447,170
7690,450,171
7691,452,172
7692,451,172
7693,450,172
7694,447,172
7695,445,172
7696,450,172
7697,450,173
7698,453,173
7699,447,174
7700,450,175
7701,450,175
7702,451,175
7703,450,174
7704,445,174
7705,447,173
7706,447,173
7707,447,173
7708,449,171
7709,448,170
7710,448,171
7711,450,170
7712,451,166
7713,451,166
7714,451,161
7715,450,159
7716,449,160
7717,449,161
7718,444,158
7719,446,158
7720,447,157
7721,447,155
7722,444,155
7723,443,155
7724,442,155
7725,444,155
7726,445,155
7727,443,154
7728,442,152
7729,444,150
7730,444,151
7731,444,153
7732,445,155
7733,444,156
7734,445,157
7735,446,157
7736,445,156
7737,446,155
7738,447,155
7739,444,155
7740,444,154
7741,444,152
7742,443,151
7743,444,151
7744,442,151
7745,442,152
7746,441,153
7747,442,153
7748,441,156
7749,440,157
7750,440,156
7751,440,156
7752,441,157
7753,440,158
7754,438,158
7755,438,158
7756,438,158
7757,436,158
7758,438,159
7759,439,159
7760,440,159
7761,440,159
7762,438,161
7763,438,160
7764,437,160
7765,435,159
7766,436,160
7767,436,160
7768,427,165
7769,427,167
7770,438,169
7771,435,169
7772,434,169
7773,429,170
7774,427,171
7775,426,175
7776,428,176
7777,427,178
7778,434,179
7779,435,180
7780,438,181
7781,442,182
7782,445,180
7783,445,179
7784,445,173
7785,442,192
7786,443,170
7787,442,168
7788,441,166
7789,441,175
7790,442,179
7791,441,179
7792,441,164
7793,442,161
7794,444,158
7795,446,157
7796,446,157
7797,445,156
7798,442,155
7799,443,157
7800,439,159
7801,439,159
7802,440,159
7803,440,158
7804,439,160
7805,440,158
7806,438,158
7807,438,159
7808,438,160
7809,439,160
7810,439,160
7811,439,160
7812,439,159
7813,438,158
7814,439,155
7815,439,154
7816,439,152
7817,440,157
7818,440,155
7819,439,153
7820,440,160
7821,439,160
7822,439,160
7823,439,160
7824,439,160
7825,439,160
7826,438,160
7827,439,160
7828,438,160
7829,438,161
7830,437,160
7831,437,160
7832,437,160
7833,437,160
7834,437,159
7835,437,158
7836,437,159
7837,438,158
7838,438,160
7839,436,179
7840,436,181
7841,435,182
7842,435,174
7843,435,180
7844,436,180
7845,437,174
7846,440,157
7847,441,157
7848,438,167
7849,438,169
7850,436,164
7851,434,162
7852,433,163
7853,435,161
7854,434,158
7855,433,158
7856,433,156
7857,431,158
7858,429,168
7859,430,161
7860,429,163
7861,429,166
7862,429,162
7863,429,157
7864,429,153
7865,431,154
7866,430,154
7867,430,153
7868,432,153
7869,431,153
7870,432,154
7871,432,153
7872,434,153
7873,435,154
7874,434,155
7875,433,156
7876,433,156
7877,433,155
7878,434,155
7879,434,155
7880,433,155
7881,433,155
7882,434,156
7883,435,155
7884,433,156
7885,434,160
7886,434,158
7887,433,156
7888,433,161
7889,432,164
7890,435,167
7891,436,165
7892,436,175
7893,437,178
7894,438,179
7895,439,181
7896,440,182
7897,441,188
7898,430,153
7899,440,181
7900,441,157
7901,439,158
7902,440,157
7903,438,161
7904,439,182
7905,441,184
7906,440,183
7907,442,183
7908,441,184
7909,440,158
7910,440,154
7911,442,151
7912,442,152
7913,441,152
7914,441,152
7915,440,152
7916,440,151
7917,441,152
7918,439,156
7919,438,157
7920,439,158
7921,440,158
7922,441,158
7923,442,159
7924,442,158
7925,443,154
7926,441,153
7927,438,151
7928,432,150
7929,430,147
7930,435,146
7931,437,147
7932,435,149
7933,437,150
7934,437,149
7935,437,149
7936,436,149
7937,437,151
7938,437,151
7939,437,150
7940,436,148
7941,437,148
7942,437,150
7943,438,150
7944,438,150
7945,437,150
7946,437,150
7947,437,151
7948,437,151
7949,437,151
7950,438,151
7951,437,152
7952,437,152
7953,437,152
7954,437,152
7955,437,151
7956,436,152
7957,435,155
7958,437,153
7959,439,153
7960,439,153
7961,438,154
7962,435,154
7963,434,153
7964,433,154
7965,434,151
7966,436,151
7967,436,149
7968,436,149
7969,436,150
7970,437,150
7971,437,150
7972,437,150
7973,436,151
7974,435,151
7975,436,152
7976,436,152
7977,436,152
7978,437,152
7979,436,152
7980,436,152
7981,436,152
7982,437,152
7983,436,152
7984,437,152
7985,436,152
7986,436,152
7987,436,151
7988,436,151
7989,436,151
7990,436,151
7991,437,152
7992,437,152
7993,437,152
7994,437,152
7995,437,152
7996,437,152
7997,437,152
7998,437,152
7999,437,152
8000,437,152
8001,437,151
8002,437,151
8003,437,152
8004,438,152
8005,437,151
8006,437,152
8007,436,152
8008,435,153
8009,434,153
8010,434,153
8011,434,153
8012,434,153
8013,434,153
8014,434,153
8015,434,153
8016,434,153
8017,433,153
8018,433,153
8019,433,153
8020,433,153
8021,433,152
8022,433,153
8023,434,150
8024,435,150
8025,435,150
8026,435,151
8027,434,151
8028,435,151
8029,434,153
8030,434,153
8031,433,153
8032,433,153
8033,433,152
8034,433,152
8035,433,152
8036,433,152
8037,433,151
8038,433,152
8039,435,152
8040,435,151
8041,434,151
8042,434,151
8043,436,151
8044,435,150
8045,435,151
8046,436,151
8047,435,151
8048,435,152
8049,434,152
8050,435,152
8051,434,152
8052,434,152
8053,435,151
8054,435,152
8055,435,150
8056,435,150
8057,433,151
8058,433,151
8059,433,151
8060,433,151
8061,434,150
8062,433,150
8063,433,150
8064,433,150
8065,433,150
8066,433,149
8067,433,150
8068,433,150
8069,433,150
8070,433,149
8071,433,149
8072,434,149
8073,435,148
8074,435,148
8075,435,148
8076,435,148
8077,434,148
8078,435,148
8079,435,149
8080,435,148
8081,434,148
8082,434,148
8083,430,149
8084,435,149
8085,435,148
8086,434,149
8087,435,149
8088,435,149
8089,436,149
8090,437,149
8091,437,149
8092,437,149
8093,436,149
8094,436,150
8095,435,150
8096,435,150
8097,433,151
8098,432,151
8099,429,151
8100,426,150
8101,429,151
8102,426,150
8103,427,153
8104,430,154
8105,436,153
8106,429,152
8107,432,155
8108,433,154
8109,432,151
8110,433,150
8111,435,149
8112,435,149
8113,435,150
8114,435,149
8115,433,154
8116,434,153
8117,434,157
8118,434,156
8119,435,157
8120,435,157
8121,434,157
8122,434,156
8123,434,157
8124,434,156
8125,433,156
8126,433,156
8127,435,156
8128,434,156
8129,434,156
8130,434,156
8131,435,157
8132,436,157
8133,436,157
8134,436,157
8135,435,157
8136,435,158
8137,435,159
8138,435,159
8139,436,160
8140,436,160
8141,435,161
8142,435,161
8143,432,161
8144,433,162
8145,433,162
8146,433,161
8147,433,162
8148,432,162
8149,432,161
8150,432,160
8151,432,159
8152,432,160
8153,433,159
8154,434,159
8155,434,159
8156,433,159
8157,431,159
8158,431,159
8159,432,159
8160,430,159
8161,431,159
8162,431,159
8163,431,159
8164,431,160
8165,431,159
8166,429,160
8167,431,162
8168,431,162
8169,431,161
8170,432,160
8171,432,160
8172,432,160
8173,432,160
8174,432,160
8175,433,160
8176,433,160
8177,433,160
8178,432,161
8179,432,161
8180,432,161
8181,432,161
8182,432,161
8183,432,160
8184,432,160
8185,432,160
8186,433,160
8187,432,160
8188,433,160
8189,432,160
8190,432,160
8191,432,160
8192,432,159
8193,432,160
8194,432,159
8195,432,159
8196,432,160
8197,432,160
8198,432,160
8199,433,160
8200,432,160
8201,432,161
8202,432,161
8203,432,160
8204,432,162
8205,432,162
8206,433,162
8207,433,161
8208,432,161
8209,432,162
8210,432,162
8211,432,163
8212,432,163
8213,432,162
8214,432,164
8215,433,165
8216,433,166
8217,432,164
8218,432,163
8219,432,163
8220,432,165
8221,432,164
8222,432,165
8223,432,165
8224,432,165
8225,432,164
8226,433,164
8227,432,163
8228,432,163
8229,432,163
8230,432,163
8231,432,163
8232,432,163
8233,432,161
8234,432,161
8235,432,161
8236,432,161
8237,432,161
8238,432,161
8239,432,161
8240,432,161
8241,432,162
8242,432,162
8243,432,163
8244,432,163
8245,431,163
8246,431,163
8247,432,161
8248,432,161
8249,432,161
8250,432,165
8251,432,165
8252,432,167
8253,432,169
8254,432,166
8255,432,167
8256,432,167
8257,432,167
8258,432,166
8259,432,173
8260,432,173
8261,432,172
8262,432,175
8263,432,179
8264,432,180
8265,432,170
8266,432,173
8267,432,185
8268,432,185
8269,432,182
8270,432,177
8271,432,181
8272,432,182
8273,432,182
8274,432,180
8275,432,179
8276,432,174
8277,432,167
8278,432,166
8279,432,166
8280,432,162
8281,432,162
8282,432,162
8283,432,161
8284,432,161
8285,431,161
8286,431,161
8287,431,161
8288,431,161
8289,431,162
8290,432,162
8291,432,161
8292,431,161
8293,432,161
8294,432,162
8295,432,162
8296,431,162
8297,432,162
8298,432,162
8299,432,162
8300,432,162
8301,432,161
8302,432,161
8303,432,162
8304,432,162
8305,432,161
8306,432,161
8307,431,162
8308,431,162
8309,431,162
8310,431,162
8311,430,161
8312,431,161
8313,431,160
8314,431,160
8315,431,159
8316,431,160
8317,431,160
8318,431,160
8319,431,160
8320,431,160
8321,431,160
8322,431,161
8323,432,161
8324,432,160
8325,431,160
8326,431,160
8327,431,160
8328,431,160
8329,431,160
8330,431,160
8331,431,160
8332,432,160
8333,432,160
8334,431,159
8335,432,160
8336,431,160
8337,432,160
8338,432,159
8339,432,159
8340,432,159
8341,432,159
8342,431,160
8343,431,160
8344,431,160
8345,431,159
8346,431,159
8347,432,160
8348,431,160
8349,431,160
8350,431,160
8351,431,161
8352,432,161
8353,432,161
8354,432,161
8355,432,161
8356,432,161
8357,432,161
8358,432,161
8359,432,161
8360,432,161
8361,432,161
8362,432,161
8363,432,161
8364,432,160
8365,432,160
8366,432,160
8367,432,160
8368,432,160
8369,432,160
8370,432,160
8371,432,159
8372,432,159
8373,432,159
8374,431,159
8375,430,159
8376,430,159
8377,430,159
8378,430,159
8379,431,159
8380,431,159
8381,431,159
8382,431,159
8383,431,159
8384,431,160
8385,431,160
8386,431,161
8387,431,161
8388,431,161
8389,431,161
8390,431,161
8391,431,162
8392,431,161
8393,432,162
8394,431,163
8395,431,163
8396,431,163
8397,431,169
8398,432,169
8399,432,169
8400,432,160
8401,432,160
8402,432,160
8403,432,160
8404,432,160
8405,432,160
8406,432,160
8407,432,160
8408,432,160
8409,432,160
8410,432,160
8411,432,160
8412,432,160
8413,432,160
8414,432,159
8415,432,158
8416,432,158
8417,432,159
8418,432,159
8419,432,159
8420,432,159
8421,432,160
8422,432,160
8423,432,160
8424,432,160
8425,432,160
8426,432,159
8427,432,159
8428,432,159
8429,431,159
8430,431,159
8431,431,159
8432,431,162
8433,431,161
8434,431,162
8435,432,160
8436,432,160
8437,432,161
8438,431,163
8439,431,163
8440,432,161
8441,432,161
8442,432,161
8443,432,162
8444,433,162
8445,432,161
8446,432,161
8447,432,161
8448,432,161
8449,432,161
8450,432,161
8451,432,160
8452,432,160
8453,432,160
8454,432,160
8455,432,161
8456,432,160
8457,432,160
8458,432,160
8459,432,159
8460,432,162
8461,431,162
8462,432,160
8463,431,160
8464,431,162
8465,431,161
8466,431,159
8467,432,159
8468,432,161
8469,432,159
8470,431,159
8471,431,162
8472,432,162
8473,432,160
8474,432,160
8475,431,160
8476,432,159
8477,432,159
8478,431,159
8479,431,161
8480,431,160
8481,431,161
8482,431,160
8483,431,160
8484,432,161
8485,432,161
8486,432,160
8487,432,161
8488,432,160
8489,432,160
8490,432,160
8491,431,160
8492,432,160
8493,431,160
8494,431,160
8495,432,160
8496,432,161
8497,432,160
8498,432,160
8499,432,161
8500,432,160
8501,432,160
8502,431,160
8503,431,160
8504,432,159
8505,432,160
8506,431,162
8507,431,162
8508,431,160
8509,431,162
8510,431,162
8511,431,162
8512,431,159
8513,431,159
8514,431,162
8515,431,162
8516,431,162
8517,431,160
8518,431,160
8519,431,160
8520,431,161
8521,431,161
8522,431,163
8523,431,164
8524,431,164
8525,431,164
8526,431,162
8527,432,163
8528,432,163
8529,432,163
8530,432,161
8531,432,162
8532,431,162
8533,431,163
8534,431,164
8535,432,163
8536,432,162
8537,432,160
8538,432,161
8539,432,161
8540,432,161
8541,431,161
8542,431,161
8543,431,161
8544,432,161
8545,432,160
8546,431,162
8547,431,160
8548,431,163
8549,431,160
8550,431,160
8551,431,160
8552,431,162
8553,431,162
8554,431,162
8555,431,160
8556,431,160
8557,432,162
8558,431,162
8559,431,162
8560,431,163
8561,431,163
8562,431,163
8563,431,163
8564,431,164
8565,431,163
8566,431,163
8567,431,163
8568,431,163
8569,431,164
8570,431,164
8571,431,162
8572,431,162
8573,431,163
8574,432,163
8575,431,163
8576,431,163
8577,431,163
8578,431,163
8579,431,163
8580,431,163
8581,431,162
8582,432,160
8583,432,160
8584,431,160
8585,431,159
8586,432,159
8587,432,159
8588,431,159
8589,431,159
8590,431,160
8591,431,160
8592,431,161
8593,431,161
8594,431,161
8595,431,161
8596,430,160
8597,431,161
8598,431,161
8599,431,161
8600,431,161
8601,431,161
8602,431,161
8603,431,161
8604,432,161
8605,432,160
8606,432,160
8607,431,162
8608,431,162
8609,431,161
8610,431,160
8611,431,163
8612,432,162
8613,431,162
8614,431,163
8615,432,162
8616,432,162
8617,432,162
8618,431,162
8619,431,161
8620,431,161
8621,431,161
8622,431,162
8623,430,162
8624,430,161
8625,430,161
8626,431,161
8627,431,161
8628,431,161
8629,431,161
8630,431,161
8631,431,159
8632,431,161
8633,432,161
8634,432,161
8635,432,158
8636,432,158
8637,432,158
8638,432,159
8639,431,158
8640,431,161
8641,431,159
8642,431,159
8643,432,161
8644,432,158
8645,432,158
8646,431,158
8647,431,158
8648,431,158
8649,431,160
8650,431,160
8651,431,160
8652,431,160
8653,431,160
8654,432,160
8655,431,160
8656,432,160
8657,432,160
8658,431,160
8659,431,160
8660,431,160
8661,431,160
8662,430,161
8663,430,160
8664,431,160
8665,431,160
8666,431,160
8667,430,161
8668,431,161
8669,431,161
8670,431,161
8671,431,160
8672,431,160
8673,430,160
8674,431,160
8675,431,160
8676,430,161
8677,431,160
8678,431,160
8679,431,160
8680,432,160
8681,432,160
8682,432,160
8683,432,160
8684,432,160
8685,432,160
8686,432,160
8687,431,160
8688,431,160
8689,431,160
8690,432,160
8691,431,160
8692,431,160
8693,431,160
8694,431,160
8695,430,160
8696,430,160
8697,430,160
8698,430,160
8699,430,160
8700,431,161
8701,430,161
8702,430,160
8703,431,160
8704,431,160
8705,431,161
8706,430,159
8707,431,159
8708,431,159
8709,431,161
8710,431,161
8711,431,160
8712,431,161
8713,431,161
8714,431,159
8715,431,159
8716,431,161
8717,431,161
8718,431,159
8719,431,159
8720,431,159
8721,431,161
8722,431,161
8723,431,158
8724,431,158
8725,431,158
8726,432,160
8727,431,161
8728,431,158
8729,431,158
8730,431,160
8731,431,160
8732,431,160
8733,431,160
8734,431,160
8735,431,160
8736,431,160
8737,431,160
8738,431,160
8739,431,160
8740,432,160
8741,432,160
8742,432,160
8743,433,160
8744,433,161
8745,433,161
8746,432,158
8747,432,158
8748,432,158
8749,431,158
8750,431,161
8751,431,161
8752,431,161
8753,431,161
8754,431,160
8755,431,160
8756,431,160
8757,430,161
8758,430,161
8759,430,160
8760,431,160
8761,431,160
8762,431,160
8763,432,160
8764,432,160
8765,432,160
8766,432,160
8767,432,159
8768,432,159
8769,432,159
8770,432,158
8771,432,158
8772,431,158
8773,431,158
8774,431,158
8775,432,158
8776,432,158
8777,431,158
8778,431,158
8779,431,158
8780,431,158
8781,431,158
8782,432,158
8783,432,158
8784,431,158
8785,431,158
8786,432,159
8787,432,158
8788,432,159
8789,432,160
8790,432,160
8791,431,160
8792,431,160
8793,431,160
8794,431,160
8795,431,160
8796,431,160
8797,430,160
8798,430,160
8799,431,160
8800,431,160
8801,431,160
8802,431,160
8803,431,160
8804,431,159
8805,432,160
8806,432,160
8807,431,160
8808,432,159
8809,432,159
8810,432,159
8811,432,159
8812,431,159
8813,431,159
8814,431,158
8815,431,158
8816,431,158
8817,431,158
8818,431,158
8819,431,158
8820,431,158
8821,431,158
8822,431,158
8823,431,158
8824,431,158
8825,431,158
8826,431,158
8827,431,158
8828,431,159
8829,431,159
8830,431,159
8831,431,160
8832,431,159
8833,431,159
8834,431,159
8835,431,159
8836,431,159
8837,431,159
8838,431,159
8839,430,159
8840,430,160
8841,430,160
8842,431,160
8843,430,160
8844,431,160
8845,431,160
8846,431,160
8847,431,160
8848,431,160
8849,431,159
8850,431,160
8851,432,160
8852,432,160
8853,431,160
8854,431,159
8855,431,160
8856,431,160
8857,432,159
8858,432,159
8859,432,159
8860,432,158
8861,432,159
8862,431,158
8863,431,159
8864,432,158
8865,432,158
8866,431,158
8867,431,158
8868,431,158
8869,432,158
8870,431,158
8871,431,158
8872,431,158
8873,432,158
8874,432,158
8875,431,159
8876,431,159
8877,431,159
8878,431,160
8879,431,160
8880,430,160
8881,430,160
8882,430,160
8883,431,159
8884,431,159
8885,431,159
8886,431,160
8887,432,159
8888,432,159
8889,432,159
8890,432,159
8891,432,159
8892,432,159
8893,432,159
8894,432,159
8895,432,159
8896,431,159
8897,431,159
8898,431,159
8899,431,159
8900,431,159
8901,431,159
8902,431,159
8903,431,158
8904,431,158
8905,431,158
8906,431,158
8907,432,160
8908,431,158
8909,431,159
8910,431,159
8911,431,159
8912,432,159
8913,432,159
8914,432,158
8915,431,158
8916,431,158
8917,431,160
8918,431,158
8919,431,158
8920,430,161
8921,430,161
8922,430,160
8923,430,159
8924,431,159
8925,431,160
8926,431,159
8927,431,159
8928,431,160
8929,431,160
8930,431,160
8931,431,159
8932,431,159
8933,431,158
8934,430,160
8935,431,160
8936,431,160
8937,431,160
8938,431,160
8939,431,160
8940,431,160
8941,431,158
8942,431,158
8943,431,158
8944,431,158
8945,431,158
8946,432,160
8947,431,159
8948,431,159
8949,431,159
8950,431,159
8951,431,159
8952,431,160
8953,431,161
8954,431,161
8955,431,161
8956,431,161
8957,431,161
8958,431,160
8959,431,160
8960,431,160
8961,431,160
8962,431,160
8963,431,160
8964,431,160
8965,431,160
8966,431,160
8967,431,160
8968,431,161
8969,431,161
8970,431,161
8971,431,160
8972,431,160
8973,431,161
8974,431,161
8975,432,161
8976,432,161
8977,431,161
8978,431,161
8979,431,160
8980,431,161
8981,432,161
8982,432,161
8983,431,161
8984,431,161
8985,432,160
8986,431,161
8987,431,161
8988,431,159
8989,431,161
8990,432,159
8991,432,159
8992,432,159
8993,432,159
8994,432,159
8995,432,159
8996,432,161
8997,432,161
8998,432,161
8999,432,161
9000,430,159
9001,430,159
9002,430,159
9003,430,159
9004,430,159
9005,431,159
9006,431,160
9007,431,160
9008,431,160
9009,431,160
9010,431,159
9011,431,159
9012,431,160
9013,431,160
9014,431,159
9015,431,159
9016,431,160
9017,431,160
9018,431,159
9019,431,159
9020,431,159
9021,431,160
9022,431,160
9023,431,160
9024,431,160
9025,431,160
9026,431,160
9027,431,160
9028,430,160
9029,430,160
9030,430,160
9031,430,159
9032,431,159
9033,431,159
9034,431,159
9035,431,159
9036,431,159
9037,431,159
9038,431,159
9039,432,159
9040,431,159
9041,431,159
9042,431,159
9043,431,159
9044,431,159
9045,431,159
9046,431,159
9047,431,159
9048,431,159
9049,431,159
9050,431,159
9051,430,159
9052,430,159
9053,430,159
9054,430,160
9055,430,159
9056,430,159
9057,431,159
9058,431,160
9059,431,160
9060,431,160
9061,431,162
9062,431,161
9063,431,161
9064,431,162
9065,431,160
9066,431,161
9067,431,161
9068,431,161
9069,431,161
9070,431,159
9071,431,159
9072,431,159
9073,431,159
9074,431,159
9075,431,159
9076,431,159
9077,431,159
9078,431,159
9079,431,159
9080,431,160
9081,431,160
9082,431,160
9083,431,158
9084,431,159
9085,431,159
9086,430,159
9087,430,159
9088,431,159
9089,431,159
9090,431,159
9091,430,159
9092,430,159
9093,430,159
9094,430,159
9095,431,159
9096,431,159
9097,431,159
9098,431,160
9099,431,161
9100,431,160
9101,431,160
9102,431,160
9103,431,160
9104,431,160
9105,431,161
9106,430,160
9107,430,160
9108,431,160
9109,431,159
9110,431,160
9111,431,161
9112,431,160
9113,431,160
9114,431,159
9115,431,159
9116,431,159
9117,431,159
9118,432,159
9119,431,159
9120,431,159
9121,431,159
9122,431,159
9123,431,159
9124,431,158
9125,430,158
9126,430,160
9127,431,158
9128,431,158
9129,431,159
9130,430,159
9131,431,159
9132,431,159
9133,431,158
9134,431,158
9135,431,158
9136,431,159
9137,431,159
9138,432,159
9139,432,159
9140,432,159
9141,432,159
9142,432,159
9143,432,159
9144,432,159
9145,431,160
9146,432,160
9147,431,160
9148,431,160
9149,431,160
9150,431,160
9151,430,160
9152,431,160
9153,431,160
9154,431,160
9155,431,160
9156,431,160
9157,431,160
9158,431,160
9159,431,159
9160,432,160
9161,432,160
9162,432,160
9163,431,160
9164,432,160
9165,432,159
9166,432,159
9167,432,159
9168,432,159
9169,431,159
9170,432,159
9171,431,159
9172,431,159
9173,431,159
9174,431,160
9175,431,160
9176,431,160
9177,431,160
9178,431,158
9179,431,159
9180,431,159
9181,431,159
9182,431,159
9183,431,159
9184,431,159
9185,431,160
9186,431,159
9187,431,159
9188,431,160
9189,431,160
9190,431,160
9191,431,160
9192,431,160
9193,431,160
9194,431,160
9195,431,160
9196,431,160
9197,431,160
9198,431,160
9199,431,160
9200,431,160
9201,432,160
9202,432,160
9203,432,160
9204,432,159
9205,432,159
9206,432,159
9207,431,159
9208,432,159
9209,432,159
9210,432,159
9211,432,159
9212,431,159
9213,431,158
9214,431,159
9215,431,158
9216,431,158
9217,431,158
9218,431,158
9219,431,158
9220,431,158
9221,431,158
9222,431,158
9223,431,158
9224,431,158
9225,432,159
9226,431,160
9227,431,160
9228,431,160
9229,431,158
9230,431,159
9231,431,160
9232,431,160
9233,431,160
9234,431,160
9235,431,160
9236,430,160
9237,430,159
9238,430,159
9239,430,160
9240,431,160
9241,431,160
9242,431,160
9243,431,160
9244,431,160
9245,431,160
9246,431,160
9247,431,160
9248,431,160
9249,431,160
9250,432,158
9251,432,158
9252,432,158
9253,432,158
9254,432,159
9255,432,158
9256,432,158
9257,432,158
9258,432,158
9259,432,158
9260,432,158
9261,432,158
9262,432,158
9263,432,159
9264,432,158
9265,432,158
9266,431,160
9267,432,158
9268,431,160
9269,431,160
9270,431,159
9271,431,159
9272,431,159
9273,432,160
9274,431,160
9275,431,161
9276,431,161
9277,432,160
9278,431,161
9279,431,161
9280,432,160
9281,431,160
9282,431,160
9283,431,160
9284,431,160
9285,431,161
9286,431,160
9287,432,160
9288,432,160
9289,431,160
9290,432,160
9291,431,160
9292,431,160
9293,431,160
9294,432,160
9295,432,159
9296,432,159
9297,432,159
9298,432,159
9299,431,159
9300,432,160
9301,431,160
9302,432,159
9303,432,159
9304,432,159
9305,432,159
9306,432,159
9307,432,159
9308,432,159
9309,432,159
9310,432,159
9311,432,159
9312,432,159
9313,432,160
9314,432,160
9315,432,160
9316,432,160
9317,432,161
9318,432,160
9319,431,161
9320,431,161
9321,431,161
9322,432,161
9323,431,161
9324,431,161
9325,431,161
9326,431,160
9327,431,160
9328,431,160
9329,431,160
9330,432,162
9331,432,162
9332,431,160
9333,431,159
9334,432,159
9335,431,160
9336,431,160
9337,432,159
9338,432,159
9339,432,159
9340,432,160
9341,432,160
9342,432,161
9343,432,160
9344,432,160
9345,432,160
9346,431,159
9347,431,159
9348,431,160
9349,431,159
9350,431,160
9351,431,160
9352,431,160
9353,431,160
9354,431,160
9355,431,160
9356,431,160
9357,432,159
9358,432,159
9359,432,159
9360,431,158
9361,431,158
9362,431,158
9363,431,159
9364,431,159
9365,431,159
9366,431,159
9367,430,159
9368,430,159
9369,430,159
9370,430,160
9371,431,160
9372,431,160
9373,431,159
9374,431,159
9375,431,160
9376,431,160
9377,432,159
9378,431,159
9379,431,159
9380,432,159
9381,432,159
9382,432,159
9383,432,159
9384,432,158
9385,432,159
9386,432,159
9387,432,159
9388,431,159
9389,431,158
9390,431,158
9391,431,158
9392,431,158
9393,431,158
9394,431,161
9395,431,161
9396,431,161
9397,431,158
9398,432,161
9399,432,161
9400,432,157
9401,432,157
9402,432,158
9403,432,158
9404,432,158
9405,432,158
9406,432,158
9407,432,158
9408,432,158
9409,432,158
9410,431,158
9411,431,160
9412,431,160
9413,431,159
9414,431,161
9415,431,161
9416,430,161
9417,430,159
9418,431,161
9419,431,159
9420,431,159
9421,431,159
9422,431,159
9423,431,159
9424,431,159
9425,431,159
9426,431,159
9427,431,158
9428,431,158
9429,431,159
9430,432,159
9431,432,158
9432,432,158
9433,431,160
9434,431,160
9435,431,160
9436,431,160
9437,431,160
9438,431,159
9439,431,160
9440,431,160
9441,431,159
9442,431,159
9443,431,159
9444,432,159
9445,432,159
9446,432,159
9447,432,159
9448,432,159
9449,432,158
9450,432,159
9451,431,160
9452,432,160
9453,432,160
9454,432,160
9455,431,161
9456,431,161
9457,431,160
9458,431,159
9459,431,162
9460,431,159
9461,431,162
9462,431,160
9463,431,160
9464,431,160
9465,432,159
9466,432,160
9467,432,160
9468,432,160
9469,431,159
9470,431,159
9471,431,160
9472,432,159
9473,431,159
9474,431,159
9475,432,159
9476,431,159
9477,431,159
9478,431,159
9479,431,159
9480,430,159
9481,430,159
9482,430,159
9483,430,159
9484,430,158
9485,430,158
9486,430,158
9487,431,158
9488,431,158
9489,431,158
9490,432,159
9491,431,159
9492,431,159
9493,431,159
9494,432,159
9495,432,159
9496,432,159
9497,432,159
9498,431,159
9499,431,159
9500,431,160
9501,431,161
9502,431,160
9503,431,160
9504,431,160
9505,431,160
9506,431,160
9507,431,160
9508,431,160
9509,431,160
9510,431,160
9511,431,160
9512,431,160
9513,431,159
9514,431,159
9515,431,159
9516,431,159
9517,432,159
9518,431,159
9519,431,159
9520,431,159
9521,431,159
9522,431,159
9523,431,159
9524,431,159
9525,431,159
9526,431,159
9527,431,159
9528,431,159
9529,431,160
9530,431,159
9531,431,159
9532,431,159
9533,431,159
9534,431,159
9535,431,159
9536,431,159
9537,431,159
9538,431,159
9539,432,159
9540,431,160
9541,432,160
9542,431,159
9543,431,160
9544,431,161
9545,431,160
9546,430,161
9547,431,160
9548,431,160
9549,432,160
9550,431,161
9551,431,160
9552,431,161
9553,432,160
9554,432,160
9555,432,160
9556,432,159
9557,432,159
9558,432,159
9559,432,159
9560,432,159
9561,432,159
9562,432,159
9563,432,159
9564,431,160
9565,431,159
9566,431,159
9567,431,159
9568,431,160
9569,431,161
9570,431,161
9571,431,161
9572,432,161
9573,431,161
9574,431,161
9575,431,160
9576,431,160
9577,431,160
9578,431,160
9579,431,160
9580,431,161
9581,431,161
9582,431,161
9583,431,161
9584,431,161
9585,431,161
9586,431,161
9587,431,161
9588,431,161
9589,431,161
9590,431,161
9591,431,160
9592,431,160
9593,431,160
9594,431,160
9595,431,160
9596,431,160
9597,431,160
9598,431,160
9599,431,160
9600,431,160
9601,431,160
9602,431,160
9603,431,160
9604,431,160
9605,431,159
9606,431,160
9607,431,159
9608,431,159
9609,431,159
9610,431,159
9611,431,159
9612,431,159
9613,431,159
9614,431,159
9615,431,159
9616,431,159
9617,431,158
9618,430,159
9619,430,159
9620,430,159
9621,430,159
9622,430,159
9623,430,159
9624,430,159
9625,430,159
9626,430,159
9627,430,159
9628,430,160
9629,430,159
9630,430,159
9631,430,159
9632,431,160
9633,430,159
9634,430,160
9635,429,160
9636,430,160
9637,430,160
9638,430,160
9639,430,160
9640,430,161
9641,430,160
9642,430,160
9643,430,160
9644,430,160
9645,430,160
9646,430,160
9647,431,160
9648,431,160
9649,431,160
9650,431,160
9651,431,159
9652,431,159
9653,431,159
9654,431,159
9655,431,161
9656,431,161
9657,431,160
9658,431,160
9659,431,160
9660,431,160
9661,431,160
9662,431,162
9663,431,162
9664,431,162
9665,431,162
9666,431,162
9667,430,160
9668,430,160
9669,430,160
9670,430,160
9671,430,160
9672,430,160
9673,431,161
9674,431,161
9675,431,161
9676,431,159
9677,431,159
9678,431,159
9679,431,159
9680,431,160
9681,431,160
9682,431,159
9683,431,161
9684,431,160
9685,431,160
9686,431,160
9687,431,160
9688,431,160
9689,431,160
9690,431,160
9691,431,160
9692,431,160
9693,431,161
9694,431,161
9695,431,160
9696,431,160
9697,431,160
9698,431,160
9699,431,160
9700,432,159
9701,431,159
9702,431,159
9703,431,159
9704,431,160
9705,431,159
9706,431,159
9707,431,159
9708,431,159
9709,431,159
9710,431,160
9711,431,160
9712,431,159
9713,431,159
9714,431,159
9715,431,159
9716,431,159
9717,431,160
9718,431,160
9719,431,160
9720,430,159
9721,430,159
9722,430,159
9723,430,159
9724,430,160
9725,430,160
9726,430,160
9727,430,160
9728,430,160
9729,430,160
9730,431,160
9731,431,160
9732,431,160
9733,431,160
9734,431,160
9735,431,160
9736,431,160
9737,431,160
9738,431,160
9739,431,160
9740,431,160
9741,431,159
9742,431,159
9743,431,159
9744,431,160
9745,431,159
9746,431,159
9747,431,159
9748,431,160
9749,431,159
9750,431,159
9751,431,160
9752,430,159
9753,431,159
9754,431,159
9755,431,159
9756,431,159
9757,430,159
9758,430,159
9759,430,160
9760,431,159
9761,431,159
9762,430,159
9763,431,159
9764,430,160
9765,431,160
9766,430,160
9767,430,160
9768,430,161
9769,430,160
9770,430,161
9771,430,160
9772,430,160
9773,430,160
9774,430,160
9775,431,160
9776,430,160
9777,430,160
9778,430,160
9779,430,160
9780,430,160
9781,430,160
9782,430,160
9783,430,160
9784,430,160
9785,430,160
9786,430,160
9787,431,160
9788,431,159
9789,431,160
9790,430,159
9791,431,159
9792,431,159
9793,430,159
9794,431,159
9795,431,161
9796,431,161
9797,431,159
9798,431,159
9799,431,159
9800,431,159
9801,431,159
9802,430,159
9803,430,159
9804,429,161
9805,429,161
9806,429,161
9807,429,161
9808,430,161
9809,429,161
9810,429,161
9811,430,160
9812,430,161
9813,430,161
9814,429,161
9815,430,161
9816,430,161
9817,430,161
9818,430,161
9819,430,161
9820,430,161
9821,431,161
9822,430,161
9823,430,160
9824,430,162
9825,431,162
9826,430,160
9827,430,160
9828,430,160
9829,430,160
9830,430,161
9831,430,160
9832,430,160
9833,430,160
9834,430,160
9835,430,160
9836,430,160
9837,430,159
9838,430,159
9839,430,159
9840,430,159
9841,430,159
9842,430,159
9843,430,161
9844,430,159
9845,430,159
9846,430,159
9847,430,159
9848,430,159
9849,430,159
9850,430,159
9851,431,159
9852,431,159
9853,430,161
9854,430,161
9855,430,161
9856,430,161
9857,430,161
9858,430,159
9859,430,159
9860,430,159
9861,430,160
9862,430,160
9863,430,160
9864,430,160
9865,430,160
9866,430,160
9867,430,160
9868,430,160
9869,430,160
9870,430,160
9871,430,160
9872,430,159
9873,430,159
9874,430,159
9875,430,159
9876,430,159
9877,431,159
9878,431,159
9879,431,159
9880,431,159
9881,431,159
9882,431,159
9883,431,159
9884,431,159
9885,431,159
9886,431,159
9887,431,159
9888,431,159
9889,431,160
9890,431,158
9891,431,159
9892,431,159
9893,431,159
9894,431,159
9895,431,159
9896,431,159
9897,430,160
9898,430,160
9899,431,159
9900,431,160
9901,430,160
9902,430,159
9903,430,159
9904,430,159
9905,430,159
9906,430,161
9907,430,161
9908,430,161
9909,430,161
9910,430,161
9911,430,161
9912,430,160
9913,431,160
9914,431,160
9915,431,160
9916,430,160
9917,431,160
9918,431,160
9919,431,160
9920,431,160
9921,431,160
9922,431,160
9923,431,160
9924,431,160
9925,431,160
9926,431,160
9927,431,160
9928,431,160
9929,431,160
9930,431,160
9931,431,160
9932,431,159
9933,431,159
9934,431,159
9935,431,159
9936,431,159
9937,431,159
9938,431,161
9939,431,159
9940,431,159
9941,431,159
9942,430,158
9943,430,158
9944,430,160
9945,430,158
9946,430,161
9947,430,161
9948,430,161
9949,430,161
9950,430,159
9951,430,159
9952,430,159
9953,430,161
9954,431,161
9955,431,160
9956,430,160
9957,431,160
9958,431,160
9959,431,160
9960,431,159
9961,431,159
9962,431,159
9963,431,160
9964,431,160
9965,431,160
9966,431,159
9967,430,159
9968,430,160
9969,430,159
9970,430,159
9971,430,159
9972,430,159
9973,430,159
9974,430,161
9975,430,161
9976,431,159
9977,431,159
9978,431,159
9979,431,159
9980,431,159
9981,431,159
9982,431,159
9983,431,159
9984,431,159
9985,431,158
9986,431,158
9987,431,159
9988,430,159
9989,430,160
9990,430,160
9991,430,159
9992,430,160
9993,430,160
9994,431,158
9995,431,158
9996,431,158
9997,430,159
9998,430,159
9999,430,159
10000,430,160
10001,430,160
10002,430,160
10003,430,161
10004,430,161
10005,430,161
10006,430,161
10007,430,161
10008,430,161
10009,430,161
10010,430,160
10011,431,160
10012,431,160
10013,431,160
10014,431,160
10015,431,159
10016,431,159
10017,431,159
10018,431,161
10019,431,161
10020,432,160
10021,431,159
10022,431,160
10023,431,161
10024,431,161
10025,431,161
10026,431,160
10027,431,161
10028,431,161
10029,431,161
10030,431,161
10031,431,161
10032,431,161
10033,431,161
10034,431,161
10035,431,161
10036,431,160
10037,431,160
10038,431,161
10039,431,161
10040,430,161
10041,431,161
10042,431,160
10043,430,161
10044,430,161
10045,430,161
10046,430,160
10047,430,160
10048,430,160
10049,430,160
10050,429,159
10051,429,160
10052,429,161
10053,429,160
10054,429,160
10055,430,160
10056,430,160
10057,430,160
10058,431,161
10059,430,160
10060,430,160
10061,430,160
10062,430,160
10063,430,160
10064,430,160
10065,431,161
10066,430,160
10067,430,160
10068,430,160
10069,430,160
10070,430,160
10071,431,160
10072,430,159
10073,430,159
10074,430,160
10075,430,160
10076,430,160
10077,430,160
10078,430,160
10079,430,160
10080,431,161
10081,431,161
10082,431,161
10083,431,160
10084,430,160
10085,431,160
10086,431,160
10087,430,161
10088,430,161
10089,430,161
10090,430,161
10091,431,161
10092,431,161
10093,431,161
10094,431,161
10095,431,161
10096,431,161
10097,431,161
10098,431,161
10099,431,161
10100,431,161
10101,431,160
10102,431,160
10103,431,161
10104,431,161
10105,431,161
10106,431,161
10107,431,161
10108,430,161
10109,431,161
10110,431,161
10111,431,160
10112,431,160
10113,431,160
10114,431,160
10115,431,160
10116,431,160
10117,431,160
10118,431,160
10119,432,160
10120,432,159
10121,432,159
10122,432,159
10123,432,159
10124,432,159
10125,432,159
10126,431,159
10127,432,159
10128,431,159
10129,431,159
10130,431,161
10131,431,159
10132,431,159
10133,431,161
10134,431,160
10135,431,160
10136,431,161
10137,431,160
10138,432,160
10139,432,160
10140,432,160
10141,432,160
10142,431,160
10143,431,160
10144,431,160
10145,431,160
10146,431,160
10147,431,161
10148,432,161
10149,432,160
10150,431,160
10151,431,160
10152,431,162
10153,432,161
10154,432,161
10155,432,161
10156,432,161
10157,432,160
10158,432,160
10159,432,160
10160,431,160
10161,432,161
10162,432,160
10163,432,161
10164,432,160
10165,432,160
10166,432,160
10167,432,160
10168,432,160
10169,432,160
10170,432,161
10171,432,161
10172,432,161
10173,432,160
10174,431,161
10175,431,161
10176,431,161
10177,431,161
10178,431,161
10179,431,161
10180,431,161
10181,431,160
10182,431,161
10183,431,160
10184,431,161
10185,431,161
10186,431,161
10187,431,161
10188,431,161
10189,431,161
10190,431,161
10191,431,160
10192,431,161
10193,431,161
10194,431,161
10195,431,161
10196,431,161
10197,430,161
10198,430,161
10199,430,161
10200,430,161
10201,430,161
10202,430,161
10203,430,161
10204,431,161
10205,430,161
10206,430,160
10207,431,160
10208,431,160
10209,431,160
10210,432,160
10211,431,161
10212,432,160
10213,432,160
10214,432,159
10215,432,160
10216,431,160
10217,432,160
10218,431,161
10219,431,161
10220,431,161
10221,431,161
10222,431,161
10223,431,161
10224,431,160
10225,431,160
10226,431,160
10227,431,160
10228,431,160
10229,431,161
10230,431,161
10231,431,161
10232,431,161
10233,431,161
10234,431,161
10235,431,161
10236,431,160
10237,431,160
10238,431,160
10239,431,160
10240,430,160
10241,430,161
10242,430,160
10243,430,162
10244,430,161
10245,430,161
10246,430,161
10247,430,161
10248,431,161
10249,431,161
10250,431,162
10251,431,163
10252,431,162
10253,431,162
10254,431,163
10255,431,161
10256,431,161
10257,431,161
10258,431,161
10259,432,162
10260,431,162
10261,432,162
10262,431,160
10263,431,160
10264,431,162
10265,431,162
10266,430,162
10267,431,162
10268,431,161
10269,431,161
10270,431,161
10271,431,161
10272,431,161
10273,431,161
10274,431,161
10275,431,161
10276,431,161
10277,431,161
10278,431,161
10279,431,161
10280,431,160
10281,431,161
10282,431,161
10283,431,162
10284,431,162
10285,431,162
10286,431,162
10287,431,162
10288,430,162
10289,431,162
10290,431,162
10291,431,161
10292,431,161
10293,431,161
10294,431,162
10295,431,161
10296,431,161
10297,431,161
10298,431,161
10299,431,161
10300,431,161
10301,432,161
10302,432,161
10303,432,160
10304,431,160
10305,431,160
10306,431,162
10307,431,162
10308,431,162
10309,431,162
10310,431,161
10311,431,161
10312,431,161
10313,431,161
10314,431,160
10315,431,160
10316,431,160
10317,431,160
10318,431,160
10319,431,160
10320,431,159
10321,431,160
10322,431,160
10323,431,160
10324,431,160
10325,431,160
10326,431,160
10327,430,161
10328,430,161
10329,430,161
10330,430,160
10331,431,160
10332,431,161
10333,431,161
10334,430,161
10335,430,161
10336,430,161
10337,430,161
10338,431,161
10339,431,161
10340,431,160
10341,431,160
10342,431,160
10343,431,160
10344,431,160
10345,431,160
10346,431,160
10347,431,160
10348,432,160
10349,431,160
10350,431,160
10351,431,160
10352,431,160
10353,431,160
10354,430,160
10355,430,159
10356,430,159
10357,430,159
10358,430,160
10359,431,160
10360,431,160
10361,431,160
10362,431,160
10363,431,160
10364,431,160
10365,431,161
10366,431,159
10367,431,161
10368,431,159
10369,431,160
10370,430,160
10371,431,161
10372,431,161
10373,431,161
10374,431,161
10375,431,161
10376,430,161
10377,431,161
10378,431,162
10379,431,162
10380,431,162
10381,431,163
10382,431,160
10383,431,160
10384,431,161
10385,431,161
10386,431,161
10387,431,161
10388,431,160
10389,431,161
10390,432,161
10391,432,161
10392,432,161
10393,432,161
10394,432,161
10395,432,161
10396,432,161
10397,432,161
10398,432,161
10399,432,161
10400,432,161
10401,432,160
10402,432,161
10403,432,160
10404,432,161
10405,432,161
10406,431,161
10407,432,162
10408,431,162
10409,431,160
10410,432,161
10411,431,160
10412,431,161
10413,431,160
10414,431,160
10415,430,160
10416,430,160
10417,431,160
10418,431,162
10419,431,161
10420,431,162
10421,431,162
10422,431,162
10423,431,162
10424,431,161
10425,431,162
10426,430,162
10427,430,163
10428,430,162
10429,430,163
10430,430,162
10431,430,162
10432,430,162
10433,430,162
10434,430,162
10435,430,162
10436,430,162
10437,430,161
10438,430,162
10439,430,162
10440,431,161
10441,431,161
10442,431,161
10443,431,161
10444,431,160
10445,431,161
10446,431,162
10447,431,161
10448,431,161
10449,431,161
10450,431,162
10451,431,160
10452,432,161
10453,431,160
10454,432,161
10455,431,161
10456,431,159
10457,432,161
10458,431,162
10459,431,161
10460,431,161
10461,431,161
10462,431,162
10463,431,161
10464,431,162
10465,431,162
10466,431,162
10467,430,162
10468,431,162
10469,431,162
10470,431,162
10471,431,162
10472,430,163
10473,431,163
10474,431,163
10475,431,163
10476,431,163
10477,431,163
10478,431,163
10479,431,163
10480,431,161
10481,431,161
10482,431,161
10483,431,161
10484,431,161
10485,431,160
10486,431,161
10487,432,161
10488,432,160
10489,432,160
10490,432,160
10491,431,161
10492,431,161
10493,431,161
10494,431,160
10495,432,160
10496,432,159
10497,432,160
10498,432,159
10499,431,159
10500,431,162
10501,431,162
10502,430,163
10503,430,163
10504,430,163
10505,431,163
10506,430,163
10507,430,163
10508,430,163
10509,430,163
10510,430,162
10511,431,162
10512,430,163
10513,430,161
10514,430,162
10515,430,162
10516,430,162
10517,430,163
10518,430,163
10519,430,163
10520,430,163
10521,430,163
10522,430,163
10523,430,164
10524,430,163
10525,430,163
10526,430,163
10527,430,162
10528,430,163
10529,430,162
10530,430,162
10531,430,162
10532,430,163
10533,430,162
10534,431,162
10535,431,162
10536,431,161
10537,431,161
10538,431,161
10539,431,161
10540,431,161
10541,431,161
10542,431,160
10543,431,161
10544,431,161
10545,430,160
10546,430,162
10547,430,162
10548,430,163
10549,430,162
10550,430,162
10551,430,162
10552,430,162
10553,430,162
10554,430,162
10555,431,162
10556,430,162
10557,431,162
10558,431,162
10559,431,162
10560,431,159
10561,431,159
10562,431,159
10563,431,159
10564,431,160
10565,431,160
10566,431,160
10567,430,160
10568,430,160
10569,430,160
10570,430,160
10571,430,160
10572,430,160
10573,430,160
10574,431,160
10575,431,160
10576,431,160
10577,431,160
10578,431,160
10579,431,160
10580,431,160
10581,431,160
10582,430,160
10583,431,160
10584,431,159
10585,431,159
10586,431,159
10587,431,159
10588,431,159
10589,430,160
10590,430,160
10591,430,160
10592,430,159
10593,430,159
10594,430,160
10595,430,159
10596,430,159
10597,431,159
10598,430,160
10599,431,158
10600,431,158
10601,431,159
10602,430,160
10603,430,161
10604,430,161
10605,430,161
10606,431,161
10607,430,161
10608,430,161
10609,430,161
10610,430,161
10611,429,161
10612,429,161
10613,429,160
10614,430,161
10615,430,161
10616,430,162
10617,430,162
10618,430,162
10619,430,162
10620,430,162
10621,430,162
10622,431,161
10623,431,161
10624,431,161
10625,431,161
10626,431,161
10627,431,160
10628,431,161
10629,431,161
10630,431,160
10631,431,160
10632,431,161
10633,430,161
10634,430,161
10635,431,161
10636,430,161
10637,431,161
10638,431,161
10639,431,161
10640,431,161
10641,431,161
10642,431,160
10643,431,160
10644,430,161
10645,430,161
10646,430,161
10647,430,161
10648,430,161
10649,430,161
10650,430,161
10651,430,161
10652,430,161
10653,430,161
10654,430,161
10655,429,161
10656,430,161
10657,430,161
10658,430,161
10659,430,162
10660,430,162
10661,430,162
10662,430,162
10663,430,162
10664,430,162
10665,430,162
10666,430,162
10667,430,162
10668,430,162
10669,430,160
10670,430,162
10671,431,162
10672,430,163
10673,431,162
10674,431,162
10675,431,162
10676,431,162
10677,430,160
10678,431,162
10679,431,162
10680,431,160
10681,431,160
10682,431,160
10683,430,160
10684,431,160
10685,431,160
10686,430,159
10687,431,159
10688,431,159
10689,431,159
10690,431,160
10691,431,160
10692,431,161
10693,431,161
10694,431,161
10695,431,161
10696,431,160
10697,431,160
10698,431,160
10699,431,160
10700,431,160
10701,431,160
10702,430,160
10703,431,161
10704,431,161
10705,431,160
10706,431,161
10707,431,161
10708,431,161
10709,431,161
10710,431,161
10711,431,161
10712,430,161
10713,430,161
10714,431,161
10715,431,161
10716,431,161
10717,431,161
10718,430,161
10719,430,160
10720,431,161
10721,431,161
10722,431,161
10723,431,161
10724,431,160
10725,431,160
10726,431,160
10727,431,159
10728,431,160
10729,431,160
10730,431,159
10731,431,160
10732,431,160
10733,431,159
10734,431,159
10735,431,159
10736,431,159
10737,431,159
10738,431,159
10739,431,159
10740,431,159
10741,431,159
10742,431,159
10743,431,160
10744,431,159
10745,431,160
10746,431,161
10747,431,160
10748,431,160
10749,431,162
10750,431,161
10751,431,160
10752,431,161
10753,431,161
10754,431,161
10755,431,161
10756,430,161
10757,431,161
10758,431,161
10759,431,161
10760,431,161
10761,431,161
10762,431,161
10763,431,161
10764,431,161
10765,431,161
10766,431,161
10767,431,161
10768,431,161
10769,431,161
10770,431,160
10771,431,160
10772,431,160
10773,431,160
10774,431,160
10775,431,160
10776,431,160
10777,431,160
10778,430,160
10779,430,160
10780,431,161
10781,430,161
10782,431,160
10783,430,160
10784,430,160
10785,430,161
10786,430,161
10787,430,161
10788,430,161
10789,430,160
10790,430,160
10791,430,161
10792,430,161
10793,430,161
10794,430,161
10795,430,161
10796,430,160
10797,430,161
10798,430,161
10799,430,161
10800,431,161
10801,431,161
10802,431,161
10803,431,160
10804,431,160
10805,431,160
10806,431,160
10807,430,160
10808,430,160
10809,430,160
10810,430,160
10811,430,160
10812,430,160
10813,430,161
10814,431,160
10815,430,161
10816,431,159
10817,430,160
10818,431,160
10819,431,160
10820,431,160
10821,431,160
10822,430,160
10823,430,160
10824,431,160
10825,430,160
10826,430,160
10827,430,160
10828,430,160
10829,430,161
10830,430,161
10831,430,161
10832,430,161
10833,430,161
10834,430,161
10835,430,161
10836,430,161
10837,430,161
10838,430,161
10839,430,161
10840,430,161
10841,430,161
10842,430,161
10843,430,161
10844,430,161
10845,430,161
10846,430,162
10847,430,161
10848,430,161
10849,430,161
10850,429,161
10851,430,161
10852,430,161
10853,430,161
10854,430,161
10855,430,161
10856,430,161
10857,431,161
10858,431,161
10859,431,161
10860,431,161
10861,431,161
10862,431,162
10863,431,162
10864,431,160
10865,431,161
10866,431,161
10867,431,161
10868,430,161
10869,430,161
10870,430,161
10871,430,161
10872,430,161
10873,430,161
10874,430,161
10875,429,160
10876,430,162
10877,430,162
10878,430,162
10879,430,162
10880,430,160
10881,430,161
10882,430,162
10883,430,161
10884,430,161
10885,430,161
10886,430,161
10887,430,161
10888,430,162
10889,430,162
10890,430,161
10891,430,161
10892,430,161
10893,430,161
10894,430,161
10895,430,161
10896,430,161
10897,430,161
10898,430,162
10899,430,161
10900,430,162
10901,430,162
10902,430,162
10903,430,162
10904,430,161
10905,430,162
10906,430,161
10907,430,161
10908,430,161
10909,430,160
10910,430,160
10911,430,161
10912,430,161
10913,430,161
10914,429,161
10915,430,161
10916,430,161
10917,430,161
10918,430,161
10919,430,160
10920,430,160
10921,430,160
10922,430,160
10923,430,160
10924,430,160
10925,430,159
10926,431,160
10927,431,161
10928,431,160
10929,431,161
10930,431,161
10931,431,161
10932,431,161
10933,431,161
10934,431,161
10935,431,161
10936,431,161
10937,431,161
10938,430,161
10939,431,161
10940,431,161
10941,431,160
10942,431,160
10943,431,160
10944,431,161
10945,431,161
10946,431,161
10947,431,160
10948,431,160
10949,431,160
10950,431,160
10951,431,160
10952,431,160
10953,430,160
10954,431,160
10955,430,160
10956,431,159
10957,431,160
10958,431,159
10959,430,159
10960,430,159
10961,430,160
10962,430,159
10963,430,159
10964,430,159
10965,430,160
10966,430,160
10967,430,160
10968,430,160
10969,430,160
10970,430,160
10971,430,160
10972,430,160
10973,430,160
10974,430,160
10975,430,160
10976,429,160
10977,429,160
10978,429,161
10979,430,162
10980,430,160
10981,430,161
10982,429,161
10983,430,161
10984,430,161
10985,430,161
10986,430,162
10987,430,161
10988,431,161
10989,431,161
10990,431,161
10991,431,161
10992,431,161
10993,431,161
10994,431,161
10995,431,161
10996,431,161
10997,431,161
10998,431,161
10999,431,161
11000,430,161
11001,430,161
11002,430,161
11003,430,161
11004,430,161
11005,430,161
11006,430,161
11007,430,161
11008,430,160
11009,430,159
11010,430,159
11011,430,159
11012,430,160
11013,430,160
11014,430,160
11015,429,160
11016,430,160
11017,429,160
11018,430,160
11019,430,160
11020,430,160
11021,430,161
11022,430,161
11023,430,161
11024,430,161
11025,430,161
11026,430,160
11027,430,160
11028,430,160
11029,430,161
11030,430,161
11031,430,161
11032,430,160
11033,430,160
11034,431,160
11035,431,161
11036,430,160
11037,431,160
11038,431,160
11039,431,160
11040,432,161
11041,432,161
11042,432,161
11043,432,161
11044,432,161
11045,432,160
11046,431,159
11047,431,159
11048,431,159
11049,431,159
11050,431,159
11051,431,160
11052,431,160
11053,431,160
11054,431,160
11055,431,161
11056,431,160
11057,431,160
11058,431,160
11059,432,160
11060,431,160
11061,431,160
11062,431,160
11063,432,160
11064,432,159
11065,432,161
11066,431,160
11067,431,161
11068,431,160
11069,430,160
11070,430,160
11071,430,161
11072,430,160
11073,430,160
11074,431,160
11075,431,161
11076,431,161
11077,431,161
11078,431,160
11079,431,161
11080,431,160
11081,431,160
11082,431,160
11083,432,160
11084,432,160
11085,432,159
11086,433,162
11087,432,162
11088,433,162
11089,432,162
11090,432,161
11091,431,161
11092,431,161
11093,431,161
11094,431,160
11095,431,160
11096,431,160
11097,431,160
11098,431,160
11099,432,160
11100,432,160
11101,431,161
11102,432,160
11103,432,160
11104,432,160
11105,432,160
11106,432,160
11107,431,160
11108,431,161
11109,431,161
11110,431,161
11111,431,160
11112,431,161
11113,431,162
11114,431,161
11115,431,162
11116,431,162
11117,432,162
11118,432,162
11119,431,162
11120,431,161
11121,431,162
11122,431,162
11123,431,162
11124,431,162
11125,431,162
11126,431,162
11127,432,162
11128,432,162
11129,432,161
11130,432,162
11131,432,162
11132,432,162
11133,432,162
11134,432,162
11135,432,162
11136,432,162
11137,432,162
11138,431,161
11139,432,161
11140,431,161
11141,432,162
11142,431,161
11143,432,161
11144,431,161
11145,431,161
11146,432,160
11147,432,160
11148,432,160
11149,431,161
11150,431,161
11151,431,160
11152,431,160
11153,431,161
11154,431,161
11155,431,161
11156,431,160
11157,431,161
11158,431,161
11159,431,161
11160,430,160
11161,430,160
11162,430,160
11163,430,160
11164,430,161
11165,430,161
11166,430,161
11167,430,161
11168,430,161
11169,430,161
11170,430,161
11171,430,161
11172,430,161
11173,430,160
11174,430,160
11175,430,161
11176,430,160
11177,430,161
11178,430,160
11179,430,160
11180,430,161
11181,431,160
11182,430,161
11183,430,160
11184,430,161
11185,430,161
11186,430,161
11187,430,161
11188,430,161
11189,431,161
11190,431,161
11191,431,161
11192,431,160
11193,431,161
11194,431,161
11195,431,161
11196,431,161
11197,431,161
11198,431,161
11199,430,161
11200,430,160
11201,430,160
11202,430,160
11203,431,161
11204,431,161
11205,431,161
11206,431,161
11207,431,161
11208,430,161
11209,430,161
11210,430,161
11211,430,161
11212,430,161
11213,431,161
11214,431,160
11215,431,160
11216,431,161
11217,431,160
11218,431,160
11219,431,160
11220,431,160
11221,430,160
11222,431,160
11223,431,160
11224,431,160
11225,431,160
11226,431,160
11227,431,160
11228,431,160
11229,431,161
11230,431,161
11231,431,161
11232,432,161
11233,432,161
11234,432,161
11235,432,159
11236,431,161
11237,431,160
11238,431,160
11239,432,160
11240,431,160
11241,431,160
11242,431,160
11243,431,160
11244,430,160
11245,430,160
11246,430,160
11247,430,160
11248,430,160
11249,430,160
11250,430,161
11251,430,161
11252,430,161
11253,430,161
11254,430,161
11255,430,160
11256,430,160
11257,430,160
11258,430,160
11259,430,160
11260,430,160
11261,430,160
11262,430,160
11263,430,160
11264,430,160
11265,430,160
11266,430,160
11267,430,161
11268,430,160
11269,430,160
11270,430,159
11271,430,161
11272,430,161
11273,430,160
11274,431,160
11275,431,159
11276,431,159
11277,431,159
11278,430,159
11279,430,159
11280,432,160
11281,432,160
11282,432,160
11283,432,161
11284,432,160
11285,433,159
11286,432,160
11287,431,160
11288,431,160
11289,431,160
11290,431,159
11291,431,160
11292,431,160
11293,431,161
11294,430,161
11295,431,160
11296,431,160
11297,431,160
11298,431,161
11299,431,161
11300,431,161
11301,430,160
11302,430,161
11303,430,161
11304,429,161
11305,429,161
11306,429,161
11307,430,162
11308,429,162
11309,430,161
11310,430,161
11311,429,161
11312,430,161
11313,430,161
11314,430,161
11315,430,161
11316,431,161
11317,431,161
11318,431,161
11319,431,161
11320,430,161
11321,431,161
11322,430,161
11323,431,161
11324,431,161
11325,431,162
11326,430,161
11327,430,161
11328,430,161
11329,430,161
11330,430,161
11331,430,161
11332,430,161
11333,430,161
11334,430,161
11335,430,160
11336,430,161
11337,430,161
11338,430,161
11339,430,161
11340,430,161
11341,430,160
11342,430,161
11343,430,161
11344,430,161
11345,430,162
11346,430,162
11347,430,162
11348,430,162
11349,430,161
11350,430,161
11351,430,162
11352,429,161
11353,430,161
11354,430,161
11355,430,161
11356,430,162
11357,430,161
11358,430,161
11359,430,162
11360,430,162
11361,430,162
11362,431,161
11363,430,162
11364,430,162
11365,430,161
11366,430,162
11367,430,161
11368,431,161
11369,431,160
11370,430,161
11371,430,161
11372,430,161
11373,430,161
11374,430,161
11375,430,161
11376,431,161
11377,431,161
11378,430,162
11379,430,161
11380,430,161
11381,430,161
11382,430,161
11383,430,161
11384,430,161
11385,430,162
11386,430,161
11387,430,161
11388,430,161
11389,430,161
11390,430,161
11391,430,161
11392,430,161
11393,430,161
11394,429,162
11395,429,161
11396,430,162
11397,430,161
11398,430,161
11399,430,161
11400,431,161
11401,431,161
11402,431,161
11403,431,161
11404,431,161
11405,430,162
11406,430,161
11407,430,161
11408,430,161
11409,430,161
11410,430,161
11411,430,161
11412,430,161
11413,430,162
11414,431,161
11415,431,160
11416,431,161
11417,431,160
11418,431,161
11419,431,161
11420,431,161
11421,432,161
11422,432,161
11423,431,161
11424,431,160
11425,431,161
11426,431,160
11427,431,160
11428,431,160
11429,431,160
11430,431,160
11431,431,160
11432,431,160
11433,431,161
11434,430,160
11435,430,160
11436,431,160
11437,431,161
11438,430,160
11439,431,161
11440,431,160
11441,431,160
11442,431,160
11443,431,160
11444,431,161
11445,431,162
11446,431,161
11447,431,162
11448,431,162
11449,431,162
11450,431,162
11451,431,161
11452,431,161
11453,431,162
11454,430,161
11455,431,161
11456,431,161
11457,432,160
11458,431,160
11459,431,160
11460,432,160
11461,432,160
11462,431,162
11463,431,162
11464,431,162
11465,431,161
11466,432,160
11467,431,161
11468,431,161
11469,430,161
11470,431,161
11471,430,161
11472,431,161
11473,431,160
11474,431,160
11475,431,160
11476,431,160
11477,431,160
11478,431,160
11479,431,160
11480,431,160
11481,430,160
11482,431,160
11483,431,160
11484,431,160
11485,431,160
11486,431,160
11487,431,160
11488,431,160
11489,431,160
11490,430,161
11491,431,160
11492,431,160
11493,431,161
11494,431,161
11495,431,161
11496,431,161
11497,431,161
11498,430,160
11499,430,161
11500,431,161
11501,431,161
11502,431,161
11503,432,161
11504,432,161
11505,432,161
11506,432,161
11507,432,161
11508,432,161
11509,432,161
11510,432,161
11511,432,161
11512,432,161
11513,432,161
11514,432,161
11515,432,161
11516,432,161
11517,432,161
11518,432,161
11519,432,161
11520,431,159
11521,431,160
11522,431,160
11523,431,159
11524,432,161
11525,432,161
11526,431,161
11527,431,160
11528,431,160
11529,431,160
11530,431,160
11531,431,161
11532,431,161
11533,431,161
11534,431,161
11535,431,160
11536,431,161
11537,430,161
11538,429,160
11539,429,160
11540,430,160
11541,429,161
11542,430,161
11543,430,161
11544,430,161
11545,430,161
11546,430,161
11547,430,161
11548,431,161
11549,431,160
11550,431,160
11551,431,161
11552,431,161
11553,431,161
11554,431,161
11555,431,160
11556,431,160
11557,431,160
11558,431,160
11559,431,159
11560,431,160
11561,431,160
11562,431,160
11563,431,160
11564,431,160
11565,431,161
11566,431,160
11567,431,160
11568,431,160
11569,431,160
11570,431,161
11571,431,161
11572,431,161
11573,431,161
11574,431,161
11575,431,161
11576,431,161
11577,431,161
11578,431,160
11579,431,161
11580,431,161
11581,430,161
11582,430,161
11583,430,161
11584,430,161
11585,431,161
11586,430,161
11587,430,161
11588,430,161
11589,430,160
11590,430,162
11591,430,162
11592,430,162
11593,431,160
11594,431,161
11595,431,161
11596,431,161
11597,431,161
11598,431,160
11599,431,160
11600,431,160
11601,431,160
11602,431,161
11603,432,161
11604,432,161
11605,432,161
11606,432,161
11607,432,161
11608,432,161
11609,432,161
11610,432,161
11611,431,161
11612,431,161
11613,431,160
11614,431,160
11615,432,160
11616,432,160
11617,432,160
11618,431,161
11619,431,161
11620,431,161
11621,431,161
11622,431,161
11623,431,160
11624,431,161
11625,431,160
11626,432,161
11627,431,161
11628,431,161
11629,431,161
11630,431,161
11631,431,161
11632,431,161
11633,431,161
11634,431,161
11635,431,162
11636,431,162
11637,431,162
11638,431,161
11639,431,161
11640,429,161
11641,429,161
11642,429,161
11643,429,161
11644,429,161
11645,430,160
11646,430,160
11647,430,160
11648,430,160
11649,430,160
11650,430,160
11651,430,160
11652,430,160
11653,430,160
11654,430,160
11655,431,161
11656,431,161
11657,430,161
11658,430,161
11659,430,161
11660,430,161
11661,430,160
11662,430,160
11663,430,160
11664,430,161
11665,430,160
11666,430,160
11667,430,160
11668,430,160
11669,430,160
11670,430,160
11671,430,160
11672,430,160
11673,430,160
11674,430,161
11675,430,161
11676,430,161
11677,430,161
11678,430,161
11679,430,161
11680,429,160
11681,429,160
11682,430,161
11683,429,161
11684,429,161
11685,429,161
11686,430,162
11687,430,161
11688,430,162
11689,430,162
11690,430,162
11691,430,161
11692,430,161
11693,430,161
11694,430,161
11695,430,161
11696,430,161
11697,431,160
11698,431,161
11699,431,161
11700,431,161
11701,431,161
11702,431,161
11703,431,162
11704,431,161
11705,431,161
11706,431,161
11707,431,161
11708,431,161
11709,431,161
11710,431,161
11711,430,160
11712,431,161
11713,430,161
11714,430,161
11715,430,161
11716,430,161
11717,430,161
11718,431,161
11719,431,161
11720,430,161
11721,430,161
11722,431,161
11723,431,161
11724,431,161
11725,431,161
11726,431,161
11727,431,161
11728,431,161
11729,431,162
11730,431,162
11731,431,162
11732,431,161
11733,431,162
11734,431,162
11735,430,161
11736,430,161
11737,430,161
11738,430,161
11739,430,161
11740,431,161
11741,431,161
11742,431,161
11743,431,161
11744,431,161
11745,431,161
11746,431,161
11747,431,161
11748,431,161
11749,431,161
11750,431,161
11751,430,160
11752,431,160
11753,431,160
11754,431,160
11755,430,160
11756,431,161
11757,430,160
11758,431,161
11759,430,160
11760,430,160
11761,430,160
11762,430,160
11763,431,160
11764,431,160
11765,431,160
11766,430,161
11767,430,160
11768,430,161
11769,430,161
11770,430,161
11771,430,161
11772,430,162
11773,430,162
11774,431,162
11775,430,162
11776,430,162
11777,430,163
11778,430,161
11779,430,161
11780,430,161
11781,430,162
11782,430,162
11783,430,161
11784,430,162
11785,431,162
11786,431,161
11787,431,162
11788,431,161
11789,431,162
11790,431,161
11791,431,161
11792,431,161
11793,431,161
11794,431,161
11795,431,161
11796,430,161
11797,430,162
11798,431,161
11799,431,161
11800,430,161
11801,430,161
11802,430,161
11803,430,161
11804,430,162
11805,430,161
11806,430,162
11807,430,161
11808,430,161
11809,431,160
11810,430,161
11811,430,161
11812,430,161
11813,430,159
11814,431,160
11815,430,160
11816,430,160
11817,430,160
11818,430,160
11819,430,161
11820,430,162
11821,430,162
11822,430,161
11823,430,161
11824,430,161
11825,430,162
11826,430,162
11827,430,161
11828,430,161
11829,430,162
11830,430,161
11831,431,161
11832,431,161
11833,431,161
11834,431,161
11835,431,161
11836,431,161
11837,431,161
11838,431,161
11839,431,161
11840,431,161
11841,431,160
11842,431,160
11843,431,160
11844,431,160
11845,431,160
11846,430,160
11847,431,160
11848,430,160
11849,431,160
11850,430,160
11851,430,160
11852,431,161
11853,431,160
11854,430,161
11855,430,160
11856,430,160
11857,430,160
11858,430,160
11859,430,161
11860,430,161
11861,430,161
11862,430,161
11863,430,161
11864,430,161
11865,430,161
11866,431,162
11867,431,161
11868,431,161
11869,430,162
11870,430,162
11871,430,162
11872,430,162
11873,431,162
11874,431,162
11875,430,162
11876,430,162
11877,430,162
11878,430,162
11879,430,162
11880,430,161
11881,430,161
11882,430,161
11883,430,161
11884,430,161
11885,430,161
11886,430,161
11887,431,161
11888,431,161
11889,431,161
11890,431,161
11891,431,160
11892,431,160
11893,431,160
11894,431,160
11895,431,160
11896,431,160
11897,431,160
11898,431,160
11899,431,160
11900,431,160
11901,431,160
11902,431,160
11903,431,160
11904,431,160
11905,431,160
11906,431,160
11907,431,160
11908,431,160
11909,430,161
11910,430,161
11911,430,160
11912,430,161
11913,430,161
11914,430,161
11915,430,161
11916,430,161
11917,430,161
11918,430,161
11919,429,161
11920,429,161
11921,429,161
11922,429,161
11923,429,161
11924,429,161
11925,430,161
11926,429,161
11927,430,161
11928,430,161
11929,430,161
11930,430,161
11931,430,161
11932,430,161
11933,430,161
11934,430,161
11935,431,161
11936,430,161
11937,431,161
11938,430,161
11939,430,161
11940,430,161
11941,430,161
11942,430,161
11943,430,161
11944,430,161
11945,430,160
11946,430,161
11947,430,161
11948,430,161
11949,430,161
11950,430,161
11951,431,161
11952,430,161
11953,430,161
11954,430,161
11955,430,161
11956,430,161
11957,430,161
11958,430,161
11959,430,161
11960,430,161
11961,430,161
11962,430,161
11963,429,161
11964,429,161
11965,429,161
11966,429,161
11967,429,161
11968,429,161
11969,430,162
11970,430,162
11971,430,162
11972,430,162
11973,430,162
11974,430,162
11975,430,161
11976,430,161
11977,430,161
11978,430,161
11979,430,161
11980,430,161
11981,430,161
11982,431,162
11983,430,161
11984,431,162
11985,431,162
11986,430,161
11987,430,161
11988,430,161
11989,430,161
11990,430,161
11991,430,161
11992,430,161
11993,430,161
11994,430,161
11995,430,161
11996,430,161
11997,430,161
11998,430,161
11999,430,161
12000,430,160
12001,430,160
12002,430,160
12003,431,160
12004,431,160
12005,431,160
12006,431,161
12007,430,160
12008,430,160
12009,430,160
12010,430,161
12011,430,161
12012,430,160
12013,430,161
12014,431,161
12015,431,161
12016,431,161
12017,431,162
12018,431,161
12019,431,161
12020,430,161
12021,431,161
12022,431,161
12023,431,160
12024,431,160
12025,431,160
12026,431,160
12027,431,160
12028,431,160
12029,431,160
12030,431,160
12031,431,160
12032,431,160
12033,431,160
12034,431,160
12035,431,160
12036,431,160
12037,431,160
12038,431,161
12039,431,161
12040,431,160
12041,431,160
12042,431,160
12043,431,161
12044,431,160
12045,431,160
12046,431,160
12047,431,160
12048,431,161
12049,431,160
12050,431,160
12051,430,159
12052,430,159
12053,430,160
12054,431,159
12055,430,160
12056,431,160
12057,431,159
12058,431,160
12059,431,160
12060,430,160
12061,431,160
12062,431,160
12063,431,161
12064,431,161
12065,431,161
12066,430,161
12067,430,161
12068,431,161
12069,431,161
12070,431,161
12071,431,161
12072,431,161
12073,431,160
12074,431,161
12075,432,160
12076,432,160
12077,432,161
12078,432,161
12079,432,160
12080,433,161
12081,432,160
12082,432,160
12083,432,160
12084,432,160
12085,432,160
12086,432,160
12087,432,160
12088,432,160
12089,431,160
12090,432,160
12091,431,161
12092,432,162
12093,431,161
12094,431,161
12095,431,161
12096,431,161
12097,431,160
12098,431,161
12099,431,161
12100,431,161
12101,431,161
12102,431,161
12103,431,161
12104,431,161
12105,431,161
12106,431,161
12107,431,161
12108,431,161
12109,431,161
12110,431,162
12111,431,162
12112,431,162
12113,431,162
12114,431,162
12115,431,162
12116,431,162
12117,431,162
12118,430,161
12119,431,162
12120,431,162
12121,431,162
12122,431,162
12123,431,162
12124,431,161
12125,431,162
12126,431,162
12127,431,161
12128,431,161
12129,431,161
12130,431,161
12131,431,161
12132,431,161
12133,431,161
12134,431,161
12135,431,161
12136,431,161
12137,431,161
12138,432,161
12139,431,161
12140,431,161
12141,431,160
12142,431,160
12143,432,160
12144,432,160
12145,432,160
12146,431,160
12147,431,160
12148,432,160
12149,431,160
12150,431,160
12151,431,160
12152,431,160
12153,431,161
12154,430,161
12155,431,161
12156,431,161
12157,431,161
12158,430,161
12159,430,161
12160,430,162
12161,430,162
12162,430,162
12163,429,162
12164,430,161
12165,430,162
12166,430,162
12167,430,162
12168,430,162
12169,430,161
12170,430,161
12171,430,162
12172,430,162
12173,430,162
12174,431,162
12175,431,161
12176,431,161
12177,431,162
12178,431,161
12179,431,161
12180,431,161
12181,431,161
12182,431,161
12183,431,161
12184,431,161
12185,431,161
12186,431,161
12187,431,161
12188,431,161
12189,431,161
12190,431,161
12191,431,161
12192,431,160
12193,430,160
12194,430,160
12195,430,160
12196,430,160
12197,430,160
12198,430,161
12199,430,160
12200,430,160
12201,430,161
12202,430,161
12203,430,161
12204,430,161
12205,430,161
12206,430,161
12207,430,161
12208,430,161
12209,430,161
12210,430,161
12211,431,161
12212,430,161
12213,431,161
12214,431,161
12215,431,161
12216,431,160
12217,431,160
12218,431,161
12219,431,161
12220,431,161
12221,431,160
12222,431,160
12223,431,160
12224,431,160
12225,431,160
12226,431,162
12227,431,161
12228,432,161
12229,432,161
12230,432,161
12231,431,161
12232,432,160
12233,431,161
12234,431,161
12235,431,161
12236,431,160
12237,431,161
12238,431,160
12239,431,160
12240,431,160
12241,431,160
12242,431,160
12243,431,160
12244,431,160
12245,430,161
12246,431,160
12247,431,161
12248,431,161
12249,431,161
12250,431,160
12251,431,160
12252,431,160
12253,431,161
12254,431,161
12255,431,161
12256,431,161
12257,431,161
12258,430,161
12259,430,161
12260,430,161
12261,430,162
12262,430,162
12263,430,162
12264,430,161
12265,430,162
12266,431,161
12267,431,161
12268,431,161
12269,431,161
12270,431,161
12271,431,161
12272,431,161
12273,431,161
12274,431,161
12275,431,161
12276,432,161
12277,432,161
12278,432,161
12279,432,160
12280,431,161
12281,431,161
12282,431,160
12283,431,161
12284,431,161
12285,431,161
12286,431,162
12287,431,162
12288,431,162
12289,431,162
12290,431,162
12291,431,161
12292,431,161
12293,431,161
12294,431,162
12295,431,161
12296,431,161
12297,430,161
12298,430,161
12299,431,162
12300,431,161
12301,431,161
12302,430,161
12303,430,161
12304,430,161
12305,430,161
12306,430,161
12307,430,162
12308,429,162
12309,431,160
12310,431,157
12311,434,158
12312,437,159
12313,437,155
12314,438,158
12315,437,153
12316,436,158
12317,436,158
12318,435,182
12319,437,158
12320,442,153
12321,448,155
12322,449,157
12323,455,159
12324,455,159
12325,452,157
12326,446,155
12327,448,155
12328,447,157
12329,449,162
12330,447,155
12331,447,159
12332,445,158
12333,448,161
12334,452,168
12335,456,158
12336,456,160
12337,455,160
12338,455,152
12339,454,159
12340,455,160
12341,452,149
12342,453,149
12343,452,168
12344,449,168
12345,446,170
12346,446,173
12347,445,168
12348,444,167
12349,445,167
12350,445,169
12351,445,172
12352,443,170
12353,441,170
12354,440,174
12355,439,177
12356,437,173
12357,440,176
12358,430,180
12359,421,189
12360,421,192
12361,416,193
12362,417,196
12363,420,198
12364,416,201
12365,419,201
12366,418,202
12367,422,204
12368,421,205
12369,428,206
12370,424,205
12371,425,206
12372,429,206
12373,424,209
12374,428,215
12375,437,213
12376,425,215
12377,432,215
12378,424,214
12379,423,210
12380,423,228
12381,428,179
12382,429,172
12383,431,166
12384,439,158
12385,443,151
12386,440,146
12387,441,151
12388,458,155
12389,450,150
12390,450,150
12391,455,154
12392,444,149
12393,448,146
12394,456,151
12395,451,152
12396,452,155
12397,451,163
12398,452,156
12399,447,160
12400,444,151
12401,446,148
12402,448,149
12403,450,155
12404,452,151
12405,451,152
12406,452,151
12407,451,159
12408,450,171
12409,450,168
12410,450,143
12411,452,168
12412,450,158
12413,457,176
12414,460,178
12415,454,178
12416,455,178
12417,454,178
12418,452,174
12419,453,172
12420,448,171
12421,451,174
12422,438,164
12423,438,165
12424,451,174
12425,450,174
12426,451,174
12427,451,172
12428,438,166
12429,437,165
12430,430,158
12431,438,160
12432,445,158
12433,445,157
12434,433,159
12435,431,159
12436,434,159
12437,446,154
12438,436,158
12439,446,155
12440,446,150
12441,446,151
12442,447,152
12443,443,155
12444,445,153
12445,447,152
12446,443,151
12447,436,153
12448,427,149
12449,435,148
12450,436,150
12451,444,151
12452,444,152
12453,444,150
12454,447,150
12455,440,146
12456,438,148
12457,440,147
12458,441,146
12459,457,147
12460,456,148
12461,458,149
12462,467,150
12463,453,155
12464,454,157
12465,454,158
12466,451,157
12467,449,153
12468,447,154
12469,445,152
12470,434,150
12471,427,150
12472,427,152
12473,428,152
12474,431,155
12475,423,157
12476,422,156
12477,420,158
12478,418,160
12479,417,160
12480,416,159
12481,415,160
12482,415,160
12483,415,161
12484,414,161
12485,420,159
12486,414,159
12487,421,158
12488,421,158
12489,421,157
12490,415,159
12491,415,159
12492,415,158
12493,417,157
12494,414,155
12495,415,155
12496,417,154
12497,420,155
12498,424,153
12499,423,153
12500,421,152
12501,421,151
12502,422,151
12503,424,151
12504,422,156
12505,428,148
12506,430,148
12507,433,149
12508,437,155
12509,437,159
12510,446,159
12511,445,163
12512,446,156
12513,446,158
12514,445,162
12515,443,164
12516,445,162
12517,445,164
12518,446,163
12519,449,164
12520,456,164
12521,451,165
12522,451,167
12523,451,168
12524,455,173
12525,454,175
12526,452,175
12527,449,176
12528,453,174
12529,446,178
12530,449,180
12531,448,179
12532,446,180
12533,443,182
12534,442,185
12535,437,185
12536,439,183
12537,439,184
12538,442,186
12539,443,182
12540,448,185
12541,453,186
12542,456,181
12543,457,180
12544,455,181
12545,458,179
12546,459,184
12547,461,182
12548,462,195
12549,466,187
12550,468,186
12551,466,187
12552,458,189
12553,450,192
12554,450,190
12555,446,191
12556,447,190
12557,449,191
12558,445,192
12559,445,191
12560,447,187
12561,449,185
12562,441,187
12563,441,188
12564,447,188
12565,448,191
12566,446,190
12567,439,190
12568,439,192
12569,438,189
12570,438,186
12571,441,186
12572,441,185
12573,447,185
12574,448,189
12575,445,186
12576,443,188
12577,441,188
12578,441,187
12579,442,186
12580,449,185
12581,449,188
12582,447,189
12583,446,189
12584,442,186
12585,449,188
12586,450,188
12587,453,189
12588,450,188
12589,450,188
12590,449,188
12591,448,185
12592,448,185
12593,445,186
12594,445,186
12595,447,185
12596,449,188
12597,447,185
12598,447,186
12599,447,186
12600,450,184
12601,450,183
12602,449,182
12603,453,187
12604,453,187
12605,453,187
12606,450,183
12607,449,183
12608,449,183
12609,449,182
12610,450,183
12611,450,184
12612,451,184
12613,452,184
12614,453,184
12615,452,184
12616,451,184
12617,450,185
12618,448,185
12619,446,185
12620,441,186
12621,441,190
12622,440,188
12623,447,191
12624,444,186
12625,472,188
12626,453,187
12627,442,182
12628,441,183
12629,439,184
12630,441,186
12631,440,186
12632,441,186
12633,443,185
12634,437,184
12635,429,191
12636,428,191
12637,428,192
12638,431,191
12639,431,192
12640,433,190
12641,435,187
12642,439,189
12643,437,186
12644,436,184
12645,441,182
12646,442,183
12647,440,178
12648,440,175
12649,445,174
12650,446,175
12651,453,177
12652,455,161
12653,455,163
12654,453,159
12655,452,153
12656,454,175
12657,454,147
12658,453,149
12659,457,149
12660,458,157
12661,456,151
12662,455,153
12663,455,147
12664,454,152
12665,455,162
12666,455,164
12667,457,169
12668,456,168
12669,457,178
12670,457,166
12671,455,167
12672,451,170
12673,455,172
12674,456,174
12675,456,176
12676,457,169
12677,456,166
12678,457,170
12679,458,170
12680,458,170
12681,459,172
12682,452,173
12683,452,175
12684,441,173
12685,458,176
12686,454,180
12687,455,181
12688,454,182
12689,453,187
12690,436,189
12691,452,193
12692,453,194
12693,447,197
12694,455,199
12695,456,201
12696,457,204
12697,457,207
12698,456,207
12699,447,208
12700,458,214
12701,460,213
12702,458,213
12703,457,213
12704,458,213
12705,460,215
12706,452,217
12707,449,219
12708,449,223
12709,447,227
12710,446,226
12711,445,230
12712,448,232
12713,450,232
12714,445,233
12715,445,232
12716,444,236
12717,442,236
12718,442,238
12719,439,235
12720,445,233
12721,446,233
12722,447,230
12723,446,232
12724,444,234
12725,447,236
12726,449,223
12727,443,231
12728,439,230
12729,445,236
12730,445,237
12731,453,241
12732,456,239
12733,460,235
12734,466,227
12735,452,206
12736,456,219
12737,450,220
12738,450,219
12739,447,220
12740,443,221
12741,442,219
12742,449,226
12743,429,240
12744,424,227
12745,423,219
12746,415,225
12747,408,228
12748,409,229
12749,407,228
12750,414,226
12751,411,222
12752,410,226
12753,416,223
12754,409,224
12755,409,224
12756,416,225
12757,419,225
12758,420,225
12759,414,222
12760,411,226
12761,410,225
12762,407,221
12763,407,218
12764,413,219
12765,412,220
12766,414,222
12767,415,220
12768,416,220
12769,415,217
12770,414,218
12771,411,196
12772,411,190
12773,411,184
12774,410,209
12775,412,208
12776,413,206
12777,413,193
12778,413,182
12779,412,204
12780,413,203
12781,413,199
12782,413,195
12783,413,202
12784,413,198
12785,414,179
12786,414,193
12787,413,190
12788,409,166
12789,409,170
12790,408,200
12791,408,163
12792,403,167
12793,400,162
12794,402,157
12795,402,175
12796,402,183
12797,400,219
12798,393,177
12799,397,176
12800,396,190
12801,395,186
12802,386,197
12803,389,227
12804,387,212
12805,386,225
12806,387,204
12807,389,187
12808,387,180
12809,380,185
12810,391,237
12811,391,237
12812,394,238
12813,389,239
12814,390,232
12815,388,221
12816,393,248
12817,396,251
12818,397,248
12819,399,231
12820,395,220
12821,399,228
12822,399,219
12823,401,214
12824,398,215
12825,391,223
12826,380,225
12827,372,188
12828,400,202
12829,398,213
12830,390,216
12831,390,213
12832,395,218
12833,392,222
12834,391,222
12835,389,224
12836,390,225
12837,387,230
12838,385,232
12839,385,236
12840,383,232
12841,383,239
12842,383,238
12843,385,239
12844,378,235
12845,386,233
12846,387,232
12847,383,204
12848,384,201
12849,381,200
12850,382,197
12851,379,196
12852,385,194
12853,384,192
12854,381,194
12855,376,191
12856,377,190
12857,385,189
12858,384,189
12859,384,189
12860,382,187
12861,382,187
12862,374,186
12863,389,183
12864,386,180
12865,384,177
12866,364,174
12867,380,175
12868,377,173
12869,380,173
12870,373,171
12871,379,170
12872,378,169
12873,369,170
12874,349,168
12875,361,168
12876,343,168
12877,342,168
12878,346,168
12879,344,166
12880,345,168
12881,346,166
12882,347,168
12883,346,165
12884,348,166
12885,347,166
12886,351,167
12887,350,166
12888,350,166
12889,351,166
12890,352,165
12891,355,166
12892,352,165
12893,352,164
12894,353,164
12895,357,164
12896,357,163
12897,355,163
12898,354,162
12899,355,162
12900,354,164
12901,355,164
12902,354,164
12903,355,164
12904,357,164
12905,358,165
12906,359,164
12907,358,165
12908,359,164
12909,356,164
12910,355,165
12911,354,165
12912,354,165
12913,354,165
12914,355,165
12915,351,164
12916,352,164
12917,351,164
12918,358,166
12919,357,165
12920,354,164
12921,356,164
12922,358,165
12923,355,164
12924,359,164
12925,370,163
12926,366,163
12927,369,162
12928,363,159
12929,358,154
12930,360,151
12931,359,149
12932,365,151
12933,362,143
12934,362,143
12935,364,142
12936,367,140
12937,373,142
12938,381,142
12939,381,135
12940,380,131
12941,382,131
12942,384,129
12943,383,129
12944,386,132
12945,388,136
12946,387,138
12947,389,136
12948,392,137
12949,392,138
12950,392,139
12951,392,139
12952,392,139
12953,390,139
12954,387,141
12955,388,140
12956,387,141
12957,385,142
12958,386,142
12959,383,140
12960,381,139
12961,380,143
12962,379,143
12963,378,147
12964,378,150
12965,377,152
12966,374,159
12967,374,163
12968,371,166
12969,367,168
12970,362,169
12971,359,173
12972,359,177
12973,356,180
12974,350,182
12975,351,184
12976,351,185
12977,351,183
12978,349,184
12979,349,185
12980,351,187
12981,352,187
12982,354,188
12983,360,187
12984,367,186
12985,370,199
12986,377,197
12987,383,194
12988,389,198
12989,386,203
12990,390,204
12991,390,205
12992,386,211
12993,385,228
12994,385,219
12995,384,224
12996,384,223
12997,385,221
12998,385,222
12999,384,222
13000,384,226
13001,385,227
13002,386,225
13003,373,229
13004,372,228
13005,380,227
13006,381,228
13007,380,229
13008,382,230
13009,385,230
13010,380,231
13011,381,232
13012,380,232
13013,380,232
13014,379,233
13015,379,230
13016,379,230
13017,379,233
13018,376,233
13019,376,232
13020,376,229
13021,376,227
13022,376,227
13023,376,227
13024,376,228
13025,376,227
13026,376,232
13027,376,228
13028,375,226
13029,372,226
13030,372,229
13031,371,231
13032,371,228
13033,370,228
13034,367,231
13035,367,233
13036,367,231
13037,368,230
13038,367,231
13039,368,231
13040,372,232
13041,374,232
13042,372,235
13043,375,236
13044,382,239
13045,383,241
13046,397,241
13047,400,245
13048,398,247
13049,392,247
13050,402,249
13051,392,252
13052,396,250
13053,396,252
13054,397,251
13055,397,251
13056,398,255
13057,400,255
13058,402,254
13059,402,254
13060,401,255
13061,407,254
13062,408,256
13063,412,257
13064,418,258
13065,408,266
13066,404,262
13067,405,266
13068,409,266
13069,406,267
13070,408,266
13071,405,269
13072,396,269
13073,400,269
13074,402,269
13075,402,268
13076,405,271
13077,405,271
13078,405,267
13079,413,266
13080,417,265
13081,417,272
13082,419,254
13083,415,252
13084,415,246
13085,413,253
13086,413,249
13087,411,246
13088,415,238
13089,425,232
13090,417,229
13091,443,226
13092,424,226
13093,424,226
13094,438,226
13095,438,226
13096,451,230
13097,453,232
13098,441,239
13099,417,222
13100,408,210
13101,434,225
13102,425,228
13103,414,246
13104,411,229
13105,413,229
13106,416,228
13107,412,225
13108,405,222
13109,403,221
13110,398,221
13111,401,220
13112,397,219
13113,399,219
13114,403,220
13115,399,220
13116,398,224
13117,399,226
13118,400,226
13119,405,228
13120,407,229
13121,408,227
13122,407,231
13123,407,233
13124,410,236
13125,408,238
13126,407,241
13127,407,245
13128,403,248
13129,398,256
13130,397,262
13131,395,263
13132,393,261
13133,394,261
13134,395,265
13135,394,263
13136,393,263
13137,393,264
13138,394,265
13139,394,266
13140,393,270
13141,392,271
13142,388,282
13143,386,277
13144,378,285
13145,377,290
13146,376,288
13147,373,289
13148,367,292
13149,360,292
13150,357,294
13151,351,306
13152,343,308
13153,339,314
13154,337,316
13155,335,318
13156,343,321
13157,356,322
13158,331,323
13159,325,324
13160,328,326
13161,337,327
13162,328,327
13163,356,327
13164,370,329
13165,366,330
13166,373,329
13167,365,330
13168,344,334
13169,332,334
13170,331,334
13171,331,333
13172,329,335
13173,328,336
13174,336,335
13175,329,335
13176,328,334
13177,330,335
13178,327,335
13179,326,334
13180,327,334
13181,336,332
13182,329,331
13183,327,330
13184,331,329
13185,324,328
13186,322,324
13187,320,320
13188,317,316
13189,318,316
13190,320,315
13191,318,315
13192,317,315
13193,311,314
13194,307,314
13195,304,314
13196,302,313
13197,301,314
13198,292,312
13199,291,313
13200,296,316
13201,291,316
13202,290,317
13203,282,318
13204,281,318
13205,296,317
13206,313,316
13207,292,314
13208,276,313
13209,284,312
13210,275,315
13211,274,314
13212,272,314
13213,271,313
13214,269,311
13215,266,310
13216,263,309
13217,272,309
13218,265,309
13219,268,308
13220,269,307
13221,268,307
13222,258,307
13223,258,305
13224,255,304
13225,255,304
13226,253,303
13227,252,302
13228,252,301
13229,250,301
13230,251,301
13231,252,300
13232,249,299
13233,250,299
13234,250,298
13235,246,297
13236,244,296
13237,245,295
13238,245,294
13239,243,292
13240,243,293
13241,241,294
13242,242,295
13243,244,299
13244,245,302
13245,260,303
13246,247,303
13247,252,306
13248,256,305
13249,259,304
13250,257,295
13251,254,286
13252,252,280
13253,253,283
13254,255,277
13255,258,281
13256,263,288
13257,266,293
13258,263,277
13259,267,274
13260,264,276
13261,268,266
13262,266,268
13263,271,296
13264,270,299
13265,269,299
13266,268,274
13267,269,291
13268,269,291
13269,269,296
13270,269,295
13271,270,271
13272,268,294
13273,269,276
13274,268,272
13275,267,272
13276,268,272
13277,267,272
13278,268,271
13279,265,273
13280,267,274
13281,267,274
13282,268,273
13283,267,273
13284,266,273
13285,265,273
13286,270,272
13287,265,274
13288,270,283
13289,268,280
13290,269,287
13291,267,286
13292,265,284
13293,267,286
13294,266,287
13295,266,285
13296,270,287
13297,270,288
13298,271,288
13299,271,288
13300,269,293
13301,269,291
13302,269,289
13303,271,283
13304,271,309
13305,273,307
13306,263,308
13307,259,313
13308,259,317
13309,260,312
13310,263,314
13311,271,312
13312,270,318
13313,269,319
13314,272,322
13315,273,324
13316,276,326
13317,287,331
13318,289,334
13319,293,329
13320,293,332
13321,296,333
13322,294,334
13323,293,334
13324,295,333
13325,295,334
13326,296,332
13327,297,330
13328,299,330
13329,300,330
13330,302,329
13331,302,327
13332,302,328
13333,301,329
13334,298,329
13335,297,329
13336,296,328
13337,295,329
13338,292,329
13339,291,331
13340,293,330
13341,294,331
13342,300,329
13343,299,327
13344,303,326
13345,305,326
13346,308,327
13347,307,327
13348,309,327
13349,318,327
13350,321,325
13351,316,325
13352,317,321
13353,314,318
13354,314,316
13355,321,314
13356,323,312
13357,324,310
13358,321,309
13359,325,306
13360,323,316
13361,316,305
13362,313,304
13363,311,305
13364,308,309
13365,308,310
13366,313,310
13367,313,312
13368,312,310
13369,310,311
13370,308,312
13371,310,313
13372,312,314
13373,309,314
13374,308,315
13375,312,315
13376,305,315
13377,304,314
13378,297,313
13379,293,315
13380,290,317
13381,296,315
13382,299,315
13383,301,316
13384,303,317
13385,309,317
13386,311,317
13387,319,317
13388,313,317
13389,313,317
13390,313,316
13391,311,317
13392,315,317
13393,315,316
13394,319,313
13395,319,312
13396,318,309
13397,317,309
13398,314,309
13399,312,313
13400,313,315
13401,313,311
13402,315,315
13403,324,320
13404,324,321
13405,325,323
13406,326,325
13407,326,326
13408,326,328
13409,326,330
13410,326,331
13411,324,331
13412,326,332
13413,325,331
13414,327,332
13415,328,333
13416,327,335
13417,326,336
13418,330,338
13419,331,340
13420,334,341
13421,334,343
13422,335,346
13423,337,346
13424,337,348
13425,334,349
13426,332,351
13427,331,352
13428,328,353
13429,324,353
13430,317,353
13431,315,352
13432,318,352
13433,317,352
13434,319,352
13435,318,353
13436,317,353
13437,316,353
13438,317,353
13439,319,351
13440,320,351
13441,324,349
13442,324,346
13443,326,346
13444,323,339
13445,320,334
13446,314,329
13447,311,326
13448,314,325
13449,309,324
13450,305,324
13451,302,311
13452,299,310
13453,297,308
13454,295,309
13455,293,313
13456,294,326
13457,293,325
13458,293,325
13459,294,325
13460,294,326
13461,294,326
13462,293,326
13463,293,326
13464,293,326
13465,292,325
13466,292,325
13467,293,325
13468,292,325
13469,292,325
13470,293,325
13471,294,325
13472,293,325
13473,292,326
13474,293,326
13475,293,325
13476,292,323
13477,290,316
13478,290,314
13479,291,310
13480,293,311
13481,291,308
13482,294,310
13483,296,309
13484,299,311
13485,297,308
13486,297,309
13487,297,308
13488,298,306
13489,297,306
13490,295,302
13491,298,302
13492,300,299
13493,302,299
13494,297,298
13495,297,298
13496,302,299
13497,298,300
13498,296,301
13499,297,303
13500,299,304
13501,300,304
13502,299,304
13503,296,304
13504,302,303
13505,302,303
13506,302,306
13507,305,306
13508,306,308
13509,311,311
13510,319,326
13511,318,324
13512,318,337
13513,318,343
13514,322,341
13515,324,344
13516,326,345
13517,326,340
13518,330,312
13519,336,346
13520,341,349
13521,333,349
13522,332,350
13523,332,352
13524,327,352
13525,326,354
13526,329,356
13527,334,359
13528,339,362
13529,341,362
13530,335,363
13531,329,363
13532,331,363
13533,330,362
13534,332,362
13535,339,362
13536,336,361
13537,334,361
13538,335,361
13539,334,361
13540,332,362
13541,333,362
13542,335,362
13543,337,362
13544,335,362
13545,336,362
13546,334,363
13547,330,364
13548,334,365
13549,334,363
13550,332,363
13551,331,363
13552,328,362
13553,329,362
13554,334,362
13555,331,364
13556,330,363
13557,324,364
13558,327,365
13559,325,364
13560,323,363
13561,321,362
13562,325,361
13563,324,361
13564,326,361
13565,328,360
13566,327,361
13567,328,360
13568,326,360
13569,326,360
13570,326,360
13571,327,360
13572,326,360
13573,326,361
13574,326,361
13575,327,361
13576,328,362
13577,328,362
13578,327,362
13579,326,362
13580,327,362
13581,326,362
13582,327,362
13583,327,362
13584,327,362
13585,324,362
13586,326,362
13587,326,362
13588,326,362
13589,328,362
13590,328,361
13591,327,361
13592,332,357
13593,333,356
13594,335,355
13595,336,354
13596,334,356
13597,332,356
13598,336,353
13599,336,350
13600,336,350
13601,341,347
13602,339,346
13603,338,344
13604,342,343
13605,358,340
13606,351,338
13607,354,335
13608,348,333
13609,348,329
13610,367,327
13611,362,326
13612,367,326
13613,368,326
13614,368,324
13615,368,323
13616,368,327
13617,363,326
13618,363,325
13619,361,322
13620,367,320
13621,369,317
13622,370,313
13623,380,312
13624,365,313
13625,363,313
13626,388,311
13627,386,314
13628,382,321
13629,379,319
13630,371,321
13631,370,320
13632,376,323
13633,375,324
13634,370,321
13635,371,320
13636,373,320
13637,372,321
13638,372,321
13639,370,321
13640,370,322
13641,371,322
13642,371,323
13643,371,323
13644,370,324
13645,372,324
13646,371,324
13647,371,323
13648,373,323
13649,378,323
13650,379,322
13651,384,314
13652,377,314
13653,376,322
13654,374,315
13655,375,317
13656,373,326
13657,372,325
13658,372,323
13659,371,326
13660,371,326
13661,371,323
13662,371,317
13663,370,317
13664,370,317
13665,367,318
13666,368,320
13667,365,322
13668,365,322
13669,367,322
13670,365,322
13671,368,320
13672,369,318
13673,371,320
13674,372,319
13675,373,319
13676,373,324
13677,373,324
13678,374,327
13679,378,328
13680,371,331
13681,374,332
13682,371,334
13683,371,334
13684,375,330
13685,382,327
13686,383,325
13687,380,326
13688,388,324
13689,392,323
13690,390,319
13691,386,324
13692,386,325
13693,382,325
13694,383,328
13695,386,331
13696,386,333
13697,382,337
13698,389,343
13699,388,346
13700,387,348
13701,385,345
13702,382,340
13703,369,332
13704,380,338
13705,381,343
13706,380,343
13707,380,338
13708,380,340
13709,379,340
13710,380,340
13711,380,340
13712,382,338
13713,384,337
13714,384,335
13715,373,333
13716,380,333
13717,380,335
13718,375,336
13719,371,337
13720,368,336
13721,382,336
13722,382,333
13723,377,337
13724,386,333
13725,381,329
13726,375,324
13727,380,324
13728,383,325
13729,383,326
13730,384,326
13731,385,324
13732,384,324
13733,383,324
13734,382,325
13735,382,327
13736,384,328
13737,383,327
13738,383,327
13739,386,330
13740,385,329
13741,385,330
13742,385,330
13743,385,330
13744,386,329
13745,385,329
13746,384,328
13747,383,328
13748,383,329
13749,383,330
13750,382,330
13751,383,329
13752,381,328
13753,379,327
13754,381,328
13755,379,328
13756,380,328
13757,380,327
13758,380,327
13759,381,327
13760,377,329
13761,379,329
13762,381,328
13763,380,328
13764,383,327
13765,381,324
13766,382,324
13767,381,324
13768,381,323
13769,380,322
13770,375,319
13771,381,314
13772,382,313
13773,384,309
13774,383,308
13775,384,307
13776,384,306
13777,384,307
13778,384,306
13779,383,305
13780,383,305
13781,383,304
13782,379,301
13783,380,301
13784,380,301
13785,379,302
13786,374,302
13787,373,301
13788,377,302
13789,378,301
13790,379,303
13791,380,307
13792,381,308
13793,381,308
13794,381,308
13795,381,308
13796,382,309
13797,383,313
13798,385,316
13799,387,318
13800,388,323
13801,387,324
13802,391,329
13803,390,329
13804,390,328
13805,390,330
13806,388,334
13807,388,335
13808,388,336
13809,388,337
13810,386,336
13811,383,337
13812,382,337
13813,383,337
13814,380,337
13815,377,337
13816,376,338
13817,374,338
13818,372,339
13819,372,340
13820,368,340
13821,363,340
13822,360,341
13823,354,341
13824,353,342
13825,353,343
13826,350,342
13827,349,342
13828,346,341
13829,348,341
13830,352,339
13831,349,339
13832,350,338
13833,348,337
13834,348,333
13835,349,330
13836,346,331
13837,353,333
13838,352,333
13839,354,333
13840,352,328
13841,350,327
13842,348,327
13843,346,325
13844,344,325
13845,341,324
13846,337,323
13847,336,325
13848,334,324
13849,332,325
13850,328,325
13851,326,325
13852,322,328
13853,324,328
13854,325,329
13855,323,329
13856,320,329
13857,320,329
13858,322,329
13859,323,329
13860,323,329
13861,324,328
13862,324,327
13863,322,327
13864,317,327
13865,316,327
13866,318,327
13867,315,326
13868,315,326
13869,315,326
13870,316,326
13871,317,327
13872,314,325
13873,313,325
13874,312,326
13875,311,325
13876,312,325
13877,312,326
13878,313,325
13879,313,325
13880,313,325
13881,314,325
13882,316,324
13883,314,324
13884,315,323
13885,323,323
13886,325,324
13887,327,325
13888,333,326
13889,337,329
13890,336,331
13891,338,335
13892,340,338
13893,341,337
13894,341,331
13895,344,332
13896,344,330
13897,348,328
13898,349,326
13899,350,326
13900,351,328
13901,354,328
13902,354,327
13903,355,326
13904,354,320
13905,356,313
13906,362,313
13907,363,313
13908,368,311
13909,370,310
13910,370,307
13911,371,306
13912,373,305
13913,373,306
13914,369,306
13915,370,309
13916,369,306
13917,369,304
13918,368,307
13919,366,305
13920,366,305
13921,369,305
13922,369,311
13923,368,316
13924,366,320
13925,360,320
13926,360,322
13927,362,323
13928,369,322
13929,372,321
13930,370,321
13931,371,321
13932,370,319
13933,372,321
13934,371,319
13935,371,320
13936,372,320
13937,369,320
13938,369,321
13939,362,287
13940,364,283
13941,368,286
13942,367,285
13943,368,284
13944,371,283
13945,372,285
13946,373,287
13947,375,285
13948,372,286
13949,369,285
13950,368,285
13951,369,285
13952,367,290
13953,364,294
13954,361,298
13955,361,297
13956,358,304
13957,356,311
13958,356,311
13959,356,311
13960,356,313
13961,357,314
13962,358,313
13963,359,312
13964,361,314
13965,360,314
13966,358,314
13967,359,314
13968,356,314
13969,357,315
13970,358,314
13971,357,314
13972,357,314
13973,357,315
13974,360,315
13975,360,315
13976,360,314
13977,362,317
13978,361,317
13979,363,317
13980,365,317
13981,368,317
13982,367,317
13983,360,317
13984,363,316
13985,361,316
13986,362,316
13987,363,316
13988,363,315
13989,363,316
13990,362,316
13991,362,316
13992,362,316
13993,363,315
13994,362,317
13995,361,317
13996,365,319
13997,366,319
13998,363,317
13999,361,317
14000,361,316
14001,360,316
14002,361,316
14003,360,317
14004,359,316
14005,359,316
14006,360,316
14007,360,316
14008,362,316
14009,362,315
14010,359,315
14011,359,317
14012,363,318
14013,368,318
14014,366,318
14015,371,321
14016,370,316
14017,366,305
14018,366,304
14019,368,303
14020,368,304
14021,367,304
14022,367,304
14023,368,302
14024,372,301
14025,370,304
14026,369,305
14027,368,305
14028,363,303
14029,364,302
14030,366,302
14031,364,306
14032,360,309
14033,360,309
14034,358,314
14035,356,312
14036,355,312
14037,353,312
14038,352,313
14039,350,312
14040,345,289
14041,345,312
14042,344,315
14043,343,321
14044,344,321
14045,342,321
14046,339,322
14047,337,323
14048,335,322
14049,331,320
14050,331,319
14051,330,320
14052,325,326
14053,325,323
14054,322,324
14055,320,325
14056,316,326
14057,308,327
14058,301,329
14059,297,331
14060,288,315
14061,280,322
14062,279,325
14063,278,324
14064,280,324
14065,279,321
14066,279,321
14067,278,320
14068,274,311
14069,271,303
14070,269,303
14071,268,300
14072,274,296
14073,288,321
14074,287,324
14075,272,327
14076,270,328
14077,274,329
14078,269,327
14079,271,325
14080,270,326
14081,273,325
14082,272,323
14083,270,326
14084,273,328
14085,276,330
14086,282,339
14087,284,341
14088,289,342
14089,293,343
14090,297,348
14091,309,349
14092,311,352
14093,313,353
14094,316,353
14095,317,355
14096,316,357
14097,317,356
14098,315,357
14099,315,359
14100,315,359
14101,310,358
14102,316,356
14103,318,355
14104,314,354
14105,315,353
14106,317,352
14107,312,351
14108,313,351
14109,313,351
14110,314,351
14111,314,352
14112,315,352
14113,314,352
14114,315,352
14115,315,351
14116,315,353
14117,312,353
14118,309,353
14119,311,352
14120,309,353
14121,309,352
14122,316,351
14123,318,351
14124,319,351
14125,327,341
14126,327,338
14127,325,339
14128,326,334
14129,328,333
14130,330,334
14131,333,332
14132,335,328
14133,335,328
14134,338,327
14135,338,325
14136,341,324
14137,342,323
14138,343,320
14139,345,319
14140,345,319
14141,345,318
14142,345,317
14143,347,317
14144,346,312
14145,347,306
14146,351,299
14147,350,293
14148,352,290
14149,353,283
14150,352,283
14151,355,282
14152,357,283
14153,358,283
14154,357,283
14155,361,283
14156,361,283
14157,360,281
14158,361,281
14159,363,287
14160,367,282
14161,369,281
14162,371,281
14163,369,280
14164,366,281
14165,368,282
14166,368,282
14167,365,282
14168,365,286
14169,365,286
14170,366,287
14171,367,284
14172,367,286
14173,370,284
14174,369,283
14175,369,284
14176,368,286
14177,368,282
14178,366,285
14179,365,282
14180,365,281
14181,365,281
14182,365,281
14183,366,279
14184,366,272
14185,366,272
14186,366,270
14187,366,270
14188,366,270
14189,366,270
14190,366,270
14191,365,269
14192,366,270
14193,366,271
14194,366,273
14195,366,275
14196,366,272
14197,366,281
14198,366,281
14199,367,281
14200,366,281
14201,366,281
14202,367,280
14203,367,273
14204,365,267
14205,366,273
14206,365,274
14207,364,276
14208,364,275
14209,362,283
14210,363,293
14211,363,290
14212,362,292
14213,363,289
14214,363,286
14215,362,280
14216,361,282
14217,364,280
14218,364,279
14219,365,279
14220,368,275
14221,371,272
14222,371,294
14223,372,296
14224,374,300
14225,378,298
14226,380,299
14227,380,300
14228,383,299
14229,383,297
14230,385,295
14231,385,287
14232,385,286
14233,387,284
14234,388,282
14235,388,279
14236,386,278
14237,382,279
14238,383,279
14239,386,279
14240,392,284
14241,389,283
14242,390,284
14243,390,285
14244,389,285
14245,389,285
14246,387,284
14247,388,283
14248,387,284
14249,387,285
14250,388,284
14251,387,286
14252,386,287
14253,388,288
14254,388,287
14255,388,287
14256,387,287
14257,387,290
14258,388,289
14259,388,289
14260,388,289
14261,388,290
14262,389,291
14263,389,290
14264,389,290
14265,389,291
14266,389,293
14267,389,293
14268,388,290
14269,388,290
14270,388,290
14271,388,292
14272,389,291
14273,389,291
14274,389,291
14275,388,290
14276,387,291
14277,388,292
14278,387,289
14279,387,292
14280,384,290
14281,385,288
14282,386,291
14283,387,290
14284,387,291
14285,388,291
14286,387,292
14287,387,291
14288,386,291
14289,387,291
14290,385,292
14291,384,292
14292,387,292
14293,386,292
14294,385,292
14295,385,292
14296,382,292
14297,381,292
14298,385,292
14299,389,292
14300,390,292
14301,390,292
14302,389,292
14303,390,293
14304,391,293
14305,391,293
14306,390,293
14307,389,293
14308,389,293
14309,389,293
14310,388,293
14311,389,292
14312,389,295
14313,389,296
14314,389,296
14315,388,296
14316,387,296
14317,388,297
14318,387,297
14319,387,298
14320,388,298
14321,387,299
14322,386,302
14323,386,301
14324,386,302
14325,387,303
14326,389,304
14327,390,307
14328,390,308
14329,392,309
14330,392,311
14331,395,313
14332,396,316
14333,397,318
14334,395,319
14335,396,318
14336,400,319
14337,400,319
14338,399,320
14339,398,322
14340,396,331
14341,392,326
14342,389,331
14343,389,331
14344,387,333
14345,386,336
14346,384,338
14347,381,338
14348,380,339
14349,376,339
14350,375,339
14351,374,339
14352,373,340
14353,372,339
14354,371,338
14355,370,338
14356,371,336
14357,371,334
14358,370,333
14359,370,331
14360,369,328
14361,371,328
14362,372,331
14363,373,331
14364,375,330
14365,376,327
14366,377,328
14367,380,328
14368,381,332
14369,381,336
14370,377,340
14371,377,348
14372,379,341
14373,375,342
14374,368,351
14375,365,343
14376,365,339
14377,365,338
14378,366,335
14379,355,335
14380,354,334
14381,358,331
14382,370,329
14383,366,329
14384,368,329
14385,377,327
14386,376,327
14387,373,328
14388,373,328
14389,371,328
14390,370,329
14391,356,331
14392,361,331
14393,358,332
14394,379,329
14395,378,329
14396,376,330
14397,376,330
14398,375,330
14399,375,331
14400,372,331
14401,374,331
14402,372,331
14403,371,331
14404,373,331
14405,374,331
14406,375,331
14407,375,331
14408,375,331
14409,375,331
14410,375,331
14411,375,331
14412,375,331
14413,375,331
14414,374,330
14415,373,331
14416,374,330
14417,374,330
14418,374,330
14419,373,330
14420,372,330
14421,372,330
14422,371,330
14423,371,330
14424,372,330
14425,369,330
14426,367,330
14427,359,330
14428,360,331
14429,360,331
14430,360,331
14431,371,332
14432,371,333
14433,380,333
14434,376,334
14435,384,335
14436,375,337
14437,384,337
14438,382,338
14439,383,340
14440,382,342
14441,382,340
14442,383,336
14443,386,333
14444,382,331
14445,383,330
14446,386,328
14447,384,329
14448,386,328
14449,388,318
14450,391,310
14451,394,306
14452,393,324
14453,389,301
14454,394,293
14455,397,289
14456,400,286
14457,405,281
14458,406,278
14459,408,276
14460,411,273
14461,413,272
14462,415,269
14463,416,270
14464,405,268
14465,379,267
14466,425,266
14467,429,265
14468,432,267
14469,439,269
14470,438,268
14471,440,264
14472,439,259
14473,435,255
14474,441,253
14475,443,250
14476,443,248
14477,441,246
14478,435,248
14479,431,245
14480,426,245
14481,430,242
14482,427,241
14483,423,241
14484,419,242
14485,419,243
14486,420,243
14487,421,243
14488,422,243
14489,424,243
14490,429,243
14491,428,246
14492,424,245
14493,427,245
14494,426,246
14495,426,247
14496,427,250
14497,429,252
14498,430,252
14499,432,253
14500,429,255
14501,430,256
14502,433,257
14503,431,255
14504,416,255
14505,418,253
14506,420,250
14507,426,247
14508,429,245
14509,428,243
14510,429,247
14511,430,257
14512,427,249
14513,426,250
14514,427,247
14515,427,245
14516,431,240
14517,432,240
14518,432,237
14519,433,236
14520,434,235
14521,433,233
14522,433,233
14523,433,231
14524,434,231
14525,434,231
14526,434,232
14527,433,227
14528,432,225
14529,431,227
14530,430,232
14531,428,230
14532,427,233
14533,428,237
14534,428,239
14535,429,243
14536,427,238
14537,426,239
14538,427,239
14539,429,241
14540,432,239
14541,430,239
14542,432,238
14543,430,241
14544,431,233
14545,432,236
14546,433,238
14547,433,240
14548,433,246
14549,432,240
14550,432,249
14551,432,244
14552,434,240
14553,433,247
14554,429,231
14555,432,242
14556,433,221
14557,433,236
14558,432,222
14559,437,234
14560,437,230
14561,435,229
14562,436,230
14563,433,230
14564,432,232
14565,432,235
14566,432,241
14567,429,238
14568,429,230
14569,429,230
14570,432,229
14571,432,228
14572,429,228
14573,429,229
14574,428,227
14575,429,228
14576,426,229
14577,425,230
14578,432,263
14579,428,252
14580,432,247
14581,433,246
14582,434,238
14583,437,240
14584,439,243
14585,435,242
14586,435,240
14587,436,240
14588,437,240
14589,437,242
14590,435,242
14591,438,243
14592,434,244
14593,435,243
14594,437,242
14595,439,242
14596,439,242
14597,440,242
14598,441,242
14599,440,242
14600,441,242
14601,441,242
14602,440,243
14603,441,246
14604,441,249
14605,443,251
14606,442,252
14607,442,252
14608,445,253
14609,442,253
14610,443,254
14611,440,254
14612,436,256
14613,436,256
14614,434,256
14615,430,257
14616,429,258
14617,427,260
14618,426,260
14619,426,261
14620,423,263
14621,422,264
14622,421,265
14623,418,265
14624,415,266
14625,414,267
14626,416,267
14627,415,267
14628,415,266
14629,416,266
14630,416,267
14631,416,266
14632,418,265
14633,421,264
14634,424,264
14635,422,265
14636,425,265
14637,421,264
14638,418,267
14639,434,264
14640,437,254
14641,441,254
14642,444,254
14643,443,254
14644,447,257
14645,446,253
14646,444,253
14647,430,256
14648,427,258
14649,426,257
14650,421,252
14651,425,261
14652,426,259
14653,425,257
14654,422,252
14655,419,252
14656,425,255
14657,424,259
14658,425,257
14659,426,277
14660,425,272
14661,426,279
14662,425,277
14663,425,273
14664,426,266
14665,428,259
14666,429,258
14667,428,258
14668,427,259
14669,427,258
14670,426,259
14671,426,260
14672,426,261
14673,426,261
14674,426,263
14675,426,277
14676,428,263
14677,425,273
14678,426,275
14679,426,280
14680,423,276
14681,425,278
14682,425,259
14683,425,259
14684,425,258
14685,427,256
14686,427,258
14687,426,257
14688,425,258
14689,425,257
14690,427,270
14691,426,273
14692,426,272
14693,426,266
14694,426,267
14695,426,263
14696,426,263
14697,426,263
14698,426,264
14699,426,265
14700,425,264
14701,426,263
14702,425,262
14703,425,263
14704,425,265
14705,426,266
14706,426,268
14707,425,265
14708,419,251
14709,420,250
14710,420,250
14711,420,250
14712,424,251
14713,425,249
14714,424,249
14715,423,259
14716,422,265
14717,422,268
14718,423,265
14719,424,260
14720,424,262
14721,423,262
14722,425,262
14723,425,261
14724,426,261
14725,425,260
14726,424,261
14727,426,260
14728,426,261
14729,426,262
14730,426,261
14731,428,261
14732,426,264
14733,426,263
14734,424,263
14735,425,262
14736,425,264
14737,424,265
14738,424,264
14739,419,268
14740,415,272
14741,408,273
14742,400,271
14743,400,272
14744,398,272
14745,400,273
14746,401,273
14747,399,274
14748,399,272
14749,402,269
14750,402,269
14751,402,269
14752,402,269
14753,400,269
14754,401,271
14755,401,269
14756,402,272
14757,402,273
14758,399,272
14759,399,271
14760,401,274
14761,401,273
14762,402,275
14763,405,276
14764,409,275
14765,411,273
14766,413,272
14767,414,270
14768,419,269
14769,421,268
14770,423,264
14771,421,262
14772,422,262
14773,423,260
14774,424,259
14775,426,256
14776,426,251
14777,425,247
14778,425,245
14779,423,244
14780,426,240
14781,426,238
14782,428,236
14783,426,230
14784,418,227
14785,421,224
14786,421,223
14787,425,221
14788,424,220
14789,425,221
14790,423,219
14791,425,217
14792,425,216
14793,424,216
14794,425,215
14795,426,213
14796,422,215
14797,424,217
14798,422,218
14799,422,218
14800,428,219
14801,426,219
14802,426,217
14803,413,217
14804,404,217
14805,425,216
14806,426,215
14807,430,214
14808,430,215
14809,430,214
14810,429,211
14811,431,209
14812,432,209
14813,429,206
14814,430,206
14815,431,205
14816,429,206
14817,430,204
14818,429,202
14819,432,200
14820,435,197
14821,433,199
14822,439,197
14823,440,199
14824,443,203
14825,441,203
14826,443,206
14827,442,204
14828,444,204
14829,445,207
14830,446,204
14831,447,205
14832,447,205
14833,448,206
14834,448,207
14835,446,206
14836,446,205
14837,447,203
14838,448,202
14839,447,201
14840,447,202
14841,447,201
14842,448,202
14843,449,201
14844,449,202
14845,448,204
14846,448,204
14847,447,204
14848,447,204
14849,448,204
14850,448,204
14851,450,207
14852,452,207
14853,451,207
14854,451,205
14855,451,207
14856,451,207
14857,451,209
14858,451,213
14859,453,213
14860,452,214
14861,451,219
14862,451,223
14863,449,225
14864,446,230
14865,446,229
14866,446,232
14867,446,232
14868,447,236
14869,446,239
14870,438,242
14871,440,245
14872,438,243
14873,436,239
14874,431,239
14875,430,245
14876,430,247
14877,429,248
14878,430,248
14879,430,249
14880,429,251
14881,429,251
14882,430,251
14883,429,251
14884,431,251
14885,431,250
14886,433,249
14887,432,251
14888,432,246
14889,430,247
14890,430,247
14891,430,246
14892,437,241
14893,450,237
14894,451,237
14895,450,233
14896,452,234
14897,448,233
14898,441,233
14899,446,232
14900,449,235
14901,449,237
14902,448,235
14903,447,237
14904,450,229
14905,448,234
14906,449,226
14907,447,223
14908,446,221
14909,444,221
14910,442,224
14911,443,222
14912,443,223
14913,444,221
14914,442,222
14915,442,221
14916,440,225
14917,438,226
14918,437,223
14919,437,221
14920,440,218
14921,442,223
14922,444,234
14923,446,219
14924,444,219
14925,441,245
14926,444,214
14927,446,221
14928,442,249
14929,447,270
14930,449,280
14931,449,283
14932,450,284
14933,449,285
14934,448,286
14935,448,283
14936,449,283
14937,449,283
14938,448,283
14939,449,285
14940,449,285
14941,446,253
14942,449,284
14943,450,283
14944,450,281
14945,450,281
14946,450,278
14947,450,277
14948,451,276
14949,451,279
14950,449,260
14951,449,225
14952,448,240
14953,448,249
14954,448,277
14955,449,275
14956,449,279
14957,449,281
14958,448,278
14959,449,277
14960,442,271
14961,443,270
14962,444,264
14963,448,281
14964,448,281
14965,442,270
14966,440,270
14967,443,273
14968,440,280
14969,439,281
14970,442,281
14971,440,282
14972,440,281
14973,438,280
14974,440,280
14975,442,280
14976,441,280
14977,450,279
14978,440,281
14979,439,278
14980,440,275
14981,449,272
14982,441,252
14983,443,254
14984,448,252
14985,448,261
14986,448,259
14987,447,251
14988,447,248
14989,447,250
14990,447,254
14991,448,254
14992,449,245
14993,448,246
14994,448,249
14995,449,247
14996,449,247
14997,443,247
14998,443,252
14999,440,247
15000,451,265
15001,449,269
15002,450,266
15003,441,263
15004,441,266
15005,450,269
15006,434,277
15007,433,276
15008,418,274
15009,412,274
15010,424,276
15011,420,276
15012,440,279
15013,446,276
15014,445,273
15015,444,227
15016,446,272
15017,447,277
15018,449,270
15019,451,275
15020,453,273
15021,451,262
15022,446,279
15023,408,281
15024,415,281
15025,429,281
15026,439,284
15027,441,283
15028,442,254
15029,445,272
15030,436,241
15031,435,240
15032,431,238
15033,433,235
15034,460,276
15035,450,261
15036,412,229
15037,426,224
15038,408,227
15039,420,223
15040,428,224
15041,425,218
15042,419,211
15043,416,199
15044,415,192
15045,416,207
15046,417,196
15047,416,179
15048,416,180
15049,414,181
15050,415,181
15051,415,182
15052,415,191
15053,415,172
15054,414,169
15055,416,170
15056,419,171
15057,417,171
15058,417,171
15059,415,170
15060,410,171
15061,407,174
15062,406,175
15063,407,177
15064,398,176
15065,398,179
15066,396,179
15067,396,180
15068,401,181
15069,404,182
15070,406,181
15071,411,178
15072,409,177
15073,408,177
15074,410,177
15075,408,178
15076,401,178
15077,400,180
15078,398,181
15079,398,184
15080,396,185
15081,397,185
15082,398,186
15083,398,184
15084,405,185
15085,404,184
15086,405,185
15087,403,185
15088,405,182
15089,405,181
15090,406,182
15091,406,183
15092,405,183
15093,405,182
15094,406,181
15095,406,181
15096,406,181
15097,406,181
15098,407,182
15099,409,184
15100,409,185
15101,407,183
15102,409,181
15103,410,180
15104,410,178
15105,409,178
15106,410,175
15107,410,171
15108,410,176
15109,409,176
15110,409,166
15111,408,183
15112,410,187
15113,409,187
15114,409,190
15115,409,190
15116,409,160
15117,411,156
15118,409,191
15119,409,186
15120,408,195
15121,406,193
15122,406,194
15123,404,195
15124,407,194
15125,406,194
15126,404,196
15127,400,191
15128,404,198
15129,400,197
15130,404,201
15131,401,203
15132,407,203
15133,404,204
15134,406,204
15135,408,205
15136,411,205
15137,411,203
15138,411,202
15139,409,201
15140,406,200
15141,408,197
15142,407,198
15143,409,196
15144,412,192
15145,415,189
15146,408,185
15147,406,183
15148,407,183
15149,408,183
15150,410,182
15151,414,180
15152,417,177
15153,422,175
15154,422,175
15155,418,174
15156,425,173
15157,424,168
15158,429,170
15159,431,169
15160,433,163
15161,432,164
15162,429,165
15163,424,166
15164,420,164
15165,417,165
15166,413,165
15167,412,164
15168,409,166
15169,410,165
15170,409,166
15171,409,166
15172,410,168
15173,411,172
15174,413,175
15175,411,168
15176,411,169
15177,411,167
15178,411,167
15179,412,167
15180,412,166
15181,415,170
15182,415,162
15183,415,157
15184,413,160
15185,412,161
15186,413,160
15187,412,160
15188,414,160
15189,414,160
15190,415,162
15191,415,166
15192,414,166
15193,415,166
15194,418,168
15195,417,168
15196,415,166
15197,413,164
15198,411,167
15199,411,165
15200,411,167
15201,410,167
15202,408,168
15203,408,168
15204,408,167
15205,408,167
15206,409,165
15207,408,167
15208,409,167
15209,409,166
15210,409,166
15211,408,167
15212,409,167
15213,409,168
15214,410,168
15215,411,167
15216,410,165
15217,407,166
15218,406,164
15219,408,169
15220,406,169
15221,405,165
15222,404,162
15223,403,162
15224,404,161
15225,402,158
15226,404,163
15227,403,172
15228,406,168
15229,410,178
15230,413,176
15231,407,159
15232,407,161
15233,406,162
15234,408,162
15235,405,159
15236,402,166
15237,404,167
15238,406,167
15239,407,168
15240,409,169
15241,409,174
15242,403,154
15243,402,153
15244,403,153
15245,404,150
15246,403,148
15247,406,157
15248,407,157
15249,406,156
15250,405,158
15251,407,158
15252,409,160
15253,410,164
15254,416,177
15255,417,174
15256,417,173
15257,418,179
15258,417,179
15259,417,178
15260,417,156
15261,404,155
15262,417,166
15263,416,171
15264,416,165
15265,418,179
15266,417,167
15267,421,167
15268,418,169
15269,417,171
15270,416,174
15271,413,176
15272,412,176
15273,414,176
15274,417,176
15275,417,175
15276,421,173
15277,419,172
15278,417,172
15279,417,171
15280,414,170
15281,412,168
15282,411,168
15283,410,165
15284,411,164
15285,412,161
15286,415,160
15287,406,161
15288,403,161
15289,406,173
15290,398,165
15291,404,158
15292,402,168
15293,401,171
15294,406,161
15295,409,164
15296,413,160
15297,408,163
15298,405,166
15299,408,168
15300,408,169
15301,411,171
15302,410,172
15303,411,172
15304,412,173
15305,411,174
15306,411,176
15307,401,178
15308,410,179
15309,403,182
15310,404,181
15311,402,181
15312,397,184
15313,397,188
15314,398,188
15315,407,183
15316,409,183
15317,410,185
15318,411,187
15319,413,185
15320,413,186
15321,414,189
15322,415,185
15323,415,189
15324,414,191
15325,415,183
15326,418,184
15327,418,184
15328,415,184
15329,417,185
15330,417,185
15331,417,182
15332,418,183
15333,418,180
15334,414,181
15335,417,179
15336,417,179
15337,416,181
15338,413,183
15339,412,184
15340,414,185
15341,415,183
15342,416,186
15343,415,188
15344,414,187
15345,414,186
15346,412,189
15347,414,189
15348,415,187
15349,416,188
15350,418,189
15351,420,190
15352,420,191
15353,420,192
15354,418,194
15355,416,198
15356,414,199
15357,414,198
15358,413,197
15359,413,198
15360,411,200
15361,411,200
15362,411,200
15363,411,200
15364,411,200
15365,412,200
15366,412,201
15367,413,201
15368,413,201
15369,413,201
15370,413,201
15371,413,201
15372,413,201
15373,413,201
15374,413,201
15375,412,202
15376,412,202
15377,413,201
15378,413,201
15379,413,201
15380,412,202
15381,412,201
15382,412,201
15383,413,200
15384,413,200
15385,414,200
15386,413,200
15387,413,200
15388,413,200
15389,413,200
15390,413,200
15391,410,203
15392,410,203
15393,410,203
15394,409,203
15395,408,203
15396,408,202
15397,408,199
15398,409,198
15399,409,198
15400,406,197
15401,405,197
15402,405,195
15403,405,194
15404,401,193
15405,402,192
15406,399,191
15407,396,191
15408,396,190
15409,397,189
15410,399,189
15411,398,189
15412,397,189
15413,400,189
15414,400,190
15415,400,189
15416,400,190
15417,401,189
15418,399,188
15419,399,188
15420,401,188
15421,402,187
15422,399,188
15423,401,188
15424,400,188
15425,400,188
15426,406,184
15427,398,188
15428,397,188
15429,396,188
15430,399,186
15431,397,187
15432,396,190
15433,396,192
15434,396,193
15435,396,196
15436,396,193
15437,396,196
15438,395,196
15439,394,198
15440,397,197
15441,408,196
15442,409,197
15443,410,198
15444,409,201
15445,408,202
15446,413,204
15447,412,206
15448,414,207
15449,414,209
15450,415,213
15451,416,214
15452,418,217
15453,421,217
15454,426,216
15455,429,217
15456,434,215
15457,437,213
15458,440,213
15459,438,216
15460,430,220
15461,416,219
15462,420,218
15463,440,218
15464,448,218
15465,447,222
15466,450,223
15467,450,224
15468,451,223
15469,456,223
15470,454,226
15471,454,229
15472,455,228
15473,450,229
15474,447,235
15475,453,231
15476,455,231
15477,455,230
15478,455,230
15479,457,231
15480,456,230
15481,456,228
15482,455,234
15483,456,235
15484,455,239
15485,455,239
15486,451,243
15487,451,248
15488,447,247
15489,447,254
15490,447,254
15491,446,253
15492,445,229
15493,457,236
15494,442,231
15495,444,231
15496,458,229
15497,459,248
15498,458,231
15499,460,225
15500,457,228
15501,456,225
15502,455,222
15503,455,222
15504,455,220
15505,454,218
15506,453,216
15507,453,218
15508,454,217
15509,453,218
15510,453,223
15511,451,226
15512,453,223
15513,449,219
15514,447,220
15515,452,243
15516,452,238
15517,451,237
15518,450,233
15519,449,233
15520,453,221
15521,450,238
15522,447,246
15523,445,250
15524,443,251
15525,450,251
15526,451,249
15527,451,252
15528,451,251
15529,450,248
15530,450,239
15531,452,235
15532,453,236
15533,452,241
15534,453,236
15535,453,233
15536,453,232
15537,453,231
15538,453,233
15539,453,227
15540,453,224
15541,452,234
15542,452,234
15543,452,245
15544,453,240
15545,454,250
15546,454,249
15547,454,250
15548,453,251
15549,453,249
15550,450,250
15551,450,251
15552,453,238
15553,454,234
15554,454,222
15555,454,217
15556,454,217
15557,454,218
15558,455,219
15559,456,220
15560,455,227
15561,455,221
15562,456,227
15563,454,219
15564,455,220
15565,455,225
15566,455,225
15567,454,221
15568,454,223
15569,454,224
15570,452,223
15571,451,220
15572,452,219
15573,452,221
15574,452,219
15575,449,221
15576,451,221
15577,450,224
15578,449,224
15579,448,224
15580,445,226
15581,447,227
15582,452,228
15583,449,219
15584,457,227
15585,458,232
15586,462,231
15587,455,235
15588,454,234
15589,452,234
15590,452,233
15591,450,231
15592,450,231
15593,451,229
15594,449,228
15595,450,228
15596,446,227
15597,443,225
15598,442,207
15599,435,200
15600,442,199
15601,436,194
15602,434,190
15603,439,187
15604,435,186
15605,426,182
15606,425,180
15607,422,179
15608,423,179
15609,421,179
15610,421,179
15611,421,178
15612,421,176
15613,423,175
15614,424,175
15615,422,176
15616,424,181
15617,423,179
15618,422,180
15619,422,179
15620,418,180
15621,420,183
15622,423,183
15623,422,185
15624,422,186
15625,419,185
15626,418,184
15627,418,184
15628,419,183
15629,422,185
15630,420,184
15631,421,183
15632,422,182
15633,423,183
15634,421,183
15635,418,183
15636,422,183
15637,422,184
15638,422,184
15639,425,185
15640,424,183
15641,425,183
15642,428,183
15643,428,184
15644,427,186
15645,431,188
15646,430,188
15647,431,189
15648,433,189
15649,433,187
15650,430,187
15651,436,187
15652,430,187
15653,429,186
15654,429,184
15655,431,184
15656,430,182
15657,430,181
15658,431,182
15659,431,180
15660,432,179
15661,434,180
15662,435,179
15663,436,176
15664,437,174
15665,438,167
15666,439,171
15667,439,169
15668,440,170
15669,439,171
15670,440,171
15671,440,172
15672,441,172
15673,442,173
15674,443,173
15675,443,171
15676,443,172
15677,443,173
15678,443,172
15679,443,172
15680,442,171
15681,442,170
15682,442,171
15683,441,170
15684,441,170
15685,441,171
15686,441,170
15687,442,171
15688,443,172
15689,444,173
15690,444,173
15691,444,171
15692,445,169
15693,444,169
15694,444,170
15695,444,171
15696,447,173
15697,447,168
15698,449,167
15699,449,161
15700,452,163
15701,449,161
15702,449,162
15703,449,165
15704,450,171
15705,450,170
15706,448,167
15707,447,166
15708,447,164
15709,447,163
15710,448,163
15711,449,164
15712,449,165
15713,447,165
15714,448,165
15715,448,164
15716,447,167
15717,448,170
15718,446,170
15719,447,169
15720,445,165
15721,446,165
15722,448,166
15723,447,166
15724,447,168
15725,447,168
15726,448,177
15727,447,178
15728,447,185
15729,446,186
15730,446,185
15731,444,183
15732,444,179
15733,444,176
15734,449,207
15735,446,208
15736,444,210
15737,446,213
15738,445,214
15739,444,214
15740,443,215
15741,443,216
15742,444,215
15743,445,212
15744,442,213
15745,442,213
15746,449,211
15747,450,211
15748,450,214
15749,449,216
15750,458,213
15751,459,214
15752,454,219
15753,455,216
15754,458,217
15755,464,217
15756,464,218
15757,465,224
15758,467,227
15759,467,235
15760,467,233
15761,463,230
15762,467,239
15763,468,239
15764,464,241
15765,464,242
15766,464,243
15767,460,238
15768,461,245
15769,466,81
15770,457,237
15771,457,236
15772,460,244
15773,460,242
15774,460,237
15775,457,244
15776,457,241
15777,459,244
15778,458,245
15779,453,243
15780,451,246
15781,450,250
15782,449,238
15783,449,253
15784,449,248
15785,459,238
15786,449,242
15787,445,241
15788,447,262
15789,439,252
15790,442,238
15791,454,242
15792,438,241
15793,444,239
15794,448,240
15795,446,241
15796,448,241
15797,450,239
15798,452,241
15799,452,240
15800,454,240
15801,456,238
15802,456,239
15803,457,239
15804,457,243
15805,456,242
15806,458,239
15807,457,240
15808,455,240
15809,454,241
15810,453,242
15811,454,243
15812,453,245
15813,451,243
15814,451,243
15815,452,242
15816,452,241
15817,451,241
15818,451,242
15819,450,239
15820,452,243
15821,453,240
15822,453,241
15823,451,239
15824,451,239
15825,449,235
15826,451,232
15827,447,255
15828,443,312
15829,442,311
15830,448,251
15831,447,256
15832,446,242
15833,448,226
15834,448,225
15835,448,224
15836,448,225
15837,451,229
15838,452,235
15839,454,236
15840,452,236
15841,456,235
15842,455,235
15843,455,235
15844,454,236
15845,455,236
15846,453,236
15847,456,237
15848,455,236
15849,458,235
15850,458,232
15851,457,232
15852,457,232
15853,457,230
15854,456,228
15855,456,236
15856,453,235
15857,452,235
15858,453,235
15859,453,237
15860,453,236
15861,452,236
15862,453,236
15863,453,236
15864,453,237
15865,454,237
15866,455,239
15867,456,240
15868,456,240
15869,456,239
15870,456,238
15871,457,238
15872,459,238
15873,460,239
15874,460,239
15875,459,240
15876,460,238
15877,457,237
15878,459,238
15879,457,238
15880,459,240
15881,463,241
15882,459,238
15883,462,242
15884,462,242
15885,468,236
15886,466,233
15887,467,236
15888,467,231
15889,467,233
15890,466,232
15891,465,231
15892,464,228
15893,463,229
15894,457,227
15895,454,225
15896,453,222
15897,451,219
15898,449,217
15899,447,216
15900,446,208
15901,442,210
15902,439,209
15903,436,191
15904,438,191
15905,434,182
15906,434,187
15907,427,184
15908,426,184
15909,425,181
15910,426,181
15911,425,182
15912,429,182
15913,430,178
15914,429,178
15915,429,178
15916,427,177
15917,425,177
15918,424,179
15919,421,181
15920,425,180
15921,420,182
15922,425,179
15923,424,177
15924,430,200
15925,432,200
15926,432,196
15927,436,196
15928,438,198
15929,439,193
15930,439,192
15931,431,192
15932,425,191
15933,422,187
15934,421,190
15935,424,190
15936,424,189
15937,415,184
15938,418,184
15939,416,183
15940,414,185
15941,412,187
15942,410,189
15943,410,189
15944,409,189
15945,410,189
15946,412,189
15947,413,188
15948,416,187
15949,415,189
15950,413,187
15951,400,187
15952,414,183
15953,417,181
15954,403,184
15955,415,181
15956,414,180
15957,414,180
15958,411,180
15959,415,176
15960,409,173
15961,408,178
15962,408,179
15963,410,179
15964,414,178
15965,413,179
15966,414,178
15967,418,180
15968,418,180
15969,417,179
15970,417,179
15971,418,180
15972,418,183
15973,418,183
15974,419,183
15975,419,184
15976,418,184
15977,419,187
15978,433,181
15979,424,187
15980,423,187
15981,424,188
15982,425,189
15983,425,190
15984,425,192
15985,423,192
15986,421,194
15987,420,194
15988,420,195
15989,420,195
15990,422,196
15991,423,197
15992,424,198
15993,427,199
15994,427,201
15995,430,205
15996,433,211
15997,433,213
15998,434,214
15999,432,210
16000,434,211
16001,435,213
16002,435,214
16003,434,215
16004,435,216
16005,435,217
16006,435,219
16007,436,220
16008,435,218
16009,435,219
16010,435,220
16011,434,220
16012,433,221
16013,434,222
16014,434,223
16015,434,225
16016,434,227
16017,435,229
16018,436,232
16019,436,233
16020,439,227
16021,436,234
16022,435,235
16023,437,239
16024,435,240
16025,432,242
16026,433,249
16027,433,249
16028,433,250
16029,432,251
16030,432,253
16031,433,254
16032,435,256
16033,435,257
16034,438,259
16035,440,253
16036,438,255
16037,439,256
16038,439,257
16039,437,254
16040,441,253
16041,440,255
16042,438,255
16043,438,257
16044,436,256
16045,436,257
16046,435,256
16047,435,255
16048,431,254
16049,430,254
16050,425,252
16051,423,263
16052,421,264
16053,418,256
16054,416,255
16055,414,258
16056,413,264
16057,412,264
16058,413,260
16059,413,261
16060,411,265
16061,398,253
16062,399,252
16063,397,256
16064,414,257
16065,416,261
16066,420,266
16067,423,260
16068,423,261
16069,423,258
16070,420,259
16071,425,270
16072,426,259
16073,441,274
16074,434,276
16075,441,273
16076,442,272
16077,443,269
16078,443,270
16079,442,271
16080,450,275
16081,433,265
16082,435,263
16083,424,256
16084,426,255
16085,451,270
16086,426,257
16087,450,269
16088,426,258
16089,452,269
16090,453,269
16091,448,270
16092,452,270
16093,424,258
16094,423,251
16095,424,253
16096,452,268
16097,425,253
16098,425,252
16099,425,251
16100,451,269
16101,452,269
16102,452,269
16103,452,270
16104,452,271
16105,452,271
16106,452,271
16107,453,272
16108,453,273
16109,453,272
16110,453,272
16111,453,272
16112,453,273
16113,453,274
16114,454,273
16115,453,273
16116,453,274
16117,452,275
16118,451,275
16119,452,274
16120,452,274
16121,451,274
16122,450,274
16123,449,275
16124,449,276
16125,449,276
16126,449,275
16127,450,276
16128,449,277
16129,449,277
16130,449,276
16131,448,276
16132,448,276
16133,448,275
16134,447,275
16135,447,276
16136,446,276
16137,445,276
16138,445,276
16139,445,282
16140,446,285
16141,444,285
16142,430,288
16143,443,283
16144,446,283
16145,444,285
16146,436,285
16147,445,284
16148,444,284
16149,449,285
16150,446,285
16151,448,287
16152,443,287
16153,443,285
16154,436,286
16155,435,285
16156,432,284
16157,432,279
16158,432,275
16159,430,275
16160,429,274
16161,429,272
16162,428,270
16163,425,269
16164,426,266
16165,424,267
16166,424,265
16167,421,263
16168,421,262
16169,425,262
16170,424,261
16171,429,259
16172,429,258
16173,433,255
16174,431,255
16175,437,255
16176,433,254
16177,433,253
16178,437,252
16179,439,249
16180,433,246
16181,432,244
16182,429,243
16183,426,240
16184,430,238
16185,426,218
16186,411,207
16187,422,214
16188,421,211
16189,417,211
16190,416,212
16191,417,210
16192,415,206
16193,416,207
16194,419,206
16195,432,204
16196,429,203
16197,416,203
16198,419,200
16199,425,199
16200,416,199
16201,420,201
16202,411,197
16203,434,190
16204,456,187
16205,448,192
16206,448,196
16207,451,184
16208,448,185
16209,446,184
16210,443,187
16211,443,185
16212,439,190
16213,443,192
16214,441,191
16215,437,184
16216,436,177
16217,434,179
16218,435,181
16219,433,178
16220,431,176
16221,431,174
16222,429,169
16223,422,169
16224,420,168
16225,421,165
16226,420,166
16227,418,163
16228,416,162
16229,416,163
16230,414,163
16231,413,161
16232,413,163
16233,414,165
16234,415,168
16235,418,166
16236,418,173
16237,419,171
16238,420,169
16239,437,162
16240,442,161
16241,438,161
16242,430,160
16243,432,160
16244,435,159
16245,439,160
16246,435,160
16247,442,159
16248,439,159
16249,440,159
16250,441,158
16251,441,158
16252,441,158
16253,443,158
16254,442,158
16255,442,159
16256,442,158
16257,443,158
16258,442,159
16259,443,159
16260,440,158
16261,441,158
16262,441,158
16263,442,160
16264,442,160
16265,432,160
16266,422,160
16267,422,161
16268,421,164
16269,419,173
16270,420,171
16271,421,174
16272,420,179
16273,423,181
16274,419,187
16275,421,185
16276,423,192
16277,423,195
16278,423,196
16279,429,197
16280,419,200
16281,422,203
16282,424,205
16283,424,207
16284,423,216
16285,424,215
16286,424,218
16287,428,219
16288,428,219
16289,427,218
16290,420,218
16291,416,222
16292,420,224
16293,418,223
16294,416,228
16295,418,227
16296,420,227
16297,423,227
16298,425,228
16299,429,237
16300,429,240
16301,431,242
16302,427,242
16303,428,245
16304,426,244
16305,437,247
16306,423,222
16307,426,220
16308,424,230
16309,424,235
16310,424,220
16311,422,216
16312,422,219
16313,423,223
16314,422,224
16315,420,223
16316,420,227
16317,420,226
16318,419,227
16319,420,226
16320,419,229
16321,418,230
16322,418,228
16323,417,226
16324,416,232
16325,416,233
16326,416,232
16327,420,272
16328,419,238
16329,446,271
16330,443,274
16331,439,275
16332,439,272
16333,438,271
16334,434,270
16335,428,270
16336,426,271
16337,423,270
16338,417,270
16339,415,270
16340,405,268
16341,405,268
16342,404,267
16343,403,266
16344,398,267
16345,397,268
16346,394,268
16347,392,267
16348,392,268
16349,392,265
16350,391,268
16351,387,269
16352,382,306
16353,385,305
16354,384,303
16355,385,305
16356,387,305
16357,386,305
16358,384,303
16359,388,286
16360,390,268
16361,391,267
16362,392,266
16363,390,280
16364,395,304
16365,390,303
16366,389,303
16367,394,266
16368,394,266
16369,395,267
16370,391,270
16371,392,270
16372,391,271
16373,391,271
16374,391,272
16375,394,268
16376,394,268
16377,395,267
16378,395,268
16379,390,267
16380,390,267
16381,389,267
16382,392,267
16383,397,266
16384,396,268
16385,400,266
16386,402,265
16387,399,268
16388,401,267
16389,401,267
16390,404,267
16391,403,267
16392,406,267
16393,409,264
16394,412,266
16395,407,268
16396,413,271
16397,413,272
16398,426,273
16399,428,272
16400,428,274
16401,430,273
16402,430,272
16403,428,272
16404,429,272
16405,428,273
16406,427,274
16407,429,273
16408,427,271
16409,427,271
16410,424,270
16411,429,270
16412,423,265
16413,423,266
16414,419,264
16415,428,263
16416,428,262
16417,429,261
16418,430,260
16419,428,252
16420,429,250
16421,429,252
16422,428,250
16423,429,249
16424,431,247
16425,430,247
16426,430,245
16427,428,242
16428,427,242
16429,428,242
16430,427,242
16431,428,241
16432,431,240
16433,426,239
16434,420,239
16435,422,240
16436,419,240
16437,418,241
16438,416,240
16439,414,240
16440,413,240
16441,413,238
16442,414,238
16443,414,238
16444,414,240
16445,414,237
16446,413,235
16447,412,231
16448,411,227
16449,411,228
16450,412,226
16451,413,224
16452,415,223
16453,415,222
16454,419,220
16455,420,218
16456,418,216
16457,421,217
16458,415,212
16459,436,211
16460,441,211
16461,437,208
16462,432,207
16463,434,205
16464,427,182
16465,415,181
16466,409,174
16467,395,165
16468,394,168
16469,396,167
16470,394,171
16471,392,170
16472,390,184
16473,382,184
16474,386,190
16475,385,190
16476,387,188
16477,385,190
16478,387,189
16479,391,187
16480,395,187
16481,395,187
16482,394,189
16483,392,194
16484,389,204
16485,393,206
16486,391,206
16487,392,208
16488,388,208
16489,390,208
16490,387,210
16491,386,211
16492,388,211
16493,389,216
16494,391,219
16495,393,219
16496,393,224
16497,398,223
16498,396,227
16499,401,227
16500,413,219
16501,414,220
16502,414,219
16503,415,220
16504,416,219
16505,416,217
16506,415,216
16507,415,216
16508,416,215
16509,415,216
16510,416,214
16511,416,213
16512,418,213
16513,417,211
16514,416,211
16515,414,210
16516,415,208
16517,399,203
16518,411,203
16519,416,199
16520,416,199
16521,415,207
16522,419,210
16523,422,211
16524,422,210
16525,422,207
16526,422,203
16527,421,205
16528,420,207
16529,420,208
16530,418,210
16531,419,210
16532,416,210
16533,418,210
16534,420,214
16535,420,216
16536,418,213
16537,418,215
16538,417,210
16539,411,209
16540,414,213
16541,413,218
16542,414,222
16543,414,223
16544,415,222
16545,418,221
16546,421,221
16547,422,221
16548,422,222
16549,420,229
16550,429,230
16551,427,233
16552,428,233
16553,437,231
16554,423,239
16555,426,241
16556,432,240
16557,432,241
16558,435,245
16559,437,245
16560,448,246
16561,449,249
16562,448,245
16563,443,240
16564,446,236
16565,455,239
16566,448,230
16567,453,234
16568,451,231
16569,454,227
16570,458,227
16571,460,224
16572,458,222
16573,455,219
16574,447,211
16575,456,208
16576,448,208
16577,449,209
16578,447,209
16579,451,210
16580,460,206
16581,459,208
16582,456,206
16583,458,214
16584,452,206
16585,451,182
16586,454,214
16587,455,214
16588,455,213
16589,461,203
16590,456,200
16591,458,197
16592,459,197
16593,455,199
16594,457,199
16595,457,199
16596,453,166
16597,454,165
16598,455,166
16599,455,165
16600,454,167
16601,453,170
16602,452,169
16603,452,172
16604,451,171
16605,452,171
16606,453,172
16607,452,175
16608,452,175
16609,451,175
16610,451,174
16611,451,179
16612,451,177
16613,450,176
16614,450,179
16615,451,182
16616,451,178
16617,452,188
16618,452,196
16619,453,184
16620,452,194
16621,451,193
16622,449,204
16625,446,172
16626,446,178
16627,447,180
16628,446,178
16629,446,178
16630,448,178
16631,449,178
16632,448,176
16633,451,178
16634,449,174
16635,449,172
16636,451,173
16637,451,172
16638,452,172
16639,454,170
16640,455,169
16641,456,168
16642,456,169
16643,456,170
16644,456,170
16645,456,172
16646,456,172
16647,456,174
16648,457,175
16649,456,174
16650,456,177
16651,457,176
16652,457,176
16653,459,179
16654,456,174
16655,456,170
16656,455,172
16657,455,174
16658,455,172
16659,456,175
16660,455,176
16661,455,184
16662,456,177
16663,455,176
16664,456,175
16665,455,180
16666,455,178
16667,455,173
16668,455,171
16669,455,171
16670,455,173
16671,455,178
16672,455,177
16673,455,179
16674,455,180
16675,455,182
16676,456,182
16677,456,184
16678,455,183
16679,455,183
16680,453,181
16681,455,182
16682,455,177
16683,456,175
16684,456,176
16685,456,175
16686,456,174
16687,455,173
16688,454,182
16689,454,208
16690,448,207
16691,448,207
16692,453,205
16693,454,196
16694,455,195
16695,453,198
16696,453,198
16697,452,206
16698,455,203
16699,455,201
16700,456,202
16701,454,204
16702,454,203
16703,456,203
16704,457,187
16705,457,189
16706,457,196
16707,457,187
16708,454,185
16709,454,181
16710,454,182
16711,454,181
16712,455,178
16713,456,177
16714,456,176
16715,456,179
16716,456,177
16717,454,184
16718,455,179
16719,454,176
16720,454,176
16721,455,177
16722,455,177
16723,455,179
16724,455,179
16725,455,180
16726,454,182
16727,455,178
16728,455,176
16729,455,179
16730,455,177
16731,456,181
16732,455,181
16733,455,180
16734,455,179
16735,455,178
16736,456,179
16737,456,178
16738,456,179
16739,456,177
16740,455,180
16741,456,182
16742,456,172
16743,456,177
16744,454,177
16745,455,185
16746,452,190
16747,448,181
16748,443,183
16749,442,185
16750,440,185
16751,438,186
16752,444,189
16753,437,188
16754,430,185
16755,426,184
16756,429,181
16757,424,182
16758,425,185
16759,419,188
16760,419,191
16761,414,189
16762,410,183
16763,404,182
16764,400,184
16765,396,179
16766,401,185
16767,407,190
16768,399,187
16769,400,180
16770,395,182
16771,390,182
16772,377,179
16773,387,159
16774,388,179
16775,410,164
16776,399,195
16777,411,189
16778,410,194
16779,410,174
16780,405,188
16781,403,152
16782,400,166
16783,393,176
16784,391,192
16785,388,192
16786,393,192
16787,406,190
16788,384,186
16789,376,172
16790,393,178
16791,398,188
16792,398,186
16793,405,189
16794,410,188
16795,412,189
16796,404,187
16797,397,187
16798,396,188
16799,392,189
16800,380,186
16801,394,190
16802,375,183
16803,378,183
16804,374,181
16805,377,185
16806,373,180
16807,376,179
16808,371,178
16809,372,178
16810,376,178
16811,364,180
16812,356,178
16813,383,188
16814,366,183
16815,365,184
16816,414,195
16817,374,195
16818,370,191
16819,369,191
16820,364,195
16821,364,199
16822,365,197
16823,361,197
16824,363,194
16825,365,188
16826,370,181
16827,362,172
16828,362,170
16829,362,169
16830,359,168
16831,359,167
16832,360,168
16833,360,168
16834,360,173
16835,357,171
16836,354,163
16837,353,161
16838,350,157
16839,351,158
16840,350,162
16841,350,163
16842,351,156
16843,353,161
16844,352,159
16845,354,160
16846,350,160
16847,338,159
16848,338,159
16849,335,157
16850,338,159
16851,339,159
16852,339,157
16853,337,153
16854,339,150
16855,336,149
16856,333,149
16857,335,152
16858,334,150
16859,332,149
16860,333,149
16861,333,148
16862,331,149
16863,332,151
16864,333,152
16865,332,151
16866,329,150
16867,330,151
16868,329,152
16869,330,152
16870,329,152
16871,327,152
16872,324,153
16873,322,153
16874,327,154
16875,327,154
16876,326,155
16877,326,153
16878,329,154
16879,330,153
16880,333,153
16881,332,153
16882,333,152
16883,336,151
16884,338,152
16885,338,152
16886,335,150
16887,337,149
16888,335,150
16889,329,152
16890,330,153
16891,326,154
16892,324,153
16893,327,153
16894,330,154
16895,332,153
16896,334,152
16897,338,154
16898,340,152
16899,341,149
16900,345,147
16901,347,145
16902,348,145
16903,349,142
16904,355,141
16905,352,139
16906,355,140
16907,357,140
16908,359,141
16909,363,144
16910,362,144
16911,364,144
16912,365,141
16913,366,141
16914,368,141
16915,369,142
16916,370,140
16917,374,143
16918,375,143
16919,378,146
16920,378,148
16921,379,147
16922,378,148
16923,379,146
16924,379,146
16925,380,149
16926,381,160
16927,386,167
16928,386,160
16929,387,165
16930,386,164
16931,386,166
16932,388,179
16933,386,176
16934,415,173
16935,402,184
16936,405,182
16937,410,180
16938,398,180
16939,412,180
16940,419,175
16941,422,175
16942,426,177
16943,388,158
16944,423,182
16945,422,185
16946,427,185
16947,426,182
16948,428,182
16949,391,185
16950,389,185
16951,389,187
16952,389,188
16953,388,186
16954,392,185
16955,390,185
16956,390,190
16957,391,176
16958,402,176
16959,397,175
16960,396,182
16961,394,187
16962,395,185
16963,393,185
16964,396,189
16965,397,187
16966,396,187
16967,394,190
16968,398,183
16969,399,180
16970,402,187
16971,415,175
16972,417,176
16973,406,175
16974,402,178
16975,404,178
16976,406,188
16977,406,189
16978,428,185
16979,430,179
16980,423,186
16981,424,189
16982,424,189
16983,426,188
16984,422,186
16985,428,186
16986,427,181
16987,428,184
16988,429,179
16989,429,188
16990,429,188
16991,419,186
16992,403,185
16993,417,188
16994,409,188
16995,408,191
16996,403,195
16997,411,195
16998,414,194
16999,406,196
17000,415,194
17001,407,195
17002,412,210
17003,410,208
17004,405,197
17005,402,215
17006,407,201
17007,405,201
17008,409,200
17009,409,211
17010,408,209
17011,409,204
17012,416,207
17013,416,197
17014,424,193
17015,428,198
17016,425,193
17017,427,193
17018,426,194
17019,430,193
17020,427,193
17021,421,195
17022,415,194
17023,407,200
17024,409,194
17025,412,188
17026,411,185
17027,411,191
17028,423,195
17029,405,196
17030,412,198
17031,406,212
17032,416,201
17033,417,199
17034,416,201
17035,416,202
17036,411,213
17037,411,221
17038,414,219
17039,409,223
17040,418,190
17041,416,199
17042,423,200
17043,414,198
17044,418,212
17045,415,197
17046,421,197
17047,423,199
17048,428,199
17049,428,200
17050,422,213
17051,428,203
17052,432,200
17053,430,199
17054,425,213
17055,436,220
17056,433,219
17057,435,203
17058,425,210
17059,414,221
17060,407,220
17061,406,225
17062,406,228
17063,408,220
17064,421,217
17065,421,217
17066,427,210
17067,410,220
17068,407,213
17069,411,202
17070,399,206
17071,403,210
17072,399,205
17073,400,201
17074,400,199
17075,399,198
17076,399,198
17077,406,197
17078,406,197
17079,400,194
17080,400,195
17081,402,195
17082,399,191
17083,399,193
17084,395,192
17085,394,192
17086,404,190
17087,405,189
17088,396,187
17089,398,185
17090,396,184
17091,394,182
17092,395,179
17093,394,179
17094,388,174
17095,391,175
17096,389,174
17097,387,173
17098,402,171
17099,402,170
17100,377,172
17101,402,171
17102,402,174
17103,400,176
17104,399,175
17105,399,176
17106,397,176
17107,397,175
17108,399,174
17109,384,176
17110,386,175
17111,386,174
17112,384,174
17113,385,174
17114,385,173
17115,380,173
17116,381,173
17117,381,173
17118,381,173
17119,381,173
17120,376,175
17121,375,175
17122,376,175
17123,378,175
17124,377,175
17125,378,176
17126,381,176
17127,381,176
17128,379,177
17129,379,178
17130,378,178
17131,374,177
17132,375,177
17133,375,175
17134,374,174
17135,375,173
17136,377,174
17137,379,173
17138,382,169
17139,388,166
17140,386,188
17141,390,159
17142,391,157
17143,390,155
17144,393,155
17145,393,154
17146,393,154
17147,391,153
17148,394,153
17149,388,153
17150,388,154
17151,387,153
17152,395,153
17153,403,153
17154,403,153
17155,402,152
17156,402,152
17157,404,152
17158,402,152
17159,401,152
17160,402,150
17161,395,150
17162,402,148
17163,405,148
17164,406,148
17165,403,143
17166,408,143
17167,404,141
17168,403,139
17169,404,140
17170,404,140
17171,404,141
17172,403,142
17173,402,141
17174,402,143
17175,401,142
17176,402,137
17177,401,138
17178,400,138
17179,400,139
17180,400,142
17181,402,148
17182,401,153
17183,400,162
17184,402,151
17185,404,152
17186,410,165
17187,405,161
17188,405,160
17189,405,164
17190,406,155
17191,407,152
17192,408,150
17193,406,148
17194,407,152
17195,407,150
17196,406,150
17197,406,150
17198,406,151
17199,405,151
17200,406,153
17201,406,155
17202,406,155
17203,407,157
17204,406,159
17205,403,156
17206,401,155
17207,404,155
17208,403,155
17209,403,156
17210,401,155
17211,394,156
17212,397,157
17213,396,157
17214,392,159
17215,402,164
17216,393,163
17217,393,163
17218,401,166
17219,392,167
17220,394,168
17221,395,169
17222,395,169
17223,394,173
17224,390,176
17225,390,178
17226,390,178
17227,395,178
17228,396,178
17229,392,179
17230,392,176
17231,382,175
17232,393,172
17233,389,171
17234,385,170
17235,386,169
17236,388,170
17237,388,171
17238,397,174
17239,399,177
17240,389,178
17241,392,177
17242,391,176
17243,396,172
17244,391,175
17245,390,170
17246,389,169
17247,391,161
17248,387,157
17249,381,156
17250,380,152
17251,379,151
17252,379,150
17253,377,151
17254,380,146
17255,383,144
17256,381,145
17257,380,144
17258,381,145
17259,409,146
17260,404,146
17261,365,147
17262,370,147
17263,368,147
17264,369,148
17265,371,149
17266,371,149
17267,369,149
17268,370,149
17269,372,149
17270,380,146
17271,380,146
17272,384,146
17273,382,145
17274,385,145
17275,371,145
17276,371,145
17277,370,146
17278,370,146
17279,383,144
17280,372,142
17281,372,142
17282,368,140
17283,369,138
17284,368,138
17285,368,136
17286,366,134
17287,368,131
17288,374,130
17289,373,129
17290,376,129
17291,376,129
17292,376,130
17293,378,130
17294,377,130
17295,375,131
17296,378,132
17297,381,135
17298,373,138
17299,374,144
17300,372,146
17301,372,138
17302,379,136
17303,381,135
17304,381,135
17305,382,136
17306,386,132
17307,386,136
17308,390,136
17309,389,140
17310,388,143
17311,386,143
17312,384,145
17313,383,146
17314,383,147
17315,379,149
17316,386,147
17317,379,148
17318,375,148
17319,382,147
17320,388,146
17321,388,145
17322,383,148
17323,388,148
17324,389,151
17325,363,154
17326,368,156
17327,368,160
17328,369,161
17329,370,164
17330,368,161
17331,368,163
17332,366,163
17333,367,164
17334,367,163
17335,368,166
17336,369,165
17337,369,168
17338,369,167
17339,374,162
17340,373,167
17341,373,168
17342,374,166
17343,372,165
17344,370,165
17345,368,164
17346,366,162
17347,365,161
17348,363,159
17349,363,156
17350,357,155
17351,372,151
17352,353,151
17353,352,151
17354,374,150
17355,348,151
17356,347,151
17357,355,150
17358,380,149
17359,379,149
17360,379,150
17361,379,150
17362,379,150
17363,379,148
17364,380,149
17365,381,149
17366,379,150
17367,379,149
17368,377,149
17369,376,149
17370,377,150
17371,375,150
17372,375,148
17373,344,149
17374,339,150
17375,339,150
17376,336,150
17377,335,150
17378,338,149
17379,335,150
17380,338,151
17381,342,153
17382,342,153
17383,344,152
17384,346,153
17385,346,154
17386,346,152
17387,347,151
17388,351,152
17389,350,152
17390,351,151
17391,352,151
17392,354,148
17393,354,148
17394,354,148
17395,356,147
17396,354,147
17397,354,147
17398,354,146
17399,353,145
17400,353,144
17401,351,145
17402,352,143
17403,348,145
17404,352,143
17405,354,142
17406,351,143
17407,345,142
17408,343,142
17409,346,141
17410,344,140
17411,338,139
17412,336,138
17413,365,136
17414,372,136
17415,375,136
17416,362,137
17417,365,135
17418,367,136
17419,373,135
17420,373,135
17421,371,136
17422,375,136
17423,374,138
17424,378,142
17425,339,142
17426,345,142
17427,346,144
17428,342,144
17429,339,146
17430,353,146
17431,344,146
17432,342,145
17433,342,146
17434,359,146
17435,350,145
17436,345,144
17437,345,142
17438,345,142
17439,345,139
17440,345,140
17441,346,142
17442,346,142
17443,344,141
17444,345,138
17445,342,140
17446,341,140
17447,335,139
17448,335,138
17449,336,136
17450,337,136
17451,337,137
17452,337,137
17453,336,137
17454,337,139
17455,336,139
17456,333,137
17457,334,137
17458,345,137
17459,346,138
17460,339,138
17461,338,137
17462,345,137
17463,348,137
17464,332,137
17465,340,138
17466,358,139
17467,367,139
17468,369,139
17469,373,139
17470,372,139
17471,370,139
17472,367,138
17473,366,137
17474,367,137
17475,371,137
17476,374,138
17477,374,138
17478,373,138
17479,373,138
17480,373,137
17481,373,137
17482,371,137
17483,368,137
17484,368,136
17485,373,136
17486,372,137
17487,372,136
17488,356,136
17489,348,136
17490,349,136
17491,348,136
17492,367,135
17493,340,136
17494,360,137
17495,340,137
17496,337,139
17497,340,140
17498,351,140
17499,381,139
17500,377,139
17501,369,140
17502,348,140
17503,349,141
17504,355,141
17505,374,142
17506,375,142
17507,380,142
17508,361,142
17509,377,142
17510,378,143
17511,362,144
17512,361,145
17513,362,146
17514,368,147
17515,368,148
17516,370,152
17517,371,153
17518,384,153
17519,383,151
17520,384,153
17521,381,152
17522,384,155
17523,389,157
17524,391,159
17525,392,162
17526,393,164
17527,396,164
17528,396,160
17529,401,167
17530,405,166
17531,416,168
17532,416,166
17533,422,162
17534,432,178
17535,436,175
17536,440,178
17537,444,176
17538,449,184
17539,450,190
17540,452,191
17541,453,193
17542,453,196
17543,452,194
17544,453,199
17545,452,208
17546,450,212
17547,449,217
17548,450,221
17549,450,227
17550,450,228
17551,452,232
17552,451,240
17553,451,238
17554,453,236
17555,451,235
17556,451,235
17557,454,237
17558,453,236
17559,453,238
17560,452,238
17561,453,237
17562,451,238
17563,450,237
17564,451,238
17565,451,243
17566,451,244
17567,452,243
17568,451,243
17569,448,242
17570,448,244
17571,448,244
17572,450,243
17573,448,242
17574,446,244
17575,447,245
17576,447,246
17577,448,246
17578,448,245
17579,447,246
17580,446,245
17581,446,249
17582,445,254
17583,445,259
17584,446,260
17585,447,238
17586,435,275
17587,440,254
17588,420,248
17589,412,245
17590,412,240
17591,408,240
17592,408,242
17593,414,244
17594,404,242
17595,416,242
17596,415,243
17597,416,244
17598,417,245
17599,415,245
17600,414,245
17601,414,246
17602,418,244
17603,415,246
17604,409,246
17605,415,247
17606,412,248
17607,420,248
17608,422,247
17609,422,247
17610,418,248
17611,418,247
17612,416,247
17613,416,246
17614,414,246
17615,411,246
17616,409,246
17617,409,246
17618,407,246
17619,408,246
17620,410,247
17621,410,246
17622,411,247
17623,411,247
17624,411,248
17625,416,248
17626,420,248
17627,420,248
17628,419,248
17629,420,248
17630,421,248
17631,423,248
17632,424,248
17633,424,248
17634,424,249
17635,425,249
17636,425,250
17637,426,251
17638,424,249
17639,424,250
17640,424,249
17641,425,250
17642,420,250
17643,423,250
17644,414,250
17645,410,248
17646,410,248
17647,415,245
17648,437,225
17649,428,242
17650,437,220
17651,441,224
17652,427,218
17653,445,214
17654,439,207
17655,455,208
17656,459,185
17657,415,189
17658,460,185
17659,452,186
17660,450,186
17661,447,184
17662,457,181
17663,459,180
17664,458,181
17665,455,182
17666,454,186
17667,457,188
17668,456,189
17669,451,193
17670,440,195
17671,435,196
17672,433,196
17673,435,198
17674,437,198
17675,427,195
17676,407,193
17677,414,191
17678,411,191
17679,409,191
17680,409,191
17681,410,191
17682,405,190
17683,404,189
17684,403,189
17685,405,189
17686,411,190
17687,409,191
17688,408,191
17689,405,192
17690,406,192
17691,405,191
17692,407,188
17693,408,187
17694,405,187
17695,405,186
17696,406,186
17697,406,184
17698,408,183
17699,411,181
17700,406,182
17701,405,179
17702,405,178
17703,407,179
17704,407,180
17705,406,178
17706,406,176
17707,406,175
17708,405,175
17709,407,175
17710,407,175
17711,406,175
17712,406,176
17713,406,175
17714,404,174
17715,404,174
17716,404,173
17717,407,173
17718,407,173
17719,407,173
17720,410,173
17721,411,173
17722,409,173
17723,410,174
17724,406,174
17725,411,175
17726,407,174
17727,407,174
17728,408,175
17729,406,175
17730,406,175
17731,406,174
17732,405,174
17733,405,173
17734,407,173
17735,407,172
17736,409,171
17737,410,171
17738,409,170
17739,410,171
17740,412,171
17741,412,170
17742,412,170
17743,414,170
17744,416,169
17745,416,169
17746,418,169
17747,418,168
17748,423,171
17749,426,171
17750,429,169
17751,428,165
17752,427,162
17753,431,162
17754,435,161
17755,435,158
17756,433,157
17757,436,157
17758,438,158
17759,440,159
17760,443,156
17761,443,156
17762,437,156
17763,438,156
17764,436,158
17765,436,159
17766,435,158
17767,436,158
17768,438,157
17769,437,156
17770,438,155
17771,438,154
17772,437,153
17773,439,154
17774,437,150
17775,438,148
17776,437,146
17777,436,146
17778,436,145
17779,435,144
17780,435,142
17781,435,143
17782,437,144
17783,437,151
17784,437,158
17785,439,162
17786,438,164
17787,439,163
17788,441,163
17789,442,164
17790,442,160
17791,443,145
17792,441,141
17793,443,137
17794,445,139
17795,448,141
17796,449,139
17797,446,139
17798,446,145
17799,446,151
17800,448,156
17801,447,167
17802,448,164
17803,449,175
17804,452,161
17805,452,179
17806,453,179
17807,456,164
17808,453,174
17809,455,186
17810,455,176
17811,456,180
17812,456,188
17813,457,189
17814,457,189
17815,457,191
17816,457,207
17817,459,197
17818,457,197
17819,457,194
17820,456,227
17821,457,200
17822,460,201
17823,458,199
17824,460,200
17825,458,202
17826,459,201
17827,457,208
17828,456,205
17829,455,204
17830,454,207
17831,453,209
17832,454,212
17833,453,212
17834,455,221
17835,456,227
17836,457,223
17837,457,219
17838,457,217
17839,457,218
17840,457,217
17841,457,217
17842,458,219
17843,456,219
17844,458,225
17845,457,225
17846,458,225
17847,458,225
17848,458,224
17849,457,225
17850,457,220
17851,458,217
17852,457,219
17853,458,215
17854,457,212
17855,455,210
17856,455,206
17857,455,202
17858,454,203
17859,455,202
17860,457,203
17861,458,202
17862,458,204
17863,456,201
17864,455,203
17865,454,208
17866,457,216
17867,459,219
17868,460,220
17869,458,219
17870,457,220
17871,457,221
17872,457,220
17873,457,221
17874,456,220
17875,456,219
17876,463,215
17877,463,217
17878,461,210
17879,461,213
17880,464,217
17881,462,215
17882,463,217
17883,465,217
17884,463,218
17885,463,218
17886,463,218
17887,464,218
17888,464,218
17889,460,214
17890,460,215
17891,463,219
17892,462,221
17893,463,222
17894,462,221
17895,462,222
17896,461,222
17897,462,223
17898,462,223
17899,462,222
17900,462,223
17901,462,224
17902,462,224
17903,462,223
17904,462,223
17905,462,223
17906,462,223
17907,463,223
17908,462,223
17909,462,223
17910,462,223
17911,463,222
17912,462,221
17913,462,221
17914,462,221
17915,461,221
17916,461,220
17917,462,219
17918,462,220
17919,463,219
17920,463,220
17921,462,221
17922,463,220
17923,462,220
17924,462,220
17925,460,224
17926,460,222
17927,461,220
17928,461,220
17929,461,222
17930,461,221
17931,460,222
17932,460,222
17933,460,223
17934,458,229
17935,456,231
17936,460,210
17937,459,209
17938,461,211
17939,466,207
17940,460,200
17941,454,204
17942,456,207
17943,450,209
17944,448,211
17945,443,210
17946,443,206
17947,438,204
17948,440,203
17949,444,201
17950,427,198
17951,423,195
17952,422,193
17953,420,192
17954,418,190
17955,418,187
17956,416,188
17957,414,185
17958,409,183
17959,408,182
17960,409,178
17961,407,177
17962,408,175
17963,409,173
17964,408,171
17965,408,171
17966,406,173
17967,405,173
17968,407,171
17969,412,170
17970,412,168
17971,403,165
17972,400,165
17973,399,164
17974,397,164
17975,397,163
17976,395,163
17977,396,164
17978,394,166
17979,393,167
17980,395,170
17981,393,173
17982,395,175
17983,391,177
17984,408,176
17985,413,176
17986,428,176
17987,395,177
17988,397,176
17989,398,177
17990,402,176
17991,400,179
17992,395,180
17993,396,182
17994,397,185
17995,401,187
17996,407,187
17997,408,187
17998,406,187
17999,406,186
18000,404,189
18001,398,189
18002,398,188
18003,399,188
18004,401,187
18005,406,186
18006,400,186
18007,400,186
18008,399,186
18009,401,186
18010,401,186
18011,404,186
18012,405,184
18013,406,184
18014,410,185
18015,410,186
18016,406,188
18017,403,190
18018,400,191
18019,405,189
18020,404,189
18021,404,189
18022,400,194
18023,399,194
18024,400,194
18025,400,194
18026,400,194
18027,401,195
18028,400,196
18029,399,195
18030,398,195
18031,399,196
18032,400,197
18033,400,198
18034,401,199
18035,401,199
18036,402,199
18037,407,198
18038,403,200
18039,404,199
18040,405,200
18041,404,200
18042,402,201
18043,402,202
18044,396,203
18045,395,203
18046,395,203
18047,395,205
18048,394,207
18049,399,209
18050,399,208
18051,401,209
18052,405,208
18053,406,207
18054,407,207
18055,408,204
18056,406,201
18057,408,196
18058,411,192
18059,413,190
18060,417,191
18061,418,201
18062,420,204
18063,421,205
18064,417,203
18065,420,198
18066,419,182
18067,420,199
18068,422,208
18069,422,209
18070,423,201
18071,423,202
18072,422,192
18073,425,187
18074,425,210
18075,424,218
18076,425,219
18077,426,215
18078,426,217
18079,425,212
18080,425,213
18081,427,211
18082,429,208
18083,436,211
18084,439,210
18085,437,212
18086,437,211
18087,436,210
18088,437,212
18089,436,212
18090,437,216
18091,436,219
18092,436,223
18093,433,213
18094,434,216
18095,436,225
18096,435,215
18097,434,216
18098,433,220
18099,427,225
18100,428,223
18101,434,219
18102,433,220
18103,430,218
18104,427,219
18105,428,220
18106,436,215
18107,437,212
18108,423,213
18109,439,210
18110,437,212
18111,437,209
18112,437,211
18113,441,211
18114,437,210
18115,430,211
18116,426,213
18117,436,213
18118,433,213
18119,431,213
18120,430,214
18121,433,212
18122,432,212
18123,435,218
18124,434,229
18125,435,233
18126,436,232
18127,437,231
18128,440,229
18129,438,229
18130,440,225
18131,439,228
18132,436,230
18133,432,229
18134,431,231
18135,431,233
18136,430,230
18137,435,232
18138,433,232
18139,433,221
18140,432,221
18141,435,229
18142,435,222
18143,438,219
18144,440,220
18145,436,217
18146,437,218
18147,441,219
18148,443,219
18149,443,219
18150,446,219
18151,446,219
18152,445,220
18153,444,221
18154,442,220
18155,443,221
18156,441,220
18157,442,222
18158,438,222
18159,440,222
18160,438,223
18161,434,226
18162,431,226
18163,431,227
18164,429,227
18165,427,227
18166,424,229
18167,422,228
18168,423,228
18169,424,228
18170,424,229
18171,423,229
18172,422,229
18173,425,229
18174,424,230
18175,424,230
18176,423,230
18177,427,229
18178,427,229
18179,427,230
18180,425,230
18181,423,230
18182,421,230
18183,421,229
18184,425,229
18185,423,229
18186,423,231
18187,415,231
18188,420,232
18189,420,233
18190,416,233
18191,416,233
18192,415,234
18193,414,235
18194,418,236
18195,419,236
18196,419,236
18197,421,235
18198,418,235
18199,417,235
18200,416,235
18201,417,236
18202,419,236
18203,419,235
18204,419,234
18205,419,235
18206,419,235
18207,422,235
18208,422,235
18209,423,235
18210,425,234
18211,425,234
18212,425,234
18213,428,234
18214,428,233
18215,427,233
18216,425,231
18217,425,232
18218,433,234
18219,434,234
18220,431,232
18221,428,226
18222,439,232
18223,423,231
18224,450,230
18225,444,232
18226,425,233
18227,430,231
18228,428,230
18229,425,230
18230,411,233
18231,429,232
18232,427,233
18233,425,234
18234,427,234
18235,427,236
18236,428,236
18237,418,236
18238,419,236
18239,425,236
18240,412,238
18241,417,175
18242,420,235
18243,422,239
18244,420,235
18245,416,235
18246,417,235
18247,417,239
18248,414,238
18249,413,239
18250,416,242
18251,420,240
18252,418,243
18253,414,243
18254,418,244
18255,419,242
18256,419,241
18257,423,242
18258,420,239
18259,420,238
18260,427,239
18261,424,238
18262,424,234
18263,420,217
18264,423,217
18265,423,214
18266,429,216
18267,430,222
18268,434,219
18269,432,217
18270,439,219
18271,425,218
18272,427,218
18273,426,223
18274,419,220
18275,434,220
18276,444,219
18277,437,218
18278,444,220
18279,425,221
18280,422,220
18281,425,224
18282,426,225
18283,428,227
18284,427,227
18285,425,228
18286,422,228
18287,423,228
18288,424,231
18289,424,231
18290,424,232
18291,424,232
18292,422,232
18293,421,233
18294,419,234
18295,418,233
18296,420,237
18297,416,235
18298,415,237
18299,415,237
18300,416,236
18301,416,236
18302,419,237
18303,416,239
18304,416,240
18305,415,241
18306,416,243
18307,415,241
18308,415,241
18309,416,242
18310,416,242
18311,417,243
18312,416,242
18313,417,245
18314,418,245
18315,418,244
18316,417,243
18317,418,244
18318,418,244
18319,419,243
18320,419,244
18321,419,245
18322,421,246
18323,420,246
18324,420,248
18325,419,248
18326,419,248
18327,419,250
18328,418,250
18329,417,250
18330,417,250
18331,416,251
18332,417,254
18333,416,256
18334,416,258
18335,416,257
18336,415,258
18337,414,260
18338,413,261
18339,412,262
18340,408,263
18341,408,263
18342,409,259
18343,408,258
18344,403,256
18345,401,261
18346,404,263
18347,406,268
18348,406,272
18349,406,274
18350,406,279
18351,406,279
18352,406,280
18353,407,282
18354,403,285
18355,401,288
18356,399,289
18357,397,291
18358,401,290
18359,394,295
18360,389,297
18361,387,297
18362,385,293
18363,387,293
18364,382,294
18365,380,294
18366,384,294
18367,382,293
18368,377,294
18369,373,293
18370,363,305
18371,360,304
18372,357,303
18373,351,302
18374,350,296
18375,344,296
18376,340,296
18377,344,294
18378,343,293
18379,345,293
18380,345,293
18381,344,292
18382,343,292
18383,341,292
18384,330,293
18385,343,292
18386,332,293
18387,331,293
18388,326,292
18389,329,290
18390,336,290
18391,335,290
18392,340,290
18393,339,292
18394,338,293
18395,343,295
18396,341,296
18397,341,295
18398,341,296
18399,342,295
18400,342,296
18401,340,297
18402,341,297
18403,338,295
18404,337,295
18405,332,295
18406,330,295
18407,330,294
18408,329,294
18409,330,293
18410,329,291
18411,330,291
18412,329,290
18413,330,290
18414,327,290
18415,327,290
18416,328,290
18417,327,290
18418,327,288
18419,327,288
18420,327,287
18421,327,287
18422,326,286
18423,327,286
18424,327,283
18425,327,284
18426,326,277
18427,327,278
18428,328,277
18429,328,277
18430,328,276
18431,329,277
18432,329,279
18433,330,277
18434,330,281
18435,329,283
18436,329,284
18437,330,284
18438,330,286
18439,332,286
18440,333,286
18441,332,288
18442,331,288
18443,332,287
18444,332,287
18445,330,289
18446,329,289
18447,329,290
18448,327,290
18449,327,289
18450,327,289
18451,328,290
18452,327,291
18453,328,291
18454,327,291
18455,328,292
18456,329,292
18457,329,293
18458,328,292
18459,328,292
18460,330,293
18461,330,293
18462,329,293
18463,329,292
18464,329,293
18465,328,293
18466,328,293
18467,329,293
18468,329,293
18469,329,293
18470,331,295
18471,333,296
18472,333,296
18473,333,296
18474,335,298
18475,336,299
18476,337,299
18477,336,299
18478,337,297
18479,337,298
18480,340,300
18481,340,300
18482,340,299
18483,340,299
18484,340,299
18485,339,299
18486,340,299
18487,340,298
18488,340,299
18489,339,298
18490,340,299
18491,339,299
18492,341,299
18493,341,298
18494,342,299
18495,342,299
18496,350,300
18497,360,301
18498,354,300
18499,359,301
18500,352,301
18501,337,301
18502,336,300
18503,337,300
18504,339,300
18505,339,299
18506,340,300
18507,340,300
18508,339,300
18509,346,299
18510,364,299
18511,362,299
18512,354,298
18513,349,297
18514,349,296
18515,350,294
18516,351,294
18517,351,293
18518,359,290
18519,359,290
18520,368,289
18521,370,286
18522,367,284
18523,372,286
18524,371,283
18525,376,284
18526,375,282
18527,379,281
18528,379,281
18529,382,281
18530,384,281
18531,387,280
18532,386,281
18533,387,279
18534,390,278
18535,388,281
18536,388,282
18537,388,280
18538,387,280
18539,388,279
18540,388,280
18541,387,280
18542,384,280
18543,384,280
18544,388,275
18545,385,279
18546,382,275
18547,383,276
18548,381,271
18549,381,271
18550,381,271
18551,382,272
18552,381,271
18553,379,272
18554,380,269
18555,379,268
18556,379,268
18557,378,268
18558,379,267
18559,382,268
18560,385,267
18561,383,267
18562,382,267
18563,382,269
18564,383,270
18565,380,273
18566,378,272
18567,381,276
18568,384,274
18569,381,279
18570,381,278
18571,380,277
18572,380,276
18573,380,274
18574,380,270
18575,378,269
18576,376,269
18577,377,268
18578,379,266
18579,377,265
18580,376,264
18581,382,263
18582,382,264
18583,385,265
18584,389,265
18585,390,265
18586,385,265
18587,385,265
18588,389,265
18589,396,266
18590,393,266
18591,391,266
18592,387,266
18593,389,266
18594,390,266
18595,389,266
18596,386,267
18597,388,268
18598,385,269
18599,381,271
18600,379,273
18601,379,274
18602,378,275
18603,404,276
18604,388,277
18605,388,279
18606,387,281
18607,391,284
18608,389,285
18609,391,285
18610,392,285
18611,393,284
18612,394,282
18613,397,280
18614,401,277
18615,404,273
18616,403,263
18617,406,253
18618,409,254
18619,418,253
18620,419,251
18621,422,249
18622,421,250
18623,424,241
18624,424,238
18625,422,238
18626,418,229
18627,418,230
18628,415,233
18629,412,233
18630,400,229
18631,401,226
18632,403,223
18633,417,220
18634,413,220
18635,414,218
18636,414,215
18637,414,212
18638,415,215
18639,416,208
18640,414,213
18641,415,213
18642,417,213
18643,415,214
18644,426,214
18645,424,213
18646,428,212
18647,425,215
18648,420,215
18649,408,217
18650,417,217
18651,410,215
18652,411,215
18653,415,216
18654,416,216
18655,409,215
18656,410,217
18657,408,216
18658,413,216
18659,413,219
18660,414,219
18661,417,219
18662,417,219
18663,417,219
18664,417,220
18665,418,218
18666,421,216
18667,422,216
18668,422,216
18669,419,216
18670,417,216
18671,416,217
18672,416,217
18673,416,217
18674,419,216
18675,415,217
18676,420,216
18677,415,215
18678,415,214
18679,416,215
18680,414,209
18681,416,215
18682,413,215
18683,417,215
18684,411,211
18685,411,211
18686,412,211
18687,416,217
18688,415,217
18689,416,216
18690,416,211
18691,419,210
18692,423,212
18693,420,212
18694,418,213
18695,416,216
18696,415,216
18697,418,212
18698,416,218
18699,417,222
18700,419,222
18701,415,226
18702,419,225
18703,419,225
18704,424,225
18705,430,223
18706,431,227
18707,441,227
18708,439,229
18709,432,230
18710,430,230
18711,437,230
18712,435,231
18713,431,229
18714,434,228
18715,438,228
18716,438,227
18717,437,228
18718,435,228
18719,436,229
18720,432,229
18721,429,229
18722,430,229
18723,429,228
18724,431,228
18725,433,229
18726,437,228
18727,428,230
18728,430,229
18729,430,229
18730,426,229
18731,420,228
18732,424,229
18733,424,229
18734,423,229
18735,426,230
18736,432,230
18737,429,231
18738,431,231
18739,428,229
18740,420,229
18741,423,229
18742,420,232
18743,418,232
18744,419,230
18745,418,230
18746,416,230
18747,420,229
18748,422,230
18749,415,230
18750,417,228
18751,414,223
18752,414,222
18753,424,223
18754,428,224
18755,434,225
18756,425,227
18757,431,227
18758,431,226
18759,422,243
18760,425,249
18761,423,244
18762,422,248
18763,418,251
18764,409,255
18765,406,255
18766,412,248
18767,414,253
18768,413,251
18769,413,237
18770,417,234
18771,417,233
18772,416,234
18773,417,237
18774,415,235
18775,413,233
18776,411,233
18777,412,235
18778,413,242
18779,416,242
18780,410,261
18781,402,265
18782,403,258
18783,405,250
18784,412,247
18785,406,250
18786,409,250
18787,403,267
18788,402,261
18789,401,258
18790,398,262
18791,399,262
18792,400,263
18793,400,269
18794,398,268
18795,401,265
18796,400,268
18797,398,267
18798,399,266
18799,402,267
18800,404,266
18801,402,266
18802,403,266
18803,402,269
18804,404,270
18805,408,267
18806,415,251
18807,413,248
18808,414,248
18809,416,252
18810,416,250
18811,415,254
18812,417,252
18813,414,251
18814,394,248
18815,418,244
18816,419,153
18817,418,153
18818,419,240
18819,417,238
18820,418,235
18821,419,233
18822,414,235
18823,422,239
18824,426,237
18825,423,233
18826,420,232
18827,419,230
18828,421,232
18829,419,232
18830,417,229
18831,408,228
18832,407,226
18833,413,231
18834,412,234
18835,411,230
18836,412,188
18837,414,187
18838,414,184
18839,416,189
18840,414,186
18841,420,246
18842,419,219
18843,417,217
18844,413,200
18845,418,213
18846,418,208
18847,415,216
18848,412,198
18849,408,197
18850,410,203
18851,410,204
18852,411,208
18853,409,206
18854,408,206
18855,392,200
18856,409,219
18857,409,218
18858,406,212
18859,406,208
18860,406,206
18861,392,196
18862,389,196
18863,386,194
18864,387,193
18865,389,192
18866,389,191
18867,396,188
18868,397,186
18869,395,183
18870,401,184
18871,397,183
18872,390,179
18873,388,179
18874,398,184
18875,390,185
18876,399,191
18877,404,194
18878,405,191
18879,405,194
18880,409,196
18881,408,196
18882,408,196
18883,409,196
18884,407,196
18885,410,197
18886,411,198
18887,409,197
18888,408,197
18889,409,196
18890,408,196
18891,408,196
18892,407,196
18893,408,196
18894,406,196
18895,406,197
18896,405,198
18897,405,198
18898,404,197
18899,405,198
18900,405,196
18901,406,197
18902,405,197
18903,405,196
18904,405,195
18905,405,195
18906,406,194
18907,405,194
18908,405,194
18909,406,194
18910,406,193
18911,407,194
18912,405,193
18913,406,192
18914,407,192
18915,407,192
18916,408,192
18917,409,191
18918,407,190
18919,407,190
18920,407,190
18921,408,190
18922,408,189
18923,407,188
18924,408,190
18925,407,189
18926,406,190
18927,406,190
18928,406,188
18929,407,189
18930,407,189
18931,407,188
18932,408,189
18933,410,189
18934,411,188
18935,411,187
18936,414,188
18937,414,187
18938,414,187
18939,415,188
18940,415,188
18941,413,188
18942,413,186
18943,414,187
18944,416,187
18945,416,189
18946,419,189
18947,418,189
18948,417,186
18949,426,194
18950,417,186
18951,418,183
18952,417,183
18953,418,184
18954,418,184
18955,420,195
18956,429,202
18957,414,186
18958,421,204
18959,424,204
18960,419,194
18961,418,186
18962,420,191
18963,418,192
18964,419,196
18965,417,198
18966,417,199
18967,415,200
18968,415,202
18969,412,202
18970,412,203
18971,410,202
18972,407,205
18973,408,207
18974,406,207
18975,403,209
18976,407,209
18977,410,207
18978,410,204
18979,408,204
18980,411,205
18981,413,202
18982,413,205
18983,410,200
18984,412,199
18985,410,197
18986,414,195
18987,412,193
18988,415,194
18989,414,191
18990,414,189
18991,414,194
18992,413,197
18993,410,197
18994,412,198
18995,409,196
18996,412,197
18997,410,196
18998,410,192
18999,410,187
19000,412,182
19001,413,180
19002,413,175
19003,415,172
19004,420,176
19005,415,169
19006,410,164
19007,417,162
19008,417,166
19009,413,164
19010,414,165
19011,412,166
19012,412,169
19013,412,168
19014,412,168
19015,411,165
19016,412,163
19017,413,160
19018,412,153
19019,412,149
19020,413,145
19021,417,146
19022,421,146
19023,425,148
19024,426,151
19025,419,147
19026,420,147
19027,421,146
19028,418,150
19029,414,150
19030,416,150
19031,412,148
19032,410,148
19033,408,149
19034,408,157
19035,407,160
19036,407,157
19037,409,158
19038,410,154
19039,409,150
19040,409,151
19041,411,151
19042,413,162
19043,412,158
19044,410,152
19045,409,153
19046,406,158
19047,407,161
19048,411,172
19049,421,172
19050,416,167
19051,411,168
19052,410,167
19053,406,168
19054,409,168
19055,406,166
19056,400,165
19057,400,163
19058,403,161
19059,402,157
19060,403,155
19061,403,154
19062,398,153
19063,400,152
19064,403,153
19065,402,156
19066,404,157
19067,403,162
19068,402,164
19069,401,164
19070,395,165
19071,393,168
19072,405,168
19073,396,171
19074,396,169
19075,397,165
19076,400,165
19077,394,164
19078,393,164
19079,391,163
19080,402,164
19081,403,167
19082,404,169
19083,398,170
19084,404,169
19085,397,172
19086,396,172
19087,404,173
19088,404,175
19089,402,175
19090,404,175
19091,397,175
19092,394,176
19093,393,176
19094,393,175
19095,389,173
19096,387,172
19097,390,171
19098,390,170
19099,389,172
19100,390,170
19101,386,171
19102,375,172
19103,389,170
19104,388,169
19105,381,170
19106,421,169
19107,390,168
19108,394,167
19109,394,167
19110,393,166
19111,392,166
19112,394,167
19113,395,166
19114,394,166
19115,395,168
19116,392,167
19117,392,167
19118,394,167
19119,392,167
19120,393,167
19121,395,167
19122,395,167
19123,394,166
19124,393,167
19125,392,167
19126,393,167
19127,390,166
19128,382,167
19129,381,166
19130,378,167
19131,389,166
19132,389,166
19133,387,165
19134,389,165
19135,390,164
19136,390,165
19137,390,164
19138,394,164
19139,391,163
19140,389,163
19141,390,164
19142,388,163
19143,388,164
19144,388,164
19145,387,165
19146,387,164
19147,388,164
19148,387,165
19149,387,165
19150,388,165
19151,387,166
19152,387,165
19153,386,165
19154,387,165
19155,388,165
19156,388,165
19157,387,165
19158,385,165
19159,388,163
19160,388,163
19161,388,163
19162,389,163
19163,390,163
19164,386,165
19165,387,165
19166,389,163
19167,390,163
19168,390,163
19169,388,162
19170,389,161
19171,389,161
19172,390,162
19173,392,161
19174,392,162
19175,392,161
19176,392,163
19177,392,163
19178,393,165
19179,394,165
19180,396,165
19181,395,163
19182,395,163
19183,392,162
19184,394,162
19185,393,162
19186,392,162
19187,394,166
19188,391,168
19189,394,169
19190,401,169
19191,398,169
19192,399,170
19193,400,171
19194,395,170
19195,396,171
19196,396,173
19197,397,172
19198,397,172
19199,398,172
19200,398,172
19201,397,171
19202,396,170
19203,399,169
19204,406,166
19205,404,163
19206,401,161
19207,397,159
19208,394,158
19209,394,158
19210,396,159
19211,392,159
19212,391,159
19213,390,160
19214,395,160
19215,395,162
19216,394,165
19217,397,168
19218,394,169
19219,394,169
19220,387,172
19221,388,172
19222,392,175
19223,391,177
19224,393,178
19225,392,179
19226,396,182
19227,396,182
19228,390,184
19229,391,186
19230,389,185
19231,388,186
19232,386,188
19233,387,190
19234,385,191
19235,386,189
19236,381,188
19237,377,185
19238,381,186
19239,379,185
19240,382,182
19241,383,178
19242,384,175
19243,390,173
19244,396,170
19245,396,171
19246,387,170
19247,383,168
19248,387,168
19249,386,171
19250,386,166
19251,388,168
19252,387,168
19253,387,167
19254,387,166
19255,386,164
19256,386,165
19257,389,166
19258,404,167
19259,407,166
19260,406,166
19261,397,164
19262,393,163
19263,393,162
19264,394,161
19265,392,160
19266,392,160
19267,393,160
19268,394,161
19269,394,164
19270,393,159
19271,393,163
19272,391,164
19273,393,162
19274,394,165
19275,393,165
19276,393,162
19277,395,162
19278,396,163
19279,397,163
19280,397,163
19281,397,163
19282,397,163
19283,396,163
19284,398,165
19285,398,165
19286,399,165
19287,397,164
19288,395,164
19289,394,163
19290,395,164
19291,395,164
19292,395,164
19293,395,163
19294,395,164
19295,395,164
19296,396,164
19297,394,165
19298,391,165
19299,392,166
19300,387,165
19301,386,166
19302,386,166
19303,385,167
19304,391,169
19305,389,169
19306,390,168
19307,391,168
19308,388,168
19309,389,168
19310,389,169
19311,391,168
19312,390,169
19313,390,169
19314,390,168
19315,390,168
19316,390,168
19317,388,168
19318,387,168
19319,388,168
19320,390,168
19321,391,168
19322,391,168
19323,392,168
19324,395,168
19325,395,169
19326,394,169
19327,392,169
19328,391,170
19329,389,170
19330,388,171
19331,388,172
19332,388,173
19333,389,173
19334,390,174
19335,390,174
19336,391,175
19337,393,175
19338,392,175
19339,396,174
19340,401,173
19341,398,174
19342,398,173
19343,402,174
19344,401,174
19345,404,174
19346,397,175
19347,401,173
19348,406,171
19349,406,171
19350,404,172
19351,403,172
19352,403,172
19353,401,172
19354,400,172
19355,401,172
19356,400,172
19357,399,172
19358,397,172
19359,397,172
19360,397,172
19361,397,172
19362,396,175
19363,397,176
19364,399,174
19365,400,174
19366,404,175
19367,403,178
19368,404,177
19369,406,179
19370,404,177
19371,404,175
19372,402,173
19373,403,172
19374,404,173
19375,404,171
19376,405,171
19377,408,168
19378,409,167
19379,406,168
19380,407,168
19381,404,165
19382,404,163
19383,406,162
19384,405,159
19385,403,158
19386,394,160
19387,402,156
19388,404,153
19389,401,151
19390,398,149
19391,397,146
19392,396,145
19393,401,143
19394,407,143
19395,393,144
19396,395,142
19397,396,140
19398,396,139
19399,398,139
19400,402,137
19401,398,137
19402,402,136
19403,403,138
19404,401,139
19405,404,136
19406,407,141
19407,401,146
19408,401,149
19409,398,150
19410,396,150
19411,396,149
19412,395,150
19413,397,154
19414,393,156
19415,388,160
19416,389,160
19417,383,161
19418,389,162
19419,388,160
19420,390,163
19421,391,166
19422,389,166
19423,388,166
19424,392,166
19425,390,164
19426,387,167
19427,389,166
19428,387,166
19429,387,166
19430,387,166
19431,387,165
19432,386,166
19433,386,166
19434,388,166
19435,384,167
19436,384,168
19437,383,168
19438,384,168
19439,383,169
19440,385,168
19441,384,168
19442,384,168
19443,385,169
19444,383,167
19445,383,168
19446,382,169
19447,382,169
19448,383,169
19449,384,168
19450,383,169
19451,383,167
19452,382,166
19453,383,166
19454,382,167
19455,383,169
19456,382,167
19457,383,168
19458,382,169
19459,381,171
19460,382,173
19461,381,175
19462,381,176
19463,382,178
19464,382,177
19465,385,182
19466,386,183
19467,386,182
19468,387,186
19469,387,187
19470,389,190
19471,390,194
19472,391,195
19473,388,197
19474,389,197
19475,391,198
19476,394,204
19477,392,203
19478,397,207
19479,397,208
19480,397,208
19481,401,206
19482,402,205
19483,402,206
19484,401,203
19485,409,203
19486,402,202
19487,405,203
19488,403,201
19489,403,201
19490,404,202
19491,406,201
19492,407,199
19493,407,199
19494,409,197
19495,409,197
19496,415,199
19497,414,195
19498,411,192
19499,412,188
19500,412,186
19501,411,186
19502,412,191
19503,415,193
19504,412,194
19505,411,195
19506,410,195
19507,408,196
19508,406,195
19509,408,193
19510,407,191
19511,408,191
19512,406,192
19513,405,188
19514,409,179
19515,409,177
19516,410,176
19517,405,175
19518,403,177
19519,403,178
19520,402,180
19521,400,184
19522,402,188
19523,404,189
19524,403,191
19525,405,189
19526,401,190
19527,404,189
19528,402,190
19529,403,190
19530,403,190
19531,404,192
19532,405,192
19533,407,188
19534,408,187
19535,412,187
19536,410,184
19537,413,187
19538,414,188
19539,416,188
19540,416,185
19541,419,177
19542,417,176
19543,415,176
19544,416,178
19545,417,178
19546,417,178
19547,416,177
19548,417,179
19549,415,177
19550,416,175
19551,417,176
19552,417,174
19553,416,174
19554,418,176
19555,419,180
19556,416,175
19557,415,176
19558,417,178
19559,417,177
19560,415,176
19561,415,176
19562,415,177
19563,413,175
19564,413,172
19565,413,172
19566,415,174
19567,420,178
19568,418,178
19569,417,174
19570,416,174
19571,418,178
19572,419,179
19573,418,178
19574,418,178
19575,419,177
19576,419,177
19577,415,173
19578,414,174
19579,413,174
19580,415,174
19581,413,174
19582,412,174
19583,416,175
19584,413,174
19585,414,174
19586,415,176
19587,412,174
19588,409,171
19589,406,173
19590,406,173
19591,404,174
19592,405,174
19593,405,176
19594,405,176
19595,405,175
19596,407,176
19597,413,177
19598,414,176
19599,411,176
19600,406,175
19601,406,177
19602,408,178
19603,406,178
19604,409,175
19605,413,176
19606,415,176
19607,411,176
19608,415,177
19609,414,177
19610,415,177
19611,416,177
19612,416,177
19613,415,176
19614,411,174
19615,412,172
19616,415,174
19617,416,173
19618,416,173
19619,416,174
19620,416,174
19621,416,174
19622,416,173
19623,413,172
19624,412,172
19625,413,172
19626,413,173
19627,414,173
19628,414,173
19629,418,176
19630,416,176
19631,416,176
19632,415,176
19633,420,179
19634,415,176
19635,411,177
19636,412,176
19637,413,177
19638,412,180
19639,409,180
19640,408,181
19641,408,180
19642,410,182
19643,408,183
19644,403,180
19645,401,179
19646,401,178
19647,406,178
19648,404,177
19649,404,177
19650,401,177
19651,400,173
19652,400,173
19653,398,172
19654,397,170
19655,399,169
19656,400,167
19657,399,166
19658,398,166
19659,400,167
19660,403,169
19661,406,170
19662,405,171
19663,403,171
19664,406,173
19665,400,176
19666,403,177
19667,399,177
19668,400,177
19669,401,178
19670,411,176
19671,402,177
19672,401,177
19673,404,177
19674,410,176
19675,407,173
19676,408,173
19677,412,170
19678,415,166
19679,421,163
19680,417,160
19681,420,161
19682,422,160
19683,414,161
19684,414,161
19685,409,161
19686,403,161
19687,400,160
19688,401,156
19689,402,154
19690,403,153
19691,401,152
19692,401,152
19693,401,154
19694,403,151
19695,400,148
19696,399,151
19697,400,145
19698,400,147
19699,400,149
19700,401,149
19701,400,150
19702,399,152
19703,400,150
19704,399,149
19705,401,148
19706,401,152
19707,403,148
19708,403,144
19709,403,143
19710,400,144
19711,400,141
19712,400,139
19713,396,139
19714,397,138
19715,394,140
19716,395,140
19717,394,139
19718,392,138
19719,391,137
19720,390,137
19721,387,136
19722,386,136
19723,386,134
19724,387,135
19725,388,134
19726,388,134
19727,386,133
19728,386,133
19729,386,133
19730,385,133
19731,385,133
19732,389,133
19733,384,132
19734,385,133
19735,384,132
19736,384,133
19737,383,133
19738,384,133
19739,382,133
19740,382,133
19741,380,133
19742,382,133
19743,379,132
19744,379,132
19745,379,132
19746,379,132
19747,379,132
19748,379,133
19749,380,133
19750,382,132
19751,382,132
19752,381,133
19753,380,134
19754,380,134
19755,381,134
19756,383,133
19757,385,133
19758,386,133
19759,383,135
19760,386,134
19761,382,134
19762,381,134
19763,381,132
19764,381,132
19765,382,132
19766,382,132
19767,383,132
19768,381,132
19769,383,131
19770,383,131
19771,383,132
19772,383,131
19773,384,132
19774,384,131
19775,384,132
19776,383,132
19777,383,132
19778,380,133
19779,382,133
19780,383,132
19781,383,132
19782,379,133
19783,379,134
19784,378,134
19785,380,134
19786,380,134
19787,380,134
19788,380,134
19789,380,134
19790,380,135
19791,381,134
19792,397,133
19793,397,133
19794,382,134
19795,379,135
19796,382,138
19797,378,138
19798,375,140
19799,373,143
19800,376,148
19801,377,153
19802,381,157
19803,387,160
19804,388,160
19805,389,161
19806,391,164
19807,395,167
19808,398,168
19809,398,169
19810,402,172
19811,403,175
19812,403,173
19813,406,174
19814,405,175
19815,403,175
19816,405,177
19817,404,177
19818,404,178
19819,402,178
19820,404,179
19821,403,179
19822,404,179
19823,404,179
19824,410,181
19825,409,178
19826,406,175
19827,402,167
19828,400,163
19829,401,162
19830,404,160
19831,410,160
19832,403,161
19833,402,161
19834,405,161
19835,408,162
19836,403,162
19837,403,163
19838,403,162
19839,402,164
19840,401,164
19841,401,167
19842,401,169
19843,397,170
19844,393,171
19845,393,173
19846,390,174
19847,392,175
19848,389,172
19849,394,169
19850,388,166
19851,395,167
19852,396,168
19853,391,161
19854,389,159
19855,391,159
19856,393,163
19857,395,162
19858,401,162
19859,402,164
19860,400,170
19861,400,170
19862,398,171
19863,394,172
19864,386,172
19865,385,172
19866,390,171
19867,398,175
19868,398,175
19869,399,174
19870,386,172
19871,389,165
19872,392,163
19873,391,160
19874,383,157
19875,386,156
19876,382,156
19877,382,154
19878,382,153
19879,383,153
19880,382,153
19881,382,154
19882,380,154
19883,378,154
19884,402,155
19885,376,156
19886,378,157
19887,377,160
19888,378,160
19889,377,160
19890,375,160
19891,373,161
19892,374,161
19893,378,163
19894,378,162
19895,389,161
19896,382,159
19897,378,156
19898,378,156
19899,386,155
19900,404,154
19901,381,154
19902,399,154
19903,406,154
19904,405,154
19905,405,155
19906,406,155
19907,380,157
19908,378,156
19909,379,156
19910,381,156
19911,382,156
19912,385,156
19913,386,156
19914,403,155
19915,400,156
19916,384,157
19917,382,157
19918,381,158
19919,384,155
19920,380,153
19921,379,152
19922,378,153
19923,376,155
19924,374,155
19925,375,155
19926,375,155
19927,378,155
19928,378,156
19929,376,157
19930,376,158
19931,376,159
19932,374,159
19933,380,158
19934,381,158
19935,380,159
19936,374,158
19937,364,159
19938,359,159
19939,359,158
19940,358,157
19941,358,155
19942,358,155
19943,356,156
19944,358,157
19945,359,157
19946,357,161
19947,358,162
19948,358,163
19949,359,163
19950,356,166
19951,356,169
19952,360,170
19953,360,170
19954,362,172
19955,363,172
19956,366,172
19957,365,172
19958,364,173
19959,364,175
19960,365,175
19961,365,175
19962,364,174
19963,363,174
19964,363,174
19965,365,176
19966,362,176
19967,364,177
19968,365,176
19969,366,177
19970,365,178
19971,367,176
19972,364,176
19973,364,175
19974,363,175
19975,364,175
19976,366,175
19977,367,175
19978,364,175
19979,366,176
19980,367,175
19981,371,176
19982,378,177
19983,366,178
19984,369,180
19985,366,183
19986,369,185
19987,369,185
19988,366,190
19989,367,192
19990,367,193
19991,370,192
19992,371,192
19993,374,190
19994,372,192
19995,369,192
19996,372,191
19997,373,193
19998,372,196
19999,372,197
20000,373,196
20001,371,198
20002,371,198
20003,369,200
20004,371,200
20005,370,202
20006,367,202
20007,365,202
20008,367,199
20009,362,195
20010,360,195
20011,359,192
20012,358,189
20013,357,189
20014,355,185
20015,354,181
20016,353,181
20017,354,178
20018,353,173
20019,352,171
20020,352,170
20021,352,168
20022,350,167
20023,352,167
20024,351,167
20025,358,166
20026,352,167
20027,350,167
20028,350,167
20029,348,167
20030,349,166
20031,348,166
20032,347,165
20033,347,166
20034,348,166
20035,347,165
20036,347,165
20037,347,165
20038,347,165
20039,346,165
20040,346,164
20041,346,164
20042,350,161
20043,347,163
20044,350,161
20045,350,161
20046,348,162
20047,351,161
20048,349,160
20049,348,162
20050,343,163
20051,343,163
20052,349,162
20053,351,161
20054,353,161
20055,353,162
20056,354,162
20057,354,162
20058,357,161
20059,357,162
20060,354,162
20061,363,159
20062,359,159
20063,359,159
20064,358,159
20065,357,158
20066,358,158
20067,363,158
20068,370,158
20069,363,158
20070,361,158
20071,360,158
20072,361,160
20073,357,160
20074,357,159
20075,356,159
20076,358,159
20077,362,158
20078,362,159
20079,361,158
20080,361,158
20081,363,158
20082,365,158
20083,365,158
20084,364,158
20085,366,158
20086,369,157
20087,375,156
20088,376,156
20089,376,156
20090,377,156
20091,377,156
20092,379,156
20093,378,155
20094,378,155
20095,380,154
20096,380,154
20097,380,154
20098,380,154
20099,380,154
20100,381,155
20101,380,155
20102,382,155
20103,378,156
20104,376,155
20105,377,156
20106,366,158
20107,374,161
20108,380,162
20109,380,163
20110,373,164
20111,379,162
20112,383,163
20113,379,163
20114,382,162
20115,386,159
20116,386,155
20117,392,156
20118,395,159
20119,403,164
20120,408,166
20121,408,169
20122,412,167
20123,414,166
20124,417,166
20125,420,174
20126,416,173
20127,425,179
20128,423,177
20129,425,162
20130,429,187
20131,429,187
20132,433,174
20133,435,194
20134,437,187
20135,433,177
20136,434,190
20137,432,185
20138,431,177
20139,433,171
20140,432,177
20141,431,193
20142,431,198
20143,427,208
20144,429,212
20145,431,181
20146,433,210
20147,432,212
20148,429,215
20149,427,213
20150,426,212
20151,426,215
20152,427,210
20153,428,209
20154,428,209
20155,427,205
20156,430,208
20157,430,206
20158,429,203
20159,430,206
20160,427,205
20161,428,204
20162,430,199
20163,432,199
20164,433,198
20165,432,197
20166,433,196
20167,433,194
20168,432,189
20169,430,189
20170,430,189
20171,435,192
20172,411,182
20173,407,192
20174,403,195
20175,403,192
20176,404,192
20177,408,168
20178,407,177
20179,411,168
20180,411,167
20181,422,182
20182,436,154
20183,436,170
20184,431,176
20185,433,181
20186,432,184
20187,433,185
20188,433,191
20189,434,191
20190,434,195
20191,429,193
20192,426,199
20193,428,200
20194,429,198
20195,431,200
20196,433,194
20197,438,196
20198,439,192
20199,442,204
20200,444,211
20201,445,205
20202,443,189
20203,431,188
20204,426,192
20205,431,193
20206,436,192
20207,439,188
20208,439,188
20209,438,190
20210,438,190
20211,442,191
20212,438,192
20213,438,193
20214,438,193
20215,438,193
20216,441,195
20217,440,190
20218,441,197
20219,440,200
20220,442,198
20221,441,202
20222,442,203
20223,442,197
20224,441,198
20225,441,205
20226,441,202
20227,443,191
20228,441,205
20229,441,203
20230,440,202
20231,439,195
20232,439,200
20233,440,197
20234,440,196
20235,438,197
20236,440,190
20237,442,177
20238,442,175
20239,439,177
20240,441,177
20241,446,174
20242,442,169
20243,437,176
20244,428,178
20245,423,179
20246,419,180
20247,417,182
20248,412,181
20249,403,181
20250,400,182
20251,397,184
20252,391,184
20253,391,188
20254,387,188
20255,386,189
20256,380,190
20257,377,182
20258,370,182
20259,369,182
20260,370,187
20261,369,186
20262,365,182
20263,362,173
20264,361,170
20265,365,172
20266,359,172
20267,381,178
20268,388,177
20269,385,178
20270,389,178
20271,389,177
20272,391,180
20273,376,180
20274,379,175
20275,372,174
20276,379,175
20277,374,176
20278,372,178
20279,372,182
20280,365,181
20281,371,180
20282,364,179
20283,356,177
20284,342,173
20285,349,171
20286,344,168
20287,337,166
20288,297,163
20289,290,163
20290,288,163
20291,295,162
20292,294,163
20293,299,165
20294,300,162
20295,298,162
20296,300,161
20297,300,161
20298,300,161
20299,300,160
20300,300,161
20301,298,161
20302,293,161
20303,289,161
20304,290,161
20305,292,162
20306,296,161
20307,298,163
20308,302,162
20309,303,162
20310,303,162
20311,302,162
20312,301,162
20313,299,162
20314,300,162
20315,301,161
20316,298,162
20317,300,161
20318,297,160
20319,294,159
20320,294,158
20321,295,155
20322,294,153
20323,295,151
20324,296,151
20325,294,150
20326,303,151
20327,307,155
20328,289,160
20329,291,159
20330,304,158
20331,291,160
20332,290,159
20333,290,159
20334,290,159
20335,291,158
20336,292,159
20337,291,159
20338,290,158
20339,294,158
20340,288,159
20341,290,162
20342,291,162
20343,290,162
20344,297,160
20345,294,164
20346,296,166
20347,295,167
20348,297,167
20349,299,168
20350,300,171
20351,301,172
20352,301,173
20353,299,175
20354,300,176
20355,300,177
20356,301,177
20357,302,180
20358,304,181
20359,303,183
20360,303,183
20361,298,183
20362,298,183
20363,299,183
20364,301,184
20365,301,185
20366,302,185
20367,302,185
20368,299,185
20369,296,181
20370,296,179
20371,284,179
20372,282,176
20373,284,171
20374,286,168
20375,279,167
20376,280,166
20377,287,166
20378,279,163
20379,289,163
20380,289,163
20381,294,167
20382,300,171
20383,299,170
20384,301,173
20385,303,172
20386,302,171
20387,303,170
20388,303,170
20389,301,168
20390,297,166
20391,293,165
20392,289,163
20393,288,162
20394,284,154
20395,283,160
20396,281,160
20397,279,152
20398,278,151
20399,276,151
20400,278,145
20401,279,145
20402,274,148
20403,276,149
20404,274,150
20405,275,151
20406,276,153
20407,279,156
20408,278,156
20409,278,157
20410,278,158
20411,279,157
20412,277,158
20413,277,158
20414,282,158
20415,281,159
20416,284,158
20417,283,160
20418,284,161
20419,285,160
20420,284,160
20421,285,161
20422,285,161
20423,285,161
20424,285,162
20425,285,162
20426,286,164
20427,286,164
20428,286,163
20429,286,164
20430,286,163
20431,287,164
20432,288,164
20433,287,165
20434,286,162
20435,287,162
20436,288,163
20437,290,165
20438,289,167
20439,289,167
20440,290,170
20441,293,169
20442,294,168
20443,295,170
20444,296,169
20445,298,169
20446,298,154
20447,301,154
20448,306,153
20449,306,154
20450,307,156
20451,308,159
20452,308,162
20453,309,158
20454,309,156
20455,308,157
20456,309,154
20457,309,160
20458,310,157
20459,312,157
20460,316,146
20461,319,172
20462,319,165
20463,321,169
20464,320,170
20465,317,169
20466,317,170
20467,316,171
20468,316,169
20469,314,169
20470,312,173
20471,313,172
20472,311,172
20473,310,173
20474,310,172
20475,309,173
20476,306,176
20477,306,174
20478,306,174
20479,307,179
20480,304,181
20481,304,178
20482,303,182
20483,301,183
20484,301,186
20485,299,184
20486,298,182
20487,295,182
20488,294,176
20489,293,181
20490,291,180
20491,288,185
20492,287,185
20493,289,186
20494,288,182
20495,290,179
20496,296,181
20497,299,180
20498,302,183
20499,306,179
20500,306,185
20501,304,179
20502,305,181
20503,305,177
20504,307,177
20505,309,176
20506,312,179
20507,314,180
20508,315,177
20509,321,175
20510,321,178
20511,324,180
20512,328,185
20513,328,184
20514,331,183
20515,331,183
20516,331,183
20517,328,184
20518,327,184
20519,327,183
20520,327,182
20521,326,183
20522,325,183
20523,326,184
20524,326,186
20525,326,186
20526,327,187
20527,326,184
20528,326,187
20529,326,189
20530,325,189
20531,325,196
20532,326,196
20533,325,190
20534,325,194
20535,328,197
20536,325,193
20537,326,194
20538,324,195
20539,323,190
20540,323,192
20541,322,183
20542,321,188
20543,321,189
20544,319,187
20545,318,186
20546,319,181
20547,319,182
20548,318,181
20549,318,178
20550,318,178
20551,318,177
20552,318,178
20553,318,179
20554,317,177
20555,317,176
20556,318,176
20557,318,175
20558,318,176
20559,319,177
20560,318,179
20561,317,179
20562,317,179
20563,316,176
20564,316,179
20565,315,179
20566,315,175
20567,315,174
20568,316,173
20569,316,174
20570,316,176
20571,315,177
20572,316,177
20573,315,178
20574,315,177
20575,315,181
20576,314,179
20577,314,179
20578,315,178
20579,315,176
20580,315,181
20581,315,181
20582,314,192
20583,316,191
20584,318,180
20585,318,175
20586,315,197
20587,315,197
20588,314,195
20589,315,189
20590,315,188
20591,317,191
20592,316,191
20593,316,191
20594,314,189
20595,316,191
20596,315,189
20597,315,188
20598,317,187
20599,316,186
20600,316,187
20601,315,186
20602,315,186
20603,310,188
20604,322,180
20605,310,184
20606,310,186
20607,310,185
20608,310,186
20609,309,188
20610,309,187
20611,310,188
20612,311,189
20613,313,189
20614,314,189
20615,314,189
20616,316,187
20617,315,187
20618,317,187
20619,317,186
20620,318,186
20621,318,187
20622,319,188
20623,322,187
20624,325,180
20625,324,177
20626,323,176
20627,323,177
20628,322,182
20629,324,175
20630,322,176
20631,325,175
20632,325,175
20633,324,176
20634,326,176
20635,324,173
20636,327,173
20637,325,174
20638,330,176
20639,332,176
20640,333,177
20641,336,181
20642,341,185
20643,341,184
20644,342,185
20645,345,188
20646,352,191
20647,351,187
20648,356,187
20649,350,187
20650,354,187
20651,359,188
20652,361,190
20653,359,190
20654,361,191
20655,367,191
20656,369,190
20657,367,192
20658,373,192
20659,372,188
20660,372,185
20661,376,184
20662,382,188
20663,381,191
20664,380,198
20665,379,201
20666,379,201
20667,383,202
20668,382,196
20669,383,197
20670,381,197
20671,377,197
20672,379,200
20673,380,201
20674,383,199
20675,387,201
20676,383,204
20677,382,201
20678,381,223
20679,382,223
20680,382,214
20681,381,196
20682,393,204
20683,384,200
20684,384,216
20685,393,218
20686,395,217
20687,394,212
20688,401,213
20689,399,211
20690,406,204
20691,405,206
20692,406,203
20693,404,205
20694,399,205
20695,397,209
20696,401,208
20697,401,207
20698,405,208
20699,412,208
20700,411,209
20701,413,209
20702,411,209
20703,416,210
20704,420,210
20705,415,209
20706,416,210
20707,412,212
20708,409,212
20709,416,214
20710,411,217
20711,411,218
20712,407,218
20713,407,218
20714,413,217
20715,409,216
20716,413,215
20717,407,216
20718,408,216
20719,406,216
20720,410,218
20721,408,218
20722,408,218
20723,408,219
20724,411,219
20725,411,219
20726,409,217
20727,405,215
20728,407,217
20729,422,220
20730,417,218
20731,425,218
20732,422,217
20733,424,220
20734,426,221
20735,434,216
20736,436,216
20737,432,219
20738,428,218
20739,424,215
20740,418,215
20741,419,215
20742,422,216
20743,428,217
20744,428,221
20745,432,219
20746,415,221
20747,414,222
20748,414,223
20749,413,224
20750,413,227
20751,413,227
20752,415,229
20753,422,230
20754,427,233
20755,432,235
20756,432,230
20757,431,231
20758,429,231
20759,425,233
20760,412,229
20761,411,228
20762,410,225
20763,411,230
20764,410,223
20765,411,224
20766,412,223
20767,411,223
20768,411,223
20769,410,224
20770,410,225
20771,410,225
20772,409,225
20773,410,225
20774,409,225
20775,410,225
20776,409,226
20777,410,225
20778,405,222
20779,405,224
20780,406,220
20781,405,222
20782,412,220
20783,413,220
20784,402,221
20785,401,220
20786,402,219
20787,408,218
20788,399,217
20789,401,216
20790,409,216
20791,405,216
20792,406,217
20793,405,217
20794,408,216
20795,409,217
20796,406,218
20797,407,216
20798,409,217
20799,398,218
20800,395,220
20801,396,218
20802,390,217
20803,392,216
20804,390,216
20805,391,218
20806,391,216
20807,398,214
20808,396,214
20809,399,214
20810,399,214
20811,403,216
20812,398,217
20813,397,185
20814,397,178
20815,397,209
20816,395,208
20817,399,210
20818,400,206
20819,398,203
20820,395,206
20821,394,211
20822,395,189
20823,398,214
20824,396,217
20825,396,220
20826,394,221
20827,392,219
20828,394,220
20829,397,220
20830,399,219
20831,398,221
20832,399,222
20833,401,222
20834,403,220
20835,405,225
20836,405,224
20837,404,227
20838,405,229
20839,404,228
20840,405,232
20841,405,227
20842,406,224
20843,409,225
20844,413,222
20845,414,221
20846,412,221
20847,410,221
20848,413,219
20849,412,218
20850,415,218
20851,416,217
20852,416,217
20853,414,218
20854,415,218
20855,411,219
20856,410,219
20857,410,221
20858,411,221
20859,408,222
20860,407,226
20861,409,239
20862,408,239
20863,407,241
20864,407,242
20865,408,244
20866,418,246
20867,420,250
20868,428,251
20869,424,253
20870,416,260
20871,425,255
20872,427,256
20873,426,258
20874,426,258
20875,426,257
20876,419,261
20877,422,263
20878,421,263
20879,418,268
20880,413,261
20881,400,262
20882,394,261
20883,396,259
20884,394,259
20885,400,257
20886,409,259
20887,420,259
20888,419,261
20889,413,263
20890,427,257
20891,424,258
20892,428,255
20893,426,257
20894,426,257
20895,425,257
20896,429,256
20897,429,256
20898,429,255
20899,429,255
20900,430,255
20901,430,255
20902,430,256
20903,430,255
20904,430,255
20905,430,254
20906,431,251
20907,431,256
20908,430,258
20909,426,248
20910,416,247
20911,413,249
20912,422,254
20913,419,253
20914,407,247
20915,407,243
20916,412,243
20917,403,241
20918,417,250
20919,442,253
20920,439,246
20921,403,241
20922,403,241
20923,403,258
20924,407,252
20925,402,233
20926,401,220
20927,406,215
20928,404,214
20929,401,242
20930,381,243
20931,394,242
20932,404,246
20933,399,252
20934,393,252
20935,404,247
20936,402,245
20937,396,242
20938,402,238
20939,404,236
20940,422,258
20941,419,236
20942,393,237
20943,395,247
20944,425,264
20945,401,240
20946,395,247
20947,397,262
20948,398,256
20949,395,260
20950,394,241
20951,398,241
20952,398,242
20953,395,258
20954,394,263
20955,402,257
20956,397,259
20957,396,252
20958,397,257
20959,395,255
20960,393,251
20961,393,252
20962,397,254
20963,399,251
20964,395,248
20965,397,255
20966,397,259
20967,396,260
20968,397,260
20969,402,261
20970,400,264
20971,401,266
20972,398,265
20973,393,262
20974,396,257
20975,418,253
20976,422,247
20977,431,246
20978,426,248
20979,435,247
20980,408,247
20981,407,248
20982,403,247
20983,405,247
20984,393,247
20985,393,248
20986,399,248
20987,396,248
20988,397,248
20989,398,247
20990,399,249
20991,401,248
20992,399,248
20993,398,248
20994,398,247
20995,413,247
20996,397,248
20997,398,247
20998,403,247
20999,399,247
21000,395,247
21001,394,247
21002,393,248
21003,393,248
21004,395,248
21005,396,247
21006,400,255
21007,394,251
21008,393,251
21009,393,252
21010,394,250
21011,397,251
21012,396,250
21013,395,250
21014,397,250
21015,398,256
21016,395,257
21017,396,259
21018,396,258
21019,395,254
21020,400,258
21021,399,251
21022,398,253
21023,402,256
21024,408,259
21025,415,265
21026,413,268
21027,409,265
21028,406,262
21029,400,257
21030,399,264
21031,403,262
21032,398,261
21033,411,263
21034,422,263
21035,424,255
21036,398,252
21037,399,252
21038,404,250
21039,420,249
21040,408,255
21041,399,251
21042,400,251
21043,400,251
21044,400,252
21045,402,258
21046,405,265
21047,403,264
21048,404,261
21049,405,261
21050,403,261
21051,402,259
21052,401,262
21053,397,266
21054,396,270
21055,394,273
21056,391,273
21057,393,273
21058,391,273
21059,393,269
21060,402,259
21061,401,258
21062,399,256
21063,399,255
21064,396,256
21065,397,256
21066,396,256
21067,396,258
21068,395,259
21069,395,258
21070,395,257
21071,397,256
21072,397,257
21073,395,257
21074,395,258
21075,397,254
21076,399,255
21077,405,254
21078,405,258
21079,405,255
21080,406,253
21081,407,252
21082,407,251
21083,407,252
21084,411,252
21085,412,251
21086,411,252
21087,412,250
21088,416,249
21089,416,249
21090,412,250
21091,410,248
21092,414,244
21093,418,242
21094,417,243
21095,416,242
21096,416,239
21097,413,239
21098,417,241
21099,416,239
21100,418,239
21101,416,238
21102,414,235
21103,418,234
21104,405,233
21105,405,231
21106,406,230
21107,407,227
21108,410,230
21109,409,227
21110,409,231
21111,405,235
21112,406,230
21113,404,227
21114,407,230
21115,406,230
21116,400,233
21117,404,234
21118,403,235
21119,405,233
21120,404,234
21121,404,235
21122,404,234
21123,404,231
21124,374,232
21125,405,229
21126,405,238
21127,408,237
21128,407,239
21129,408,238
21130,408,239
21131,400,243
21132,403,243
21133,405,245
21134,405,276
21135,404,273
21136,403,248
21137,404,249
21138,405,248
21139,401,249
21140,401,248
21141,402,249
21142,401,247
21143,400,245
21144,400,247
21145,400,249
21146,397,244
21147,397,244
21148,398,241
21149,398,241
21150,397,244
21151,397,246
21152,395,245
21153,393,244
21154,394,244
21155,393,241
21156,395,243
21157,395,245
21158,396,241
21159,396,245
21160,396,239
21161,394,257
21162,392,242
21163,395,254
21164,394,258
21165,416,246
21166,418,255
21167,422,255
21168,412,255
21169,411,255
21170,409,245
21171,416,253
21172,416,242
21173,412,245
21174,414,239
21175,430,239
21176,435,236
21177,439,234
21178,437,234
21179,443,235
21180,438,236
21181,440,258
21182,443,239
21183,444,236
21184,439,233
21185,421,231
21186,423,232
21187,438,237
21188,435,238
21189,414,238
21190,410,238
21191,418,237
21192,406,242
21193,410,241
21194,410,243
21195,422,237
21196,411,235
21197,412,254
21198,409,256
21199,406,246
21200,402,243
21201,402,242
21202,405,246
21203,406,249
21204,405,250
21205,421,250
21206,424,248
21207,417,245
21208,424,248
21209,432,249
21210,434,252
21211,432,266
21212,425,267
21213,429,263
21214,428,265
21215,427,264
21216,431,266
21217,433,263
21218,433,263
21219,433,264
21220,433,266
21221,433,264
21222,417,265
21223,410,266
21224,414,267
21225,428,267
21226,427,268
21227,430,269
21228,431,268
21229,430,265
21230,416,270
21231,433,265
21232,434,264
21233,433,264
21234,436,264
21235,436,267
21236,436,267
21237,434,263
21238,435,261
21239,434,261
21240,433,264
21241,433,264
21242,433,264
21243,433,267
21244,433,268
21245,435,264
21246,434,268
21247,435,267
21248,433,268
21249,435,267
21250,437,268
21251,437,269
21252,435,255
21253,433,257
21254,433,269
21255,433,269
21256,433,270
21257,434,271
21258,434,270
21259,433,271
21260,430,271
21261,404,271
21262,432,268
21263,431,269
21264,434,268
21265,433,269
21266,433,264
21267,431,264
21268,429,267
21269,430,268
21270,411,271
21271,425,271
21272,424,270
21273,401,270
21274,425,261
21275,388,273
21276,388,270
21277,389,272
21278,394,266
21279,396,252
21280,390,281
21281,390,278
21282,397,245
21283,403,242
21284,405,241
21285,392,243
21286,406,246
21287,405,245
21288,406,245
21289,406,244
21290,415,248
21291,421,265
21292,409,254
21293,408,251
21294,407,247
21295,406,247
21296,407,249
21297,411,251
21298,410,252
21299,409,249
21300,407,250
21301,406,250
21302,403,251
21303,407,250
21304,407,251
21305,394,255
21306,400,238
21307,394,264
21308,397,249
21309,394,266
21310,394,264
21311,396,260
21312,395,261
21313,400,252
21314,395,263
21315,395,262
21316,396,257
21317,395,254
21318,395,262
21319,396,253
21320,397,251
21321,394,255
21322,394,259
21323,393,258
21324,394,257
21325,391,253
21326,401,253
21327,434,253
21328,415,253
21329,411,255
21330,431,256
21331,426,255
21332,429,254
21333,422,251
21334,424,252
21335,420,252
21336,405,250
21337,406,250
21338,408,249
21339,411,248
21340,412,248
21341,424,247
21342,430,246
21343,430,244
21344,434,243
21345,435,243
21346,434,243
21347,433,240
21348,430,240
21349,431,236
21350,427,238
21351,422,240
21352,420,242
21353,434,241
21354,432,241
21355,421,239
21356,443,241
21357,443,241
21358,439,241
21359,438,244
21360,409,236
21361,405,214
21362,405,217
21363,405,230
21364,401,235
21365,403,238
21366,407,240
21367,406,243
21368,402,242
21369,403,238
21370,402,238
21371,400,236
21372,402,237
21373,401,234
21374,399,232
21375,394,234
21376,400,231
21377,392,231
21378,389,229
21379,391,230
21380,391,230
21381,394,229
21382,391,229
21383,392,228
21384,392,229
21385,393,227
21386,393,225
21387,396,224
21388,398,225
21389,397,224
21390,396,224
21391,392,224
21392,393,225
21393,394,226
21394,395,227
21395,395,227
21396,396,228
21397,399,227
21398,396,228
21399,398,227
21400,397,227
21401,397,228
21402,398,227
21403,396,227
21404,394,226
21405,394,225
21406,393,224
21407,394,223
21408,396,223
21409,393,221
21410,396,218
21411,400,211
21412,399,209
21413,405,216
21414,401,220
21415,402,222
21416,403,222
21417,405,221
21418,406,222
21419,406,221
21420,405,220
21421,405,222
21422,404,224
21423,404,221
21424,406,220
21425,406,218
21426,408,218
21427,411,217
21428,417,219
21429,416,218
21430,418,221
21431,418,219
21432,417,217
21433,421,214
21434,420,215
21435,424,215
21436,423,215
21437,420,215
21438,420,216
21439,420,215
21440,418,216
21441,405,216
21442,406,217
21443,405,214
21444,424,211
21445,429,213
21446,422,213
21447,423,211
21448,421,213
21449,422,213
21450,422,211
21451,422,210
21452,428,209
21453,433,206
21454,434,204
21455,434,204
21456,434,204
21457,432,206
21458,430,205
21459,425,204
21460,416,201
21461,417,200
21462,409,200
21463,412,198
21464,423,199
21465,425,200
21466,425,199
21467,437,200
21468,439,198
21469,432,197
21470,449,186
21471,449,189
21472,448,202
21473,447,205
21474,451,218
21475,453,224
21476,440,196
21477,440,217
21478,436,190
21479,443,220
21480,441,216
21481,442,202
21482,434,206
21483,422,206
21484,421,204
21485,426,209
21486,428,210
21487,425,208
21488,426,205
21489,435,206
21490,432,202
21491,429,195
21492,424,201
21493,431,211
21494,432,212
21495,425,214
21496,425,213
21497,422,213
21498,417,213
21499,420,212
21500,413,213
21501,418,214
21502,420,214
21503,415,213
21504,417,213
21505,416,212
21506,413,211
21507,415,210
21508,414,211
21509,413,211
21510,415,212
21511,410,213
21512,410,213
21513,412,213
21514,411,213
21515,412,212
21516,409,211
21517,409,211
21518,409,211
21519,420,210
21520,410,212
21521,409,212
21522,412,214
21523,413,216
21524,412,217
21525,411,216
21526,410,218
21527,408,218
21528,410,219
21529,410,220
21530,409,220
21531,409,220
21532,407,219
21533,406,220
21534,403,220
21535,402,222
21536,403,222
21537,404,221
21538,406,219
21539,408,219
21540,405,215
21541,405,214
21542,405,214
21543,403,214
21544,403,215
21545,411,215
21546,424,214
21547,424,210
21548,435,216
21549,437,217
21550,437,217
21551,436,215
21552,438,214
21553,426,213
21554,426,214
21555,422,215
21556,424,215
21557,431,215
21558,431,215
21559,432,214
21560,432,213
21561,430,214
21562,432,214
21563,430,214
21564,425,217
21565,426,218
21566,427,217
21567,427,218
21568,421,218
21569,424,218
21570,420,217
21571,424,217
21572,413,218
21573,426,218
21574,425,216
21575,426,217
21576,422,218
21577,427,217
21578,427,215
21579,423,196
21580,420,195
21581,421,206
21582,419,193
21583,419,194
21584,415,193
21585,414,197
21586,414,199
21587,412,196
21588,413,195
21589,413,194
21590,416,194
21591,417,194
21592,422,193
21593,418,192
21594,421,193
21595,422,190
21596,424,186
21597,425,183
21598,427,181
21599,435,177
21600,441,173
21601,452,171
21602,449,191
21603,449,201
21604,446,187
21605,428,196
21606,435,197
21607,440,192
21608,438,188
21609,431,188
21610,438,190
21611,436,190
21612,437,189
21613,431,183
21614,429,182
21615,419,196
21616,426,179
21617,426,189
21618,458,198
21619,455,173
21620,454,175
21621,438,179
21622,434,185
21623,427,207
21624,445,210
21625,447,209
21626,446,205
21627,443,198
21628,443,195
21629,442,196
21630,440,195
21631,444,197
21632,445,198
21633,442,198
21634,441,196
21635,442,198
21636,443,199
21637,442,201
21638,444,203
21639,443,200
21640,444,202
21641,443,202
21642,443,201
21643,444,200
21644,444,200
21645,443,201
21646,444,202
21647,442,203
21648,441,203
21649,441,203
21650,440,203
21651,441,204
21652,441,204
21653,442,204
21654,441,203
21655,441,204
21656,441,205
21657,439,205
21658,436,204
21659,439,207
21660,441,206
21661,442,197
21662,443,201
21663,439,207
21664,435,210
21665,429,210
21666,421,210
21667,418,207
21668,417,205
21669,413,203
21670,412,201
21671,411,200
21672,410,202
21673,411,200
21674,409,200
21675,411,199
21676,410,197
21677,407,196
21678,406,194
21679,405,193
21680,402,191
21681,401,191
21682,400,190
21683,398,191
21684,397,193
21685,397,195
21686,388,192
21687,388,192
21688,388,192
21689,388,192
21690,387,192
21691,389,191
21692,389,190
21693,388,190
21694,399,189
21695,399,189
21696,388,190
21697,387,189
21698,387,190
21699,387,190
21700,387,190
21701,387,190
21702,386,190
21703,386,190
21704,386,190
21705,386,191
21706,385,191
21707,386,190
21708,386,189
21709,386,189
21710,386,189
21711,387,189
21712,386,189
21713,388,189
21714,391,190
21715,394,190
21716,403,189
21717,398,188
21718,400,187
21719,399,185
21720,402,185
21721,399,185
21722,397,183
21723,396,183
21724,397,183
21725,397,184
21726,396,184
21727,399,184
21728,397,183
21729,398,185
21730,398,184
21731,400,184
21732,399,184
21733,399,184
21734,397,185
21735,395,184
21736,396,186
21737,396,186
21738,401,188
21739,400,188
21740,400,188
21741,400,187
21742,401,186
21743,394,186
21744,393,185
21745,400,187
21746,399,187
21747,393,184
21748,393,185
21749,392,186
21750,392,186
21751,392,186
21752,398,187
21753,392,187
21754,394,187
21755,394,187
21756,394,187
21757,394,187
21758,394,187
21759,393,188
21760,394,188
21761,394,189
21762,396,188
21763,396,188
21764,396,188
21765,397,188
21766,399,190
21767,401,190
21768,401,187
21769,402,188
21770,401,187
21771,404,188
21772,404,188
21773,406,189
21774,402,189
21775,409,188
21776,399,187
21777,410,188
21778,411,189
21779,410,188
21780,408,189
21781,411,189
21782,404,192
21783,404,192
21784,403,192
21785,402,192
21786,403,191
21787,408,188
21788,405,188
21789,397,189
21790,393,189
21791,394,188
21792,394,188
21793,394,188
21794,395,190
21795,393,191
21796,393,191
21797,390,192
21798,386,194
21799,381,198
21800,382,200
21801,382,201
21802,382,199
21803,382,197
21804,378,193
21805,378,189
21806,371,187
21807,373,189
21808,370,190
21809,372,189
21810,371,189
21811,371,189
21812,366,189
21813,397,189
21814,370,188
21815,360,188
21816,377,186
21817,384,184
21818,385,182
21819,385,178
21820,381,171
21821,373,164
21822,364,157
21823,364,151
21824,363,149
21825,358,144
21826,353,141
21827,357,139
21828,340,140
21829,348,136
21830,354,134
21831,352,134
21832,355,135
21833,358,135
21834,359,135
21835,359,135
21836,361,135
21837,354,137
21838,361,137
21839,361,138
21840,341,141
21841,338,141
21842,340,141
21843,337,143
21844,334,144
21845,348,145
21846,348,144
21847,345,147
21848,344,147
21849,355,147
21850,362,146
21851,362,146
21852,360,146
21853,363,146
21854,359,146
21855,359,146
21856,362,147
21857,350,147
21858,350,147
21859,350,147
21860,344,147
21861,342,148
21862,348,147
21863,341,146
21864,346,146
21865,345,146
21866,355,146
21867,353,146
21868,349,146
21869,344,146
21870,347,145
21871,345,146
21872,341,146
21873,342,146
21874,337,147
21875,348,147
21876,345,144
21877,320,142
21878,330,143
21879,335,143
21880,334,142
21881,328,142
21882,330,140
21883,334,140
21884,338,140
21885,338,143
21886,342,151
21887,346,154
21888,350,156
21889,352,156
21890,353,156
21891,355,154
21892,357,155
21893,360,158
21894,360,160
21895,361,159
21896,361,158
21897,359,159
21898,359,155
21899,358,156
21900,358,156
21901,357,157
21902,358,157
21903,355,158
21904,353,158
21905,352,156
21906,350,156
21907,350,155
21908,350,154
21909,350,153
21910,350,155
21911,350,155
21912,350,156
21913,350,157
21914,350,156
21915,349,154
21916,349,155
21917,349,155
21918,349,156
21919,349,156
21920,348,155
21921,349,156
21922,349,159
21923,348,158
21924,347,158
21925,347,158
21926,348,156
21927,347,156
21928,346,156
21929,346,156
21930,347,155
21931,347,155
21932,348,155
21933,348,155
21934,348,152
21935,348,151
21936,347,151
21937,347,151
21938,346,152
21939,346,152
21940,347,151
21941,347,151
21942,347,151
21943,348,149
21944,349,149
21945,349,149
21946,349,148
21947,349,148
21948,349,148
21949,349,147
21950,349,147
21951,349,146
21952,350,146
21953,350,145
21954,350,144
21955,350,144
21956,350,144
21957,350,143
21958,349,144
21959,349,144
21960,349,144
21961,349,143
21962,349,144
21963,349,144
21964,349,143
21965,349,142
21966,348,143
21967,349,141
21968,349,141
21969,350,142
21970,350,143
21971,350,142
21972,350,143
21973,350,142
21974,349,142
21975,348,142
21976,348,142
21977,348,143
21978,348,144
21979,347,144
21980,348,143
21981,349,142
21982,348,142
21983,348,142
21984,347,142
21985,347,142
21986,347,142
21987,348,141
21988,348,140
21989,349,139
21990,350,139
21991,354,132
21992,354,132
21993,353,134
21994,352,135
21995,352,135
21996,352,136
21997,353,138
21998,354,140
21999,353,141
22000,355,142
22001,355,144
22002,357,144
22003,358,145
22004,359,146
22005,359,148
22006,360,150
22007,362,150
22008,365,150
22009,366,152
22010,366,154
22011,368,155
22012,369,156
22013,370,160
22014,371,161
22015,372,160
22016,374,158
22017,375,155
22018,376,158
22019,378,157
22020,384,156
22021,389,152
22022,391,154
22023,394,155
22024,393,154
22025,400,151
22026,403,150
22027,404,148
22028,410,172
22029,413,179
22030,424,173
22031,428,172
22032,429,174
22033,430,169
22034,426,174
22035,434,172
22036,432,175
22037,418,178
22038,421,177
22039,428,184
22040,418,190
22041,417,190
22042,423,194
22043,417,198
22044,421,202
22045,422,202
22046,423,208
22047,423,217
22048,425,213
22049,418,226
22050,417,226
22051,417,239
22052,417,244
22053,415,241
22054,414,245
22055,417,252
22056,415,253
22057,416,254
22058,416,256
22059,408,255
22060,401,263
22061,398,260
22062,425,254
22063,418,255
22064,423,254
22065,431,259
22066,394,260
22067,393,261
22068,422,255
22069,419,255
22070,421,255
22071,420,255
22072,423,255
22073,426,255
22074,422,254
22075,416,260
22076,411,261
22077,406,261
22078,394,264
22079,390,265
22080,420,259
22081,404,262
22082,404,262
22083,389,268
22084,390,268
22085,391,265
22086,392,266
22087,395,265
22088,397,264
22089,397,262
22090,397,263
22091,396,262
22092,396,263
22093,398,263
22094,399,263
22095,401,263
22096,401,266
22097,403,267
22098,401,269
22099,401,269
22100,400,267
22101,401,267
22102,400,268
22103,398,267
22104,396,268
22105,394,269
22106,392,269
22107,393,269
22108,415,273
22109,411,275
22110,414,277
22111,414,276
22112,412,274
22113,408,281
22114,409,279
22115,407,281
22116,411,282
22117,413,282
22118,414,282
22119,414,283
22120,413,282
22121,411,283
22122,408,283
22123,408,284
22124,408,285
22125,404,283
22126,405,283
22127,404,284
22128,405,283
22129,400,284
22130,398,283
22131,397,282
22132,397,282
22133,396,283
22134,396,282
22135,396,282
22136,396,282
22137,395,280
22138,393,280
22139,392,279
22140,393,281
22141,394,284
22142,393,284
22143,394,284
22144,395,285
22145,395,285
22146,394,284
22147,395,285
22148,394,285
22149,393,285
22150,394,285
22151,394,285
22152,394,286
22153,398,285
22154,397,283
22155,398,284
22156,396,286
22157,397,285
22158,400,282
22159,399,282
22160,401,272
22161,402,270
22162,402,260
22163,406,255
22164,410,253
22165,402,252
22166,396,252
22167,397,252
22168,390,253
22169,405,250
22170,403,250
22171,408,252
22172,407,249
22173,404,247
22174,410,226
22175,408,221
22176,408,212
22177,423,233
22178,429,226
22179,434,227
22180,421,232
22181,428,224
22182,428,225
22183,425,223
22184,421,206
22185,420,205
22186,414,200
22187,412,195
22188,406,188
22189,401,182
22190,401,172
22191,395,167
22192,393,158
22193,386,151
22194,382,146
22195,377,146
22196,383,140
22197,380,140
22198,383,139
22199,385,137
22200,388,138
22201,386,138
22202,387,138
22203,388,137
22204,388,137
22205,389,138
22206,387,137
22207,388,138
22208,386,138
22209,388,138
22210,388,137
22211,388,138
22212,389,137
22213,388,137
22214,389,138
22215,391,137
22216,391,137
22217,392,138
22218,392,138
22219,394,138
22220,395,138
22221,395,138
22222,395,138
22223,395,138
22224,396,138
22225,397,138
22226,398,137
22227,396,137
22228,396,137
22229,399,137
22230,397,137
22231,396,137
22232,400,138
22233,396,137
22234,397,136
22235,393,137
22236,395,137
22237,396,138
22238,392,138
22239,390,140
22240,388,140
22241,384,139
22242,381,139
22243,378,139
22244,377,140
22245,377,140
22246,375,141
22247,374,141
22248,374,143
22249,372,144
22250,372,143
22251,370,143
22252,373,143
22253,371,142
22254,373,143
22255,374,144
22256,374,145
22257,374,144
22258,377,145
22259,377,146
22260,379,147
22261,379,147
22262,380,148
22263,379,147
22264,377,149
22265,376,150
22266,373,151
22267,375,154
22268,375,154
22269,375,154
22270,375,151
22271,375,150
22272,371,149
22273,369,149
22274,368,149
22275,367,150
22276,367,150
22277,367,151
22278,369,151
22279,368,151
22280,368,151
22281,369,151
22282,369,151
22283,372,153
22284,372,154
22285,376,154
22286,376,154
22287,374,156
22288,365,159
22289,364,161
22290,367,163
22291,373,164
22292,372,166
22293,372,167
22294,375,168
22295,371,170
22296,368,172
22297,377,172
22298,372,171
22299,377,168
22300,363,162
22301,359,160
22302,380,156
22303,354,156
22304,356,155
22305,359,154
22306,357,155
22307,354,155
22308,353,155
22309,351,153
22310,355,151
22311,356,142
22312,354,142
22313,354,140
22314,354,139
22315,348,137
22316,349,137
22317,350,139
22318,351,140
22319,349,142
22320,349,144
22321,360,142
22322,358,142
22323,361,142
22324,357,142
22325,356,143
22326,356,142
22327,354,142
22328,350,143
22329,353,142
22330,353,140
22331,351,142
22332,353,141
22333,353,140
22334,351,142
22335,350,143
22336,351,142
22337,351,142
22338,351,142
22339,351,143
22340,351,142
22341,350,142
22342,351,143
22343,351,143
22344,350,143
22345,350,144
22346,351,144
22347,351,144
22348,349,144
22349,352,144
22350,353,144
22351,354,144
22352,355,144
22353,355,144
22354,356,144
22355,354,144
22356,356,144
22357,358,144
22358,358,144
22359,358,144
22360,359,144
22361,359,144
22362,359,145
22363,360,145
22364,361,144
22365,360,146
22366,360,146
22367,360,145
22368,360,144
22369,361,144
22370,361,145
22371,362,145
22372,362,144
22373,363,143
22374,356,143
22375,367,140
22376,367,137
22377,367,134
22378,366,132
22379,365,130
22380,368,129
22381,368,127
22382,370,123
22383,369,127
22384,369,121
22385,370,121
22386,369,122
22387,370,124
22388,371,132
22389,372,133
22390,371,129
22391,372,127
22392,372,131
22393,371,134
22394,367,135
22395,364,138
22396,360,148
22397,358,145
22398,356,144
22399,355,144
22400,354,145
22401,353,146
22402,353,144
22403,353,144
22404,350,146
22405,351,147
22406,350,151
22407,348,153
22408,347,156
22409,342,161
22410,341,163
22411,339,166
22412,340,168
22413,346,163
22414,342,169
22415,344,169
22416,345,170
22417,344,175
22418,344,174
22419,342,173
22420,345,172
22421,343,173
22422,343,173
22423,342,174
22424,340,174
22425,341,173
22426,338,174
22427,341,174
22428,344,175
22429,345,176
22430,345,177
22431,346,177
22432,347,175
22433,348,172
22434,349,174
22435,351,170
22436,350,177
22437,349,178
22438,350,180
22439,351,181
22440,348,182
22441,348,183
22442,348,183
22443,348,184
22444,348,184
22445,345,183
22446,348,180
22447,344,181
22448,345,180
22449,339,179
22450,340,178
22451,340,178
22452,338,177
22453,339,175
22454,337,174
22455,337,173
22456,336,173
22457,335,174
22458,334,173
22459,335,172
22460,334,172
22461,336,175
22462,336,175
22463,335,171
22464,336,170
22465,334,175
22466,336,175
22467,331,173
22468,332,173
22469,332,173
22470,332,174
22471,332,173
22472,333,174
22473,332,174
22474,332,174
22475,332,174
22476,331,175
22477,332,174
22478,331,173
22479,331,174
22480,331,173
22481,331,173
22482,332,172
22483,331,173
22484,334,174
22485,333,172
22486,334,171
22487,334,171
22488,333,172
22489,331,172
22490,331,172
22491,333,177
22492,333,178
22493,333,178
22494,333,179
22495,332,179
22496,334,179
22497,334,180
22498,335,180
22499,335,180
22500,338,177
22501,338,178
22502,337,179
22503,337,178
22504,337,179
22505,338,177
22506,337,178
22507,336,180
22508,338,180
22509,339,178
22510,339,176
22511,338,178
22512,340,174
22513,338,175
22514,340,175
22515,340,173
22516,343,172
22517,344,172
22518,345,171
22519,345,166
22520,344,168
22521,345,169
22522,344,168
22523,352,167
22524,355,167
22525,353,166
22526,348,163
22527,345,163
22528,340,162
22529,330,167
22530,324,171
22531,325,167
22532,322,168
22533,320,167
22534,314,167
22535,314,166
22536,313,156
22537,311,156
22538,311,153
22539,311,152
22540,309,153
22541,308,151
22542,307,150
22543,306,150
22544,305,149
22545,304,147
22546,304,148
22547,304,147
22548,303,145
22549,306,145
22550,307,145
22551,308,143
22552,305,143
22553,302,143
22554,301,145
22555,301,146
22556,302,147
22557,302,150
22558,305,151
22559,307,153
22560,308,154
22561,308,153
22562,309,150
22563,307,150
22564,307,148
22565,307,145
22566,306,144
22567,305,141
22568,306,141
22569,306,142
22570,306,141
22571,307,141
22572,307,141
22573,307,141
22574,307,141
22575,306,141
22576,305,141
22577,305,141
22578,305,141
22579,305,142
22580,305,142
22581,305,141
22582,305,142
22583,306,142
22584,305,141
22585,306,141
22586,306,142
22587,306,142
22588,307,142
22589,306,142
22590,307,142
22591,307,142
22592,307,142
22593,307,143
22594,306,143
22595,306,143
22596,307,144
22597,310,144
22598,310,144
22599,309,145
22600,313,147
22601,315,148
22602,319,149
22603,321,151
22604,323,149
22605,325,149
22606,326,152
22607,327,152
22608,328,152
22609,328,153
22610,327,150
22611,327,149
22612,325,150
22613,321,149
22614,315,149
22615,313,151
22616,313,156
22617,313,156
22618,311,156
22619,310,159
22620,312,160
22621,312,161
22622,312,161
22623,310,164
22624,308,162
22625,307,163
22626,304,162
22627,301,160
22628,300,164
22629,300,158
22630,299,154
22631,298,151
22632,299,150
22633,299,149
22634,299,142
22635,302,145
22636,304,142
22637,303,142
22638,303,142
22639,303,144
22640,304,142
22641,304,141
22642,304,140
22643,303,142
22644,304,146
22645,302,147
22646,302,151
22647,299,154
22648,298,156
22649,295,155
22650,293,155
22651,293,155
22652,291,155
22653,289,154
22654,288,153
22655,287,152
22656,282,153
22657,279,155
22658,278,156
22659,278,157
22660,279,158
22661,277,159
22662,277,164
22663,274,164
22664,277,173
22665,277,176
22666,276,175
22667,276,164
22668,279,167
22669,281,168
22670,284,169
22671,284,176
22672,282,179
22673,277,181
22674,271,184
22675,262,187
22676,257,188
22677,258,188
22678,257,186
22679,256,186
22680,257,184
22681,258,182
22682,262,179
22683,259,179
22684,263,176
22685,263,175
22686,266,176
22687,267,179
22688,263,182
22689,255,185
22690,256,188
22691,256,188
22692,258,192
22693,258,194
22694,259,195
22695,261,195
22696,255,197
22697,257,197
22698,253,199
22699,255,198
22700,258,197
22701,257,198
22702,255,198
22703,252,198
22704,250,198
22705,248,198
22706,245,196
22707,246,194
22708,246,191
22709,245,189
22710,244,188
22711,246,189
22712,246,188
22713,249,186
22714,242,187
22715,240,187
22716,239,188
22717,237,187
22718,236,186
22719,235,185
22720,236,185
22721,235,186
22722,236,185
22723,236,186
22724,237,186
22725,236,186
22726,236,186
22727,235,187
22728,235,186
22729,235,186
22730,236,186
22731,236,184
22732,238,184
22733,238,185
22734,239,185
22735,240,185
22736,241,185
22737,243,182
22738,248,181
22739,254,179
22740,261,178
22741,266,172
22742,267,173
22743,271,177
22744,273,179
22745,269,180
22746,271,184
22747,268,190
22748,265,191
22749,261,190
22750,260,193
22751,257,194
22752,256,197
22753,256,202
22754,253,203
22755,256,207
22756,258,210
22757,259,212
22758,257,216
22759,258,216
22760,256,215
22761,255,214
22762,253,218
22763,251,219
22764,249,226
22765,248,231
22766,245,235
22767,243,239
22768,240,239
22769,241,237
22770,241,237
22771,241,240
22772,241,234
22773,240,244
22774,239,243
22775,238,245
22776,240,246
22777,240,247
22778,239,243
22779,238,243
22780,238,244
22781,238,244
22782,239,245
22783,237,247
22784,238,246
22785,238,247
22786,238,246
22787,238,247
22788,237,246
22789,238,245
22790,238,240
22791,238,239
22792,238,237
22793,237,239
22794,238,238
22795,238,243
22796,238,241
22797,238,240
22798,237,239
22799,236,237
22800,236,235
22801,235,236
22802,235,239
22803,235,240
22804,234,238
22805,235,237
22806,234,237
22807,235,237
22808,235,237
22809,234,238
22810,235,237
22811,236,236
22812,237,236
22813,236,239
22814,236,237
22815,236,232
22816,236,230
22817,236,235
22818,236,227
22819,236,226
22820,234,225
22821,235,217
22822,236,212
22823,235,233
22824,237,233
22825,237,236
22826,237,232
22827,237,228
22828,239,228
22829,238,226
22830,239,226
22831,239,226
22832,239,225
22833,242,224
22834,244,223
22835,246,222
22836,250,223
22837,252,223
22838,254,222
22839,255,221
22840,256,222
22841,256,220
22842,258,219
22843,262,220
22844,265,219
22845,266,214
22846,266,210
22847,267,212
22848,268,215
22849,269,214
22850,270,211
22851,271,210
22852,272,205
22853,273,200
22854,272,207
22855,273,206
22856,274,207
22857,273,213
22858,272,214
22859,270,215
22860,268,214
22861,267,223
22862,267,193
22863,266,212
22864,266,211
22865,266,212
22866,266,216
22867,266,218
22868,266,218
22869,267,219
22870,268,215
22871,269,222
22872,269,222
22873,270,229
22874,269,200
22875,271,229
22876,271,229
22877,272,229
22878,273,228
22879,274,228
22880,272,226
22881,271,222
22882,272,223
22883,269,223
22884,269,222
22885,270,205
22886,270,194
22887,270,194
22888,271,196
22889,272,197
22890,271,198
22891,271,194
22892,270,195
22893,273,192
22894,273,193
22895,273,193
22896,273,192
22897,273,193
22898,275,194
22899,275,193
22900,275,215
22901,274,198
22902,273,216
22903,273,213
22904,274,212
22905,275,223
22906,277,222
22907,275,221
22908,273,223
22909,274,223
22910,284,223
22911,287,223
22912,288,222
22913,292,221
22914,291,220
22915,288,219
22916,285,215
22917,282,216
22918,280,212
22919,280,211
22920,281,209
22921,282,207
22922,282,206
22923,283,207
22924,282,209
22925,282,212
22926,280,203
22927,274,198
22928,269,195
22929,269,192
22930,267,192
22931,268,189
22932,266,187
22933,264,188
22934,259,187
22935,258,188
22936,256,188
22937,254,187
22938,252,188
22939,252,185
22940,251,191
22941,250,188
22942,251,188
22943,251,188
22944,250,185
22945,249,183
22946,250,183
22947,251,185
22948,251,186
22949,252,185
22950,252,188
22951,252,189
22952,253,186
22953,253,187
22954,252,186
22955,252,186
22956,253,186
22957,253,189
22958,253,186
22959,253,187
22960,253,188
22961,253,190
22962,254,190
22963,254,190
22964,255,190
22965,256,192
22966,258,191
22967,261,191
22968,263,188
22969,271,192
22970,275,189
22971,277,192
22972,276,183
22973,275,181
22974,274,184
22975,272,186
22976,272,180
22977,272,180
22978,270,171
22979,269,175
22980,269,178
22981,269,176
22982,271,175
22983,271,177
22984,270,178
22985,269,172
22986,271,178
22987,269,180
22988,268,178
22989,273,178
22990,274,174
22991,276,178
22992,274,171
22993,275,167
22994,276,165
22995,277,162
22996,277,162
22997,276,162
22998,276,161
22999,277,161
23000,276,172
23001,276,166
23002,273,167
23003,273,173
23004,273,172
23005,271,173
23006,270,172
23007,270,176
23008,269,176
23009,270,176
23010,270,176
23011,268,170
23012,270,171
23013,269,174
23014,270,176
23015,269,179
23016,270,179
23017,271,179
23018,268,174
23019,269,173
23020,269,173
23021,268,172
23022,268,173
23023,269,172
23024,266,175
23025,269,176
23026,269,177
23027,268,180
23028,270,181
23029,270,181
23030,269,182
23031,270,182
23032,270,184
23033,269,185
23034,268,185
23035,270,186
23036,269,186
23037,269,186
23038,270,187
23039,268,185
23040,268,185
23041,269,185
23042,268,185
23043,268,186
23044,268,185
23045,268,185
23046,268,185
23047,268,186
23048,268,185
23049,268,185
23050,268,184
23051,268,184
23052,268,185
23053,268,185
23054,269,185
23055,268,185
23056,269,185
23057,269,185
23058,268,185
23059,269,185
23060,269,185
23061,268,185
23062,268,185
23063,268,185
23064,269,185
23065,268,185
23066,267,185
23067,266,186
23068,265,186
23069,265,189
23070,264,189
23071,264,193
23072,262,194
23073,263,194
23074,264,194
23075,263,193
23076,264,192
23077,263,194
23078,264,194
23079,262,193
23080,266,193
23081,265,194
23082,263,194
23083,260,195
23084,260,194
23085,258,191
23086,259,198
23087,260,198
23088,257,196
23089,258,202
23090,258,202
23091,258,202
23092,261,209
23093,262,206
23094,261,204
23095,261,203
23096,264,200
23097,265,199
23098,266,193
23099,270,197
23100,269,197
23101,270,187
23102,271,189
23103,271,187
23104,273,190
23105,276,177
23106,277,174
23107,272,175
23108,273,172
23109,273,169
23110,272,168
23111,272,167
23112,265,162
23113,267,158
23114,268,158
23115,270,157
23116,270,156
23117,272,157
23118,274,155
23119,274,152
23120,271,149
23121,271,147
23122,272,145
23123,275,144
23124,274,141
23125,277,139
23126,277,137
23127,278,133
23128,276,131
23129,277,128
23130,278,126
23131,280,126
23132,285,126
23133,286,125
23134,302,127
23135,289,127
23136,301,126
23137,295,126
23138,300,127
23139,308,127
23140,308,127
23141,307,127
23142,311,126
23143,312,127
23144,311,124
23145,311,124
23146,311,125
23147,310,126
23148,312,126
23149,312,126
23150,311,126
23151,311,127
23152,312,128
23153,311,129
23154,312,130
23155,312,129
23156,312,129
23157,312,130
23158,310,130
23159,309,130
23160,310,130
23161,324,129
23162,310,129
23163,309,129
23164,310,129
23165,311,130
23166,311,130
23167,311,130
23168,309,130
23169,310,129
23170,310,129
23171,311,130
23172,311,130
23173,308,131
23174,307,132
23175,310,134
23176,323,134
23177,332,135
23178,329,134
23179,314,133
23180,317,133
23181,311,132
23182,313,133
23183,313,133
23184,314,132
23185,311,131
23186,312,132
23187,332,131
23188,317,132
23189,318,131
23190,318,131
23191,320,131
23192,321,127
23193,322,129
23194,324,128
23195,326,126
23196,327,130
23197,328,126
23198,330,129
23199,332,131
23200,329,130
23201,328,129
23202,326,127
23203,326,128
23204,324,127
23205,325,125
23206,322,123
23207,323,125
23208,327,125
23209,324,119
23210,323,117
23211,318,117
23212,325,116
23213,333,124
23214,336,119
23215,338,119
23216,339,129
23217,340,127
23218,338,124
23219,337,119
23220,338,117
23221,337,115
23222,335,115
23223,337,116
23224,336,114
23225,337,115
23226,341,121
23227,346,125
23228,345,122
23229,346,125
23230,345,123
23231,345,124
23232,346,121
23233,344,117
23234,345,120
23235,345,114
23236,347,128
23237,346,122
23238,338,119
23239,337,123
23240,337,127
23241,335,129
23242,337,129
23243,334,129
23244,335,126
23245,334,126
23246,335,125
23247,335,126
23248,337,127
23249,337,129
23250,339,133
23251,339,134
23252,338,140
23253,337,140
23254,337,141
23255,336,140
23256,334,139
23257,333,130
23258,328,140
23259,328,140
23260,328,147
23261,330,128
23262,329,138
23263,327,141
23264,326,127
23265,322,130
23266,322,154
23267,317,169
23268,318,165
23269,318,131
23270,315,164
23271,315,166
23272,312,167
23273,310,166
23274,307,165
23275,304,167
23276,302,166
23277,299,164
23278,296,154
23279,295,171
23280,293,171
23281,296,173
23282,299,174
23283,302,172
23284,304,179
23285,306,182
23286,308,178
23287,305,182
23288,305,186
23289,304,181
23290,308,179
23291,312,182
23292,315,172
23293,316,180
23294,317,168
23295,317,163
23296,317,158
23297,316,175
23298,314,179
23299,314,180
23300,313,181
23301,314,179
23302,314,184
23303,315,185
23304,315,179
23305,315,162
23306,315,176
23307,315,174
23308,315,175
23309,314,175
23310,314,175
23311,314,178
23312,314,181
23313,314,179
23314,314,178
23315,313,178
23316,313,179
23317,312,179
23318,313,179
23319,314,177
23320,313,178
23321,311,177
23322,311,175
23323,311,173
23324,313,177
23325,313,177
23326,312,174
23327,312,174
23328,313,174
23329,313,173
23330,313,173
23331,314,173
23332,314,174
23333,315,173
23334,314,170
23335,323,167
23336,322,170
23337,318,177
23338,319,178
23339,317,178
23340,319,180
23341,319,179
23342,321,180
23343,320,180
23344,318,181
23345,317,180
23346,314,180
23347,312,179
23348,312,172
23349,311,168
23350,312,170
23351,313,170
23352,311,170
23353,311,170
23354,308,168
23355,306,168
23356,304,164
23357,303,165
23358,305,162
23359,306,158
23360,304,160
23361,302,158
23362,301,157
23363,299,155
23364,299,155
23365,300,154
23366,298,154
23367,295,154
23368,293,153
23369,292,152
23370,291,152
23371,291,149
23372,292,149
23373,290,150
23374,288,150
23375,287,150
23376,287,153
23377,287,155
23378,290,153
23379,287,156
23380,287,157
23381,287,158
23382,286,160
23383,283,158
23384,284,158
23385,285,158
23386,285,158
23387,285,158
23388,286,157
23389,286,157
23390,286,155
23391,287,154
23392,286,153
23393,287,153
23394,285,152
23395,286,153
23396,286,152
23397,286,150
23398,286,150
23399,286,150
23400,285,149
23401,285,148
23402,288,149
23403,285,148
23404,284,151
23405,284,152
23406,284,152
23407,284,153
23408,284,153
23409,284,154
23410,284,154
23411,285,153
23412,285,153
23413,284,153
23414,283,153
23415,284,152
23416,284,152
23417,284,152
23418,284,153
23419,285,153
23420,285,153
23421,285,153
23422,285,153
23423,286,152
23424,288,152
23425,290,151
23426,291,152
23427,294,152
23428,297,152
23429,298,152
23430,300,153
23431,302,151
23432,304,150
23433,305,151
23434,306,150
23435,307,150
23436,306,150
23437,305,150
23438,306,150
23439,305,150
23440,304,150
23441,304,149
23442,304,149
23443,303,150
23444,303,150
23445,303,149
23446,305,148
23447,305,147
23448,305,147
23449,305,146
23450,305,147
23451,305,147
23452,305,147
23453,305,146
23454,305,147
23455,305,146
23456,305,146
23457,305,146
23458,305,145
23459,306,144
23460,307,145
23461,307,145
23462,307,146
23463,307,146
23464,307,146
23465,307,146
23466,305,147
23467,303,150
23468,305,147
23469,306,147
23470,306,147
23471,307,147
23472,306,147
23473,306,148
23474,307,149
23475,307,149
23476,308,149
23477,307,149
23478,306,149
23479,306,151
23480,307,152
23481,306,151
23482,305,151
23483,305,151
23484,300,151
23485,299,150
23486,299,149
23487,298,148
23488,298,146
23489,298,144
23490,298,144
23491,297,144
23492,296,143
23493,297,143
23494,296,143
23495,296,144
23496,295,144
23497,295,144
23498,297,145
23499,296,145
23500,296,146
23501,296,146
23502,297,147
23503,296,148
23504,297,148
23505,297,148
23506,296,148
23507,295,147
23508,296,146
23509,297,145
23510,297,143
23511,297,143
23512,297,144
23513,297,145
23514,297,147
23515,298,146
23516,298,146
23517,298,147
23518,298,146
23519,299,146
23520,302,141
23521,303,140
23522,304,139
23523,303,140
23524,303,140
23525,305,139
23526,304,139
23527,303,138
23528,300,143
23529,301,143
23530,300,137
23531,300,143
23532,305,137
23533,307,137
23534,309,138
23535,310,140
23536,314,142
23537,314,142
23538,320,144
23539,327,147
23540,327,149
23541,328,146
23542,329,147
23543,330,147
23544,329,134
23545,330,128
23546,330,129
23547,330,130
23548,329,131
23549,329,126
23550,325,145
23551,323,146
23552,326,132
23553,322,149
23554,319,147
23555,321,152
23556,319,151
23557,316,153
23558,317,153
23559,313,152
23560,310,152
23561,308,150
23562,305,150
23563,303,151
23564,299,148
23565,300,152
23566,299,153
23567,297,153
23568,295,154
23569,295,153
23570,295,153
23571,294,152
23572,293,155
23573,292,157
23574,291,158
23575,286,159
23576,289,155
23577,284,159
23578,285,161
23579,285,163
23580,284,163
23581,281,163
23582,280,164
23583,279,165
23584,279,164
23585,278,168
23586,283,171
23587,283,171
23588,283,173
23589,284,175
23590,283,175
23591,282,177
23592,281,177
23593,282,178
23594,279,179
23595,281,178
23596,283,180
23597,284,183
23598,283,187
23599,279,192
23600,281,196
23601,279,196
23602,280,194
23603,282,192
23604,285,191
23605,285,190
23606,286,192
23607,286,196
23608,285,198
23609,285,198
23610,282,198
23611,282,198
23612,286,199
23613,289,199
23614,290,199
23615,292,198
23616,289,199
23617,289,199
23618,289,199
23619,288,199
23620,287,199
23621,287,200
23622,288,200
23623,288,201
23624,288,201
23625,287,201
23626,287,202
23627,288,202
23628,287,201
23629,287,203
23630,289,205
23631,289,206
23632,287,206
23633,287,207
23634,287,207
23635,286,207
23636,286,208
23637,285,209
23638,284,210
23639,284,212
23640,284,215
23641,283,218
23642,281,218
23643,281,221
23644,279,222
23645,277,220
23646,275,223
23647,271,223
23648,269,220
23649,267,218
23650,265,217
23651,263,216
23652,262,219
23653,262,217
23654,261,217
23655,263,215
23656,264,215
23657,265,213
23658,265,210
23659,267,208
23660,269,210
23661,269,207
23662,264,204
23663,261,204
23664,256,205
23665,253,205
23666,253,207
23667,252,207
23668,251,203
23669,251,201
23670,252,200
23671,252,199
23672,251,200
23673,252,200
23674,252,200
23675,251,198
23676,252,198
23677,253,198
23678,257,197
23679,257,197
23680,257,197
23681,257,196
23682,258,196
23683,257,196
23684,258,196
23685,258,198
23686,259,198
23687,259,198
23688,258,195
23689,258,195
23690,258,196
23691,259,196
23692,258,195
23693,258,194
23694,259,195
23695,258,196
23696,258,196
23697,259,197
23698,260,198
23699,259,197
23700,258,196
23701,257,196
23702,257,196
23703,258,197
23704,257,198
23705,259,200
23706,259,201
23707,259,201
23708,259,201
23709,259,200
23710,258,201
23711,259,200
23712,260,199
23713,260,198
23714,261,199
23715,262,201
23716,264,199
23717,266,200
23718,263,200
23719,263,198
23720,265,196
23721,266,193
23722,268,190
23723,268,189
23724,270,188
23725,267,188
23726,268,187
23727,268,186
23728,269,186
23729,269,185
23730,270,186
23731,271,185
23732,273,175
23733,273,174
23734,274,180
23735,270,184
23736,267,187
23737,265,187
23738,268,183
23739,267,178
23740,268,177
23741,268,177
23742,268,175
23743,269,175
23744,268,173
23745,268,173
23746,267,173
23747,265,172
23748,265,171
23749,265,170
23750,267,164
23751,267,165
23752,267,166
23753,264,171
23754,264,171
23755,264,171
23756,265,170
23757,265,171
23758,268,164
23759,268,164
23760,265,173
23761,265,173
23762,264,172
23763,266,172
23764,264,171
23765,265,172
23766,265,170
23767,265,173
23768,267,174
23769,268,174
23770,268,175
23771,267,176
23772,266,176
23773,268,174
23774,265,181
23775,265,183
23776,264,183
23777,261,181
23778,266,182
23779,267,182
23780,269,171
23781,265,176
23782,258,178
23783,258,173
23784,255,173
23785,252,172
23786,254,167
23787,254,164
23788,254,163
23789,253,163
23790,254,165
23791,257,164
23792,258,163
23793,258,161
23794,257,161
23795,258,158
23796,250,164
23797,256,159
23798,254,160
23799,258,158
23800,254,160
23801,258,158
23802,254,159
23803,253,158
23804,254,158
23805,250,158
23806,250,157
23807,249,156
23808,249,156
23809,249,156
23810,250,157
23811,250,158
23812,249,160
23813,250,157
23814,250,158
23815,255,159
23816,251,163
23817,257,156
23818,259,156
23819,264,156
23820,266,150
23821,265,155
23822,265,151
23823,264,141
23824,264,153
23825,262,165
23826,260,165
23827,263,162
23828,262,164
23829,260,163
23830,261,165
23831,261,162
23832,261,163
23833,262,164
23834,259,162
23835,261,162
23836,261,162
23837,261,162
23838,261,163
23839,261,162
23840,261,162
23841,259,162
23842,261,164
23843,258,162
23844,258,162
23845,256,163
23846,257,164
23847,255,163
23848,255,164
23849,255,164
23850,253,164
23851,251,165
23852,251,164
23853,247,165
23854,247,171
23855,246,171
23856,246,171
23857,244,170
23858,249,169
23859,248,164
23860,252,168
23861,254,163
23862,258,166
23863,257,167
23864,257,169
23865,262,170
23866,263,176
23867,263,177
23868,268,182
23869,267,181
23870,268,183
23871,264,182
23872,263,184
23873,259,186
23874,258,188
23875,258,191
23876,259,191
23877,257,189
23878,257,187
23879,260,186
23880,260,186
23881,260,186
23882,260,186
23883,268,189
23884,267,186
23885,263,186
23886,262,186
23887,263,185
23888,263,184
23889,262,184
23890,261,184
23891,261,184
23892,261,184
23893,263,184
23894,263,184
23895,263,184
23896,262,184
23897,262,183
23898,262,183
23899,262,183
23900,262,183
23901,262,183
23902,262,183
23903,263,183
23904,265,183
23905,264,183
23906,263,183
23907,263,183
23908,263,183
23909,264,183
23910,264,184
23911,264,184
23912,264,184
23913,263,184
23914,264,184
23915,263,184
23916,264,185
23917,261,185
23918,261,185
23919,261,186
23920,261,186
23921,261,186
23922,261,186
23923,262,186
23924,262,185
23925,261,185
23926,262,186
23927,260,186
23928,260,186
23929,260,186
23930,260,186
23931,259,186
23932,259,186
23933,260,186
23934,259,187
23935,260,187
23936,260,187
23937,260,187
23938,260,188
23939,261,187
23940,261,190
23941,259,190
23942,260,191
23943,260,191
23944,257,191
23945,257,191
23946,257,191
23947,256,192
23948,257,190
23949,256,192
23950,255,192
23951,254,192
23952,255,192
23953,256,192
23954,257,192
23955,257,192
23956,257,192
23957,258,192
23958,258,192
23959,258,192
23960,258,192
23961,257,192
23962,258,192
23963,257,192
23964,258,191
23965,257,191
23966,256,191
23967,259,190
23968,259,191
23969,260,191
23970,259,191
23971,261,191
23972,261,191
23973,261,191
23974,262,191
23975,261,191
23976,259,191
23977,259,191
23978,259,192
23979,259,191
23980,259,192
23981,257,192
23982,256,192
23983,256,192
23984,256,192
23985,256,191
23986,254,192
23987,252,198
23988,250,196
23989,250,198
23990,249,197
23991,249,198
23992,246,198
23993,244,200
23994,243,200
23995,243,198
23996,243,198
23997,242,190
23998,241,193
23999,242,192
24000,243,193
24001,243,191
24002,244,190
24003,243,189
24004,246,188
24005,246,189
24006,249,188
24007,252,187
24008,253,186
24009,257,186
24010,257,185
24011,256,184
24012,258,181
24013,262,177
24014,264,173
24015,266,164
24016,264,166
24017,263,166
24018,266,162
24019,264,162
24020,265,162
24021,257,168
24022,259,161
24023,257,160
24024,266,157
24025,265,155
24026,265,155
24027,265,155
24028,265,151
24029,267,144
24030,267,146
24031,257,148
24032,252,145
24033,255,144
24034,256,140
24035,263,136
24036,259,133
24037,258,134
24038,252,137
24039,251,136
24040,249,137
24041,248,136
24042,247,134
24043,255,131
24044,254,131
24045,253,128
24046,256,127
24047,260,126
24048,252,127
24049,248,127
24050,254,126
24051,247,127
24052,254,126
24053,254,126
24054,253,126
24055,255,126
24056,255,126
24057,254,126
24058,255,126
24059,255,125
24060,251,126
24061,251,126
24062,254,126
24063,255,125
24064,258,125
24065,261,125
24066,261,127
24067,263,128
24068,259,128
24069,257,128
24070,258,129
24071,245,128
24072,244,129
24073,249,128
24074,239,133
24075,241,134
24076,247,133
24077,248,134
24078,247,135
24079,248,135
24080,246,134
24081,249,133
24082,244,132
24083,247,131
24084,239,131
24085,240,132
24086,238,133
24087,236,136
24088,237,132
24089,235,128
24090,238,128
24091,233,127
24092,234,122
24093,234,121
24094,234,120
24095,235,119
24096,236,119
24097,236,120
24098,237,123
24099,241,123
24100,245,123
24101,248,123
24102,242,124
24103,247,125
24104,261,127
24105,261,129
24106,239,129
24107,239,131
24108,242,133
24109,243,134
24110,242,136
24111,242,139
24112,243,139
24113,249,137
24114,244,136
24115,249,137
24116,266,139
24117,263,141
24118,279,143
24119,279,145
24120,277,143
24121,278,144
24122,280,146
24123,281,147
24124,282,151
24125,282,151
24126,281,155
24127,280,157
24128,281,164
24129,279,171
24130,275,172
24131,250,170
24132,266,171
24133,267,169
24134,283,165
24135,255,165
24136,254,164
24137,250,163
24138,249,162
24139,249,163
24140,255,163
24141,256,163
24142,253,163
24143,254,163
24144,255,163
24145,254,164
24146,270,161
24147,276,161
24148,257,162
24149,265,159
24150,262,158
24151,263,159
24152,260,159
24153,258,158
24154,255,157
24155,254,159
24156,283,159
24157,281,163
24158,258,160
24159,259,165
24160,277,167
24161,276,168
24162,274,173
24163,276,171
24164,276,174
24165,276,174
24166,277,174
24167,274,174
24168,271,175
24169,270,175
24170,266,174
24171,263,174
24172,277,175
24173,279,178
24174,248,181
24175,266,183
24176,268,183
24177,266,183
24178,266,183
24179,265,185
24180,253,183
24181,249,181
24182,260,177
24183,264,175
24184,265,177
24185,258,178
24186,250,185
24187,254,189
24188,258,192
24189,267,193
24190,267,191
24191,268,191
24192,271,192
24193,265,191
24194,267,192
24195,269,188
24196,274,188
24197,271,177
24198,273,185
24199,269,178
24200,269,177
24201,270,176
24202,267,180
24203,268,167
24204,267,173
24205,267,174
24206,266,168
24207,264,170
24208,262,169
24209,259,170
24210,256,168
24211,252,168
24212,252,171
24213,242,172
24214,243,181
24215,260,184
24216,262,188
24217,260,191
24218,237,197
24219,259,197
24220,251,198
24221,255,206
24222,262,212
24223,247,216
24224,238,218
24225,243,225
24226,236,224
24227,235,220
24228,236,217
24229,235,220
24230,234,225
24231,232,224
24232,232,226
24233,230,228
24234,229,231
24235,229,233
24236,229,234
24237,230,236
24238,230,237
24239,231,238
24240,233,239
24241,235,240
24242,236,244
24243,237,244
24244,237,243
24245,239,245
24246,237,236
24247,239,230
24248,253,231
24249,231,243
24250,230,240
24251,235,229
24252,259,227
24253,259,230
24254,258,229
24255,260,228
24256,265,230
24257,260,230
24258,257,229
24259,257,226
24260,255,225
24261,253,225
24262,253,226
24263,256,226
24264,257,227
24265,262,226
24266,264,225
24267,270,226
24268,271,224
24269,273,225
24270,277,226
24271,273,227
24272,271,226
24273,278,222
24274,278,221
24275,271,219
24276,271,219
24277,273,219
24278,274,218
24279,267,218
24280,267,219
24281,274,221
24282,277,223
24283,281,224
24284,283,225
24285,283,225
24286,285,223
24287,286,223
24288,285,222
24289,285,223
24290,281,224
24291,281,224
24292,286,222
24293,289,224
24294,290,224
24295,287,226
24296,286,229
24297,289,236
24298,288,239
24299,285,243
24300,284,243
24301,285,250
24302,283,250
24303,284,248
24304,283,246
24305,285,243
24306,285,240
24307,283,236
24308,284,234
24309,282,234
24310,279,235
24311,279,236
24312,277,237
24313,287,242
24314,275,240
24315,278,239
24316,286,236
24317,287,233
24318,282,230
24319,281,228
24320,284,226
24321,286,229
24322,280,228
24323,280,226
24324,289,224
24325,280,223
24326,288,222
24327,282,221
24328,283,222
24329,284,222
24330,292,221
24331,295,220
24332,294,221
24333,294,221
24334,284,220
24335,289,221
24336,293,221
24337,284,222
24338,295,222
24339,288,223
24340,294,222
24341,301,222
24342,295,221
24343,297,221
24344,297,223
24345,296,224
24346,296,224
24347,292,224
24348,292,224
24349,291,223
24350,291,222
24351,292,223
24352,292,221
24353,292,220
24354,292,221
24355,295,221
24356,294,221
24357,296,221
24358,291,222
24359,292,222
24360,292,219
24361,290,220
24362,290,220
24363,290,223
24364,295,223
24365,293,225
24366,292,229
24367,297,231
24368,294,231
24369,292,233
24370,294,235
24371,291,237
24372,293,239
24373,291,240
24374,290,241
24375,289,242
24376,290,244
24377,292,245
24378,290,245
24379,286,244
24380,283,243
24381,286,243
24382,300,243
24383,291,247
24384,297,250
24385,293,254
24386,294,256
24387,291,261
24388,295,264
24389,300,265
24390,297,260
24391,304,260
24392,309,259
24393,311,258
24394,313,256
24395,313,254
24396,315,252
24397,315,253
24398,316,254
24399,318,256
24400,318,258
24401,316,256
24402,318,255
24403,317,258
24404,319,260
24405,318,262
24406,317,264
24407,319,264
24408,322,267
24409,320,269
24410,321,272
24411,325,274
24412,324,274
24413,320,281
24414,323,280
24415,328,281
24416,328,283
24417,329,285
24418,328,288
24419,336,284
24420,340,284
24421,343,288
24422,345,291
24423,346,296
24424,349,292
24425,352,287
24426,352,286
24427,354,286
24428,353,286
24429,352,285
24430,354,285
24431,348,284
24432,348,283
24433,351,281
24434,354,280
24435,354,278
24436,356,273
24437,358,270
24438,357,268
24439,356,267
24440,356,267
24441,359,267
24442,359,268
24443,359,267
24444,361,267
24445,364,264
24446,367,264
24447,371,265
24448,372,263
24449,373,263
24450,374,262
24451,375,261
24452,376,261
24453,378,262
24454,374,262
24455,378,261
24456,378,264
24457,379,267
24458,379,262
24459,378,261
24460,379,263
24461,380,265
24462,379,266
24463,377,267
24464,377,265
24465,371,265
24466,364,266
24467,358,268
24468,355,265
24469,357,266
24470,353,267
24471,350,271
24472,351,271
24473,349,270
24474,347,270
24475,346,271
24476,349,272
24477,348,274
24478,347,275
24479,356,274
24480,356,276
24481,359,277
24482,362,279
24483,362,280
24484,361,280
24485,359,281
24486,359,281
24487,355,280
24488,353,281
24489,354,281
24490,360,281
24491,361,281
24492,359,281
24493,359,281
24494,356,281
24495,358,281
24496,357,281
24497,358,281
24498,358,281
24499,355,281
24500,348,283
24501,353,284
24502,350,283
24503,347,283
24504,347,283
24505,345,283
24506,348,283
24507,346,282
24508,339,280
24509,333,279
24510,332,279
24511,332,279
24512,336,279
24513,334,279
24514,330,280
24515,331,279
24516,326,279
24517,327,278
24518,329,278
24519,326,278
24520,325,277
24521,329,277
24522,322,275
24523,326,275
24524,324,274
24525,325,273
24526,323,272
24527,323,270
24528,324,268
24529,323,265
24530,325,264
24531,324,264
24532,326,264
24533,328,263
24534,329,262
24535,330,262
24536,328,262
24537,328,263
24538,328,264
24539,333,264
24540,335,265
24541,339,265
24542,341,265
24543,345,262
24544,346,260
24545,343,264
24546,338,265
24547,338,266
24548,335,266
24549,333,266
24550,337,266
24551,332,270
24552,332,272
24553,331,272
24554,327,273
24555,330,267
24556,330,272
24557,327,274
24558,324,274
24559,323,273
24560,321,273
24561,315,271
24562,312,271
24563,308,273
24564,315,272
24565,323,273
24566,328,273
24567,324,271
24568,322,268
24569,328,269
24570,326,268
24571,325,268
24572,324,268
24573,324,268
24574,322,268
24575,322,266
24576,322,265
24577,319,265
24578,322,264
24579,322,261
24580,323,258
24581,325,256
24582,323,256
24583,320,257
24584,319,258
24585,318,258
24586,318,260
24587,318,259
24588,317,261
24589,316,261
24590,316,261
24591,317,262
24592,316,262
24593,317,262
24594,316,263
24595,314,263
24596,315,263
24597,315,263
24598,314,262
24599,312,262
24600,302,261
24601,307,264
24602,306,264
24603,305,266
24604,306,267
24605,310,268
24606,309,268
24607,304,271
24608,304,271
24609,303,271
24610,304,270
24611,305,269
24612,308,267
24613,303,270
24614,308,268
24615,303,269
24616,305,269
24617,310,266
24618,305,268
24619,310,266
24620,309,266
24621,306,268
24622,306,268
24623,309,266
24624,310,266
24625,309,266
24626,310,266
24627,310,266
24628,310,266
24629,310,267
24630,309,267
24631,310,267
24632,310,266
24633,310,266
24634,310,266
24635,311,267
24636,314,267
24637,314,267
24638,316,267
24639,315,268
24640,316,267
24641,315,267
24642,315,268
24643,315,267
24644,316,268
24645,316,268
24646,316,268
24647,317,268
24648,317,268
24649,317,267
24650,319,267
24651,319,267
24652,320,267
24653,320,267
24654,320,267
24655,321,267
24656,321,267
24657,322,266
24658,322,267
24659,323,266
24660,322,266
24661,321,267
24662,321,267
24663,322,266
24664,321,266
24665,321,266
24666,322,266
24667,321,266
24668,321,266
24669,321,266
24670,320,266
24671,320,266
24672,320,266
24673,320,266
24674,320,266
24675,318,267
24676,318,267
24677,318,267
24678,319,267
24679,320,267
24680,319,267
24681,317,270
24682,315,270
24683,312,269
24684,312,269
24685,311,268
24686,312,268
24687,313,269
24688,312,268
24689,311,268
24690,311,268
24691,310,268
24692,310,266
24693,309,266
24694,310,267
24695,311,267
24696,302,265
24697,304,265
24698,307,267
24699,304,268
24700,306,269
24701,307,269
24702,306,274
24703,306,273
24704,307,279
24705,303,275
24706,303,280
24707,318,279
24708,321,280
24709,322,280
24710,319,281
24711,319,281
24712,321,279
24713,323,278
24714,321,279
24715,320,278
24716,322,279
24717,321,280
24718,322,278
24719,323,274
24720,321,273
24721,321,274
24722,323,278
24723,324,280
24724,326,282
24725,325,281
24726,322,286
24727,325,288
24728,324,286
24729,324,284
24730,324,283
24731,326,283
24732,326,284
24733,323,288
24734,320,290
24735,320,288
24736,317,290
24737,316,292
24738,315,289
24739,311,289
24740,309,291
24741,308,294
24742,306,292
24743,300,292
24744,300,294
24745,294,293
24746,293,293
24747,289,291
24748,287,287
24749,284,291
24750,282,291
24751,278,290
24752,273,287
24753,271,286
24754,272,296
24755,274,286
24756,271,284
24757,270,281
24758,273,277
24759,270,273
24760,262,279
24761,260,280
24762,261,280
24763,261,271
24764,266,275
24765,268,275
24766,269,274
24767,270,273
24768,270,275
24769,271,275
24770,269,273
24771,270,273
24772,269,272
24773,269,274
24774,265,276
24775,264,278
24776,263,277
24777,263,279
24778,263,280
24779,264,280
24780,262,278
24781,262,277
24782,263,278
24783,263,279
24784,266,280
24785,265,279
24786,268,280
24787,269,282
24788,273,279
24789,277,276
24790,282,277
24791,287,287
24792,285,282
24793,287,286
24794,286,284
24795,282,279
24796,285,282
24797,282,279
24798,280,283
24799,274,290
24800,268,288
24801,265,294
24802,265,292
24803,264,297
24804,265,297
24805,260,295
24806,260,297
24807,259,298
24808,260,297
24809,258,297
24810,256,294
24811,255,294
24812,252,292
24813,252,293
24814,250,292
24815,247,283
24816,246,280
24817,242,275
24818,240,272
24819,238,270
24820,237,271
24821,233,268
24822,245,267
24823,242,268
24824,249,272
24825,249,278
24826,250,282
24827,235,280
24828,251,278
24829,254,280
24830,256,279
24831,254,277
24832,254,281
24833,260,279
24834,256,280
24835,256,277
24836,254,279
24837,257,275
24838,257,275
24839,259,273
24840,261,271
24841,258,266
24842,258,263
24843,269,260
24844,274,257
24845,275,255
24846,273,254
24847,273,255
24848,275,256
24849,278,257
24850,277,256
24851,277,257
24852,277,257
24853,280,256
24854,275,255
24855,265,255
24856,264,255
24857,280,257
24858,261,261
24859,267,261
24860,263,261
24861,271,261
24862,267,261
24863,264,260
24864,268,260
24865,273,260
24866,265,259
24867,263,259
24868,263,259
24869,265,259
24870,260,259
24871,260,259
24872,261,259
24873,261,259
24874,262,259
24875,261,259
24876,262,259
24877,262,259
24878,261,260
24879,260,260
24880,259,259
24881,260,260
24882,255,259
24883,256,259
24884,255,259
24885,256,259
24886,256,260
24887,256,259
24888,255,260
24889,257,260
24890,258,261
24891,258,262
24892,259,265
24893,258,268
24894,256,268
24895,256,270
24896,256,271
24897,256,272
24898,255,270
24899,255,273
24900,254,274
24901,256,271
24902,254,276
24903,258,272
24904,258,272
24905,257,272
24906,257,273
24907,257,272
24908,257,273
24909,257,273
24910,257,273
24911,253,278
24912,254,278
24913,255,275
24914,256,270
24915,256,271
24916,256,274
24917,255,275
24918,257,274
24919,259,274
24920,259,276
24921,261,276
24922,259,278
24923,259,277
24924,259,278
24925,259,280
24926,259,280
24927,260,277
24928,259,278
24929,256,271
24930,257,274
24931,256,276
24932,256,275
24933,255,276
24934,256,273
24935,256,272
24936,257,273
24937,258,272
24938,257,273
24939,257,272
24940,257,271
24941,258,271
24942,257,271
24943,257,270
24944,257,270
24945,257,271
24946,257,271
24947,255,270
24948,258,272
24949,256,271
24950,255,273
24951,255,275
24952,254,276
24953,253,275
24954,256,273
24955,256,272
24956,255,270
24957,256,276
24958,256,278
24959,256,274
24960,256,276
24961,256,279
24962,255,283
24963,256,282
24964,255,282
24965,254,281
24966,254,281
24967,255,283
24968,255,282
24969,255,282
24970,255,281
24971,255,282
24972,255,281
24973,255,282
24974,254,274
24975,252,273
24976,254,274
24977,255,275
24978,254,275
24979,255,276
24980,256,276
24981,257,277
24982,260,279
24983,261,281
24984,260,281
24985,261,284
24986,266,287
24987,262,287
24988,260,289
24989,267,292
24990,268,293
24991,267,294
24992,267,296
24993,267,298
24994,268,295
24995,266,294
24996,268,291
24997,271,287
24998,272,284
24999,269,284
25000,263,282
25001,263,281
25002,264,281
25003,269,280
25004,269,280
25005,269,276
25006,272,280
25007,271,276
25008,276,274
25009,264,267
25010,262,266
25011,268,291
25012,276,270
25013,275,268
25014,272,266
25015,269,266
25016,269,266
25017,263,267
25018,256,265
25019,255,261
25020,255,260
25021,251,260
25022,248,251
25023,247,251
25024,246,254
25025,245,258
25026,247,249
25027,248,247
25028,249,246
25029,251,244
25030,251,240
25031,248,239
25032,248,238
25033,247,236
25034,246,235
25035,248,232
25036,247,233
25037,244,236
25038,243,235
25039,244,235
25040,243,238
25041,243,235
25042,243,236
25043,244,238
25044,244,238
25045,244,239
25046,244,240
25047,244,240
25048,244,238
25049,244,233
25050,244,238
25051,244,235
25052,244,238
25053,243,238
25054,243,243
25055,243,243
25056,244,246
25057,242,245
25058,242,245
25059,242,244
25060,243,244
25061,243,244
25062,244,249
25063,243,244
25064,245,246
25065,245,248
25066,245,252
25067,245,255
25068,244,255
25069,244,258
25070,244,257
25071,244,255
25072,243,252
25073,241,255
25074,241,253
25075,240,253
25076,240,257
25077,239,256
25078,238,257
25079,233,257
25080,230,256
25081,228,259
25082,225,252
25083,224,251
25084,224,255
25085,222,256
25086,217,262
25087,217,264
25088,214,263
25089,212,263
25090,218,262
25091,214,261
25092,220,260
25093,235,258
25094,240,259
25095,236,257
25096,235,256
25097,235,256
25098,236,249
25099,240,245
25100,243,246
25101,237,235
25102,237,231
25103,234,229
25104,234,231
25105,232,231
25106,230,228
25107,231,226
25108,231,224
25109,231,223
25110,232,222
25111,232,222
25112,232,221
25113,232,224
25114,229,226
25115,230,230
25116,230,233
25117,228,237
25118,232,244
25119,235,249
25120,235,249
25121,230,245
25122,230,243
25123,233,244
25124,234,243
25125,236,244
25126,240,244
25127,240,249
25128,237,250
25129,232,252
25130,229,257
25131,232,254
25132,230,254
25133,231,254
25134,227,252
25135,225,251
25136,221,250
25137,221,251
25138,221,251
25139,221,251
25140,219,251
25141,219,252
25142,218,252
25143,219,251
25144,218,252
25145,218,252
25146,219,252
25147,218,252
25148,218,252
25149,217,254
25150,220,252
25151,220,252
25152,220,252
25153,218,251
25154,220,251
25155,221,251
25156,220,250
25157,219,251
25158,220,251
25159,220,251
25160,218,250
25161,219,250
25162,222,249
25163,221,249
25164,219,250
25165,221,249
25166,219,250
25167,221,249
25168,218,250
25169,218,250
25170,217,250
25171,217,250
25172,218,251
25173,218,251
25174,218,251
25175,218,251
25176,219,252
25177,219,252
25178,219,252
25179,219,252
25180,220,253
25181,221,253
25182,220,252
25183,221,253
25184,221,253
25185,221,253
25186,221,253
25187,222,253
25188,221,253
25189,222,252
25190,221,253
25191,221,253
25192,221,253
25193,221,253
25194,220,252
25195,220,252
25196,220,252
25197,219,252
25198,219,252
25199,220,252
25200,219,252
25201,219,252
25202,219,252
25203,218,252
25204,216,249
25205,216,249
25206,214,249
25207,217,247
25208,217,248
25209,221,248
25210,219,248
25211,217,248
25212,218,247
25213,219,247
25214,217,247
25215,218,247
25216,218,247
25217,217,247
25218,218,246
25219,219,246
25220,219,246
25221,219,246
25222,221,245
25223,221,245
25224,222,246
25225,223,246
25226,226,247
25227,229,249
25228,228,251
25229,230,253
25230,230,252
25231,232,254
25232,225,258
25233,235,260
25234,236,262
25235,238,264
25236,236,267
25237,238,272
25238,244,275
25239,240,277
25240,241,277
25241,241,277
25242,247,278
25243,248,278
25244,248,277
25245,241,277
25246,241,275
25247,244,274
25248,243,276
25249,243,278
25250,252,282
25251,241,279
25252,242,279
25253,247,281
25254,249,281
25255,237,274
25256,233,276
25257,227,269
25258,225,265
25259,221,260
25260,219,256
25261,218,254
25262,216,256
25263,218,259
25264,216,260
25265,218,258
25266,217,260
25267,220,261
25268,222,262
25269,224,262
25270,225,262
25271,230,262
25272,228,260
25273,230,260
25274,230,259
25275,230,258
25276,235,258
25277,234,257
25278,232,259
25279,232,258
25280,230,257
25281,229,256
25282,228,246
25283,231,246
25284,231,248
25285,231,249
25286,232,249
25287,231,246
25288,233,246
25289,235,247
25290,236,238
25291,235,236
25292,239,241
25293,238,240
25294,235,234
25295,237,237
25296,234,235
25297,227,235
25298,227,238
25299,224,236
25300,225,240
25301,224,241
25302,222,249
25303,223,258
25304,222,252
25305,225,241
25306,223,250
25307,223,254
25308,226,245
25309,225,257
25310,228,247
25311,228,247
25312,230,248
25313,232,247
25314,228,250
25315,228,253
25316,227,254
25317,225,258
25318,224,260
25319,224,261
25320,225,258
25321,223,258
25322,220,260
25323,218,259
25324,219,260
25325,217,261
25326,219,258
25327,217,259
25328,216,258
25329,217,257
25330,216,255
25331,216,254
25332,214,252
25333,214,252
25334,213,252
25335,215,251
25336,220,251
25337,223,248
25338,225,246
25339,239,246
25340,242,244
25341,234,244
25342,231,241
25343,225,241
25344,218,241
25345,216,240
25346,218,238
25347,215,236
25348,219,239
25349,214,238
25350,212,237
25351,215,234
25352,214,234
25353,212,238
25354,209,238
25355,210,236
25356,209,234
25357,206,234
25358,207,238
25359,207,238
25360,207,238
25361,205,238
25362,207,237
25363,205,234
25364,205,235
25365,204,232
25366,203,233
25367,203,234
25368,203,235
25369,203,238
25370,201,239
25371,201,242
25372,199,242
25373,199,242
25374,198,241
25375,199,237
25376,197,236
25377,197,234
25378,197,240
25379,199,238
25380,199,236
25381,197,236
25382,198,227
25383,200,225
25384,200,215
25385,201,209
25386,203,204
25387,202,203
25388,206,215
25389,209,213
25390,211,202
25391,210,203
25392,210,207
25393,210,199
25394,209,202
25395,211,196
25396,212,198
25397,213,197
25398,213,194
25399,215,201
25400,218,202
25401,223,203
25402,223,187
25403,231,188
25404,236,189
25405,238,189
25406,241,192
25407,242,192
25408,244,192
25409,244,188
25410,246,186
25411,249,193
25412,250,195
25413,255,194
25414,257,192
25415,256,195
25416,253,196
25417,256,200
25418,255,201
25419,249,209
25420,245,205
25421,245,208
25422,248,196
25423,245,195
25424,243,196
25425,243,196
25426,241,195
25427,243,197
25428,243,197
25429,240,198
25430,241,197
25431,243,196
25432,241,196
25433,241,195
25434,244,193
25435,244,192
25436,240,193
25437,241,194
25438,243,193
25439,241,193
25440,240,192
25441,235,193
25442,231,194
25443,231,193
25444,238,194
25445,237,195
25446,248,194
25447,255,190
25448,250,188
25449,254,187
25450,255,187
25451,256,186
25452,253,190
25453,253,189
25454,252,191
25455,258,192
25456,259,192
25457,255,193
25458,250,202
25459,245,200
25460,247,202
25461,248,201
25462,247,200
25463,250,202
25464,251,203
25465,248,203
25466,253,204
25467,248,213
25468,253,214
25469,252,202
25470,252,203
25471,251,215
25472,249,205
25473,249,218
25474,248,219
25475,246,220
25476,246,220
25477,245,225
25478,246,228
25479,246,230
25480,245,228
25481,244,232
25482,243,235
25483,242,236
25484,245,219
25485,246,222
25486,246,229
25487,246,228
25488,245,231
25489,247,232
25490,244,220
25491,243,221
25492,242,220
25493,241,222
25494,245,223
25495,244,229
25496,245,231
25497,242,234
25498,245,252
25499,247,252
25500,246,247
25501,249,245
25502,251,234
25503,252,233
25504,253,234
25505,252,233
25506,252,240
25507,251,237
25508,250,233
25509,251,235
25510,252,236
25511,250,236
25512,250,237
25513,251,239
25514,252,242
25515,256,249
25516,254,258
25517,253,252
25518,254,258
25519,254,265
25520,254,267
25521,253,268
25522,254,274
25523,253,276
25524,254,277
25525,253,277
25526,253,278
25527,253,281
25528,252,281
25529,252,283
25530,252,283
25531,254,281
25532,253,284
25533,253,282
25534,254,279
25535,256,284
25536,256,282
25537,259,281
25538,260,274
25539,263,281
25540,265,283
25541,270,281
25542,273,278
25543,276,275
25544,275,267
25545,279,267
25546,277,263
25547,278,264
25548,282,264
25549,282,265
25550,279,264
25551,280,264
25552,280,264
25553,282,264
25554,283,263
25555,283,263
25556,283,263
25557,284,263
25558,284,263
25559,285,263
25560,285,263
25561,285,263
25562,285,264
25563,286,263
25564,285,264
25565,285,264
25566,285,264
25567,284,263
25568,284,263
25569,283,264
25570,283,264
25571,282,264
25572,284,264
25573,283,264
25574,285,263
25575,285,263
25576,284,263
25577,284,263
25578,284,263
25579,285,264
25580,284,264
25581,285,263
25582,285,263
25583,283,264
25584,282,264
25585,284,264
25586,284,263
25587,285,263
25588,285,263
25589,286,263
25590,286,263
25591,286,263
25592,285,263
25593,286,263
25594,286,262
25595,285,260
25596,283,258
25597,283,256
25598,282,254
25599,282,252
25600,282,253
25601,281,252
25602,279,252
25603,278,253
25604,277,252
25605,276,251
25606,275,251
25607,274,251
25608,274,251
25609,274,247
25610,271,245
25611,271,242
25612,269,243
25613,269,244
25614,268,243
25615,265,242
25616,264,237
25617,265,235
25618,264,234
25619,265,235
25620,263,234
25621,265,242
25622,268,241
25623,268,242
25624,266,243
25625,270,244
25626,270,244
25627,268,243
25628,275,246
25629,271,249
25630,268,250
25631,266,251
25632,265,254
25633,268,261
25634,266,261
25635,265,257
25636,265,250
25637,264,252
25638,262,252
25639,262,253
25640,261,253
25641,260,252
25642,260,249
25643,259,246
25644,260,250
25645,259,249
25646,258,250
25647,259,250
25648,258,254
25649,257,253
25650,258,250
25651,257,254
25652,256,249
25653,256,251
25654,256,251
25655,256,254
25656,257,255
25657,257,254
25658,258,258
25659,257,258
25660,257,255
25661,258,257
25662,257,254
25663,259,251
25664,253,253
25665,253,250
25666,253,261
25667,257,264
25668,254,266
25669,253,264
25670,255,263
25671,257,259
25672,258,255
25673,259,254
25674,260,254
25675,260,253
25676,259,252
25677,260,256
25678,257,255
25679,256,256
25680,257,259
25681,258,259
25682,258,261
25683,258,260
25684,257,260
25685,258,260
25686,259,261
25687,257,259
25688,257,261
25689,255,258
25690,256,260
25691,259,261
25692,260,260
25693,261,261
25694,260,259
25695,260,262
25696,260,263
25697,258,262
25698,257,261
25699,256,260
25700,256,260
25701,255,260
25702,255,261
25703,256,261
25704,255,259
25705,255,260
25706,255,259
25707,253,259
25708,252,261
25709,251,261
25710,251,262
25711,251,259
25712,251,256
25713,248,247
25714,251,254
25715,251,253
25716,250,253
25717,250,252
25718,251,251
25719,253,251
25720,251,246
25721,248,241
25722,248,244
25723,245,242
25724,246,240
25725,245,239
25726,245,237
25727,244,238
25728,243,242
25729,242,241
25730,241,240
25731,243,242
25732,243,242
25733,242,243
25734,240,244
25735,235,246
25736,237,247
25737,236,249
25738,236,251
25739,237,254
25740,239,256
25741,242,256
25742,242,258
25743,244,260
25744,242,263
25745,241,267
25746,240,270
25747,238,270
25748,241,271
25749,239,271
25750,246,279
25751,245,282
25752,246,287
25753,249,293
25754,252,298
25755,251,301
25756,256,302
25757,258,304
25758,259,305
25759,260,307
25760,261,307
25761,265,304
25762,266,305
25763,270,296
25764,269,296
25765,268,295
25766,273,290
25767,276,290
25768,276,290
25769,279,290
25770,281,294
25771,282,296
25772,281,296
25773,284,296
25774,288,299
25775,288,298
25776,288,299
25777,289,298
25778,292,298
25779,295,296
25780,292,298
25781,289,298
25782,288,297
25783,288,295
25784,285,295
25785,287,294
25786,285,293
25787,281,292
25788,280,292
25789,277,295
25790,278,293
25791,278,293
25792,276,292
25793,274,290
25794,274,287
25795,273,287
25796,270,284
25797,270,280
25798,268,281
25799,267,276
25800,269,278
25801,270,279
25802,270,284
25803,271,285
25804,270,287
25805,271,282
25806,271,277
25807,269,270
25808,269,272
25809,267,273
25810,270,271
25811,273,269
25812,274,267
25813,276,266
25814,278,263
25815,279,264
25816,281,265
25817,281,266
25818,281,268
25819,282,263
25820,282,270
25821,281,273
25822,280,274
25823,278,273
25824,277,274
25825,276,274
25826,277,275
25827,273,275
25828,276,279
25829,271,278
25830,270,279
25831,270,277
25832,271,276
25833,268,274
25834,267,273
25835,267,273
25836,267,273
25837,268,273
25838,267,272
25839,268,271
25840,266,271
25841,268,271
25842,270,271
25843,270,271
25844,270,272
25845,271,272
25846,275,276
25847,274,275
25848,275,278
25849,276,277
25850,275,275
25851,273,276
25852,271,278
25853,265,278
25854,259,279
25855,257,278
25856,262,279
25857,261,278
25858,257,274
25859,256,276
25860,256,274
25861,254,274
25862,252,270
25863,252,269
25864,251,270
25865,244,267
25866,247,266
25867,244,271
25868,243,267
25869,240,263
25870,238,267
25871,235,258
25872,230,254
25873,227,247
25874,224,254
25875,222,257
25876,218,268
25877,220,273
25878,226,273
25879,231,274
25880,241,273
25881,241,270
25882,245,269
25883,244,266
25884,248,265
25885,243,266
25886,239,265
25887,239,262
25888,237,262
25889,235,257
25890,234,255
25891,237,255
25892,236,255
25893,238,255
25894,230,256
25895,235,258
25896,234,259
25897,237,261
25898,235,263
25899,232,262
25900,231,261
25901,230,262
25902,228,266
25903,230,268
25904,233,270
25905,234,269
25906,231,273
25907,230,270
25908,229,269
25909,230,270
25910,231,273
25911,232,277
25912,230,278
25913,227,276
25914,229,276
25915,232,281
25916,231,283
25917,229,281
25918,229,282
25919,237,281
25920,229,279
25921,234,279
25922,226,280
25923,225,279
25924,228,278
25925,228,278
25926,228,278
25927,232,277
25928,237,281
25929,239,282
25930,240,282
25931,237,281
25932,237,281
25933,241,281
25934,241,281
25935,240,282
25936,241,281
25937,236,280
25938,235,280
25939,233,280
25940,235,280
25941,237,280
25942,238,279
25943,239,279
25944,239,278
25945,239,279
25946,238,278
25947,235,278
25948,234,278
25949,234,277
25950,234,278
25951,235,279
25952,234,278
25953,236,278
25954,233,277
25955,235,279
25956,233,278
25957,231,277
25958,231,277
25959,232,278
25960,233,278
25961,233,278
25962,232,278
25963,233,278
25964,233,278
25965,233,278
25966,232,278
25967,230,279
25968,229,279
25969,235,279
25970,230,280
25971,235,279
25972,234,278
25973,238,277
25974,234,277
25975,227,280
25976,233,279
25977,226,278
25978,224,279
25979,222,280
25980,225,282
25981,227,283
25982,223,285
25983,224,286
25984,225,287
25985,232,290
25986,234,293
25987,236,296
25988,237,299
25989,242,300
25990,244,303
25991,246,304
25992,249,307
25993,252,306
25994,254,308
25995,253,307
25996,256,308
25997,257,307
25998,258,308
25999,266,310
26000,268,312
26001,273,312
26002,276,312
26003,278,312
26004,280,313
26005,283,317
26006,287,320
26007,289,323
26008,292,328
26009,292,330
26010,294,330
26011,297,331
26012,297,330
26013,301,326
26014,303,319
26015,298,319
26016,298,305
26017,300,304
26018,295,303
26019,293,305
26020,294,302
26021,297,303
26022,299,307
26023,299,305
26024,296,304
26025,298,301
26026,298,300
26027,300,300
26028,302,298
26029,303,295
26030,308,294
26031,305,294
26032,307,295
26033,305,296
26034,309,296
26035,308,294
26036,309,294
26037,311,292
26038,309,291
26039,311,288
26040,301,288
26041,291,293
26042,290,293
26043,288,292
26044,293,293
26045,294,295
26046,296,295
26047,295,299
26048,295,298
26049,295,298
26050,296,297
26051,298,296
26052,301,296
26053,303,295
26054,300,295
26055,299,295
26056,299,297
26057,299,298
26058,297,301
26059,299,300
26060,292,294
26061,293,296
26062,277,293
26063,279,300
26064,278,298
26065,288,306
26066,286,307
26067,291,304
26068,294,304
26069,278,301
26070,287,298
26071,278,299
26072,275,294
26073,280,295
26074,280,296
26075,279,294
26076,279,288
26077,280,288
26078,279,288
26079,277,288
26080,276,288
26081,276,289
26082,276,289
26083,275,288
26084,272,290
26085,274,290
26086,274,290
26087,273,290
26088,274,289
26089,274,290
26090,274,290
26091,274,290
26092,274,291
26093,274,291
26094,274,289
26095,275,289
26096,274,289
26097,276,289
26098,276,290
26099,280,292
26100,275,289
26101,277,289
26102,279,290
26103,279,291
26104,279,291
26105,279,291
26106,280,296
26107,279,295
26108,279,295
26109,278,293
26110,278,295
26111,276,294
26112,277,295
26113,277,298
26114,278,294
26115,277,296
26116,278,293
26117,276,292
26118,276,294
26119,282,301
26120,275,300
26121,289,304
26122,287,293
26123,288,292
26124,292,293
26125,295,292
26126,288,292
26127,289,297
26128,288,297
26129,290,300
26130,288,298
26131,287,297
26132,285,297
26133,282,300
26134,279,301
26135,275,298
26136,274,298
26137,271,303
26138,272,305
26139,272,307
26140,276,309
26141,277,311
26142,280,310
26143,275,317
26144,276,318
26145,269,319
26146,270,318
26147,266,320
26148,268,318
26149,268,320
26150,266,315
26151,263,315
26152,263,314
26153,264,314
26154,262,311
26155,262,304
26156,261,302
26157,262,300
26158,261,300
26159,263,298
26160,263,303
26161,266,303
26162,265,302
26163,265,302
26164,262,300
26165,264,299
26166,262,295
26167,260,294
26168,262,295
26169,261,294
26170,261,294
26171,261,293
26172,260,295
26173,264,295
26174,268,301
26175,273,305
26176,268,308
26177,270,312
26178,274,315
26179,275,318
26180,275,308
26181,275,309
26182,280,319
26183,284,319
26184,288,319
26185,287,322
26186,279,321
26187,277,319
26188,277,312
26189,276,310
26190,276,306
26191,276,305
26192,274,303
26193,274,302
26194,272,303
26195,271,303
26196,270,303
26197,273,303
26198,273,303
26199,271,302
26200,269,302
26201,271,302
26202,267,302
26203,264,302
26204,266,302
26205,263,302
26206,264,301
26207,264,301
26208,265,302
26209,264,301
26210,263,301
26211,262,301
26212,262,301
26213,261,301
26214,262,300
26215,262,301
26216,261,301
26217,262,301
26218,263,301
26219,263,301
26220,262,301
26221,268,299
26222,268,300
26223,269,300
26224,269,299
26225,269,299
26226,269,300
26227,270,300
26228,270,300
26229,270,300
26230,267,301
26231,268,301
26232,270,300
26233,271,300
26234,265,301
26235,266,301
26236,274,301
26237,278,301
26238,275,301
26239,273,301
26240,272,301
26241,266,301
26242,263,301
26243,264,301
26244,266,300
26245,264,301
26246,263,301
26247,263,301
26248,262,301
26249,262,301
26250,261,301
26251,263,301
26252,259,301
26253,258,300
26254,258,301
26255,258,301
26256,258,301
26257,259,301
26258,258,301
26259,258,301
26260,258,301
26261,258,301
26262,258,301
26263,258,301
26264,260,301
26265,261,301
26266,262,301
26267,266,304
26268,266,306
26269,267,309
26270,263,310
26271,263,311
26272,260,316
26273,261,318
26274,268,324
26275,268,327
26276,270,330
26277,276,333
26278,275,333
26279,279,331
26280,287,326
26281,288,319
26282,290,317
26283,293,314
26284,297,312
26285,299,310
26286,303,309
26287,304,309
26288,308,306
26289,311,309
26290,314,310
26291,313,312
26292,320,299
26293,321,299
26294,326,297
26295,326,297
26296,328,296
26297,329,296
26298,331,295
26299,329,295
26300,327,295
26301,320,293
26302,318,292
26303,317,291
26304,314,295
26305,313,293
26306,312,292
26307,311,287
26308,312,291
26309,311,289
26310,311,289
26311,310,289
26312,310,287
26313,309,285
26314,309,290
26315,308,290
26316,308,295
26317,308,295
26318,309,298
26319,309,297
26320,309,297
26321,309,297
26322,308,296
26323,308,294
26324,307,293
26325,305,294
26326,302,294
26327,301,295
26328,302,292
26329,302,292
26330,300,293
26331,300,294
26332,303,293
26333,303,294
26334,302,294
26335,303,293
26336,305,293
26337,306,295
26338,306,296
26339,307,297
26340,306,299
26341,306,301
26342,306,302
26343,306,302
26344,305,302
26345,305,300
26346,305,301
26347,304,300
26348,306,302
26349,305,303
26350,306,303
26351,307,304
26352,309,302
26353,308,301
26354,308,302
26355,310,300
26356,308,301
26357,308,303
26358,308,303
26359,308,303
26360,309,303
26361,309,300
26362,313,301
26363,312,302
26364,311,302
26365,312,301
26366,313,302
26367,314,302
26368,314,302
26369,313,300
26370,314,302
26371,314,302
26372,313,302
26373,313,303
26374,313,302
26375,313,302
26376,313,302
26377,313,302
26378,313,302
26379,310,302
26380,309,302
26381,310,303
26382,310,303
26383,312,303
26384,312,303
26385,312,302
26386,312,302
26387,312,302
26388,310,303
26389,311,303
26390,310,302
26391,310,303
26392,310,303
26393,310,303
26394,309,304
26395,309,304
26396,309,304
26397,309,304
26398,309,304
26399,310,303
26400,309,304
26401,309,304
26402,310,304
26403,311,306
26404,311,306
26405,310,307
26406,310,306
26407,311,307
26408,311,307
26409,310,307
26410,311,306
26411,312,307
26412,312,305
26413,314,309
26414,314,308
26415,313,306
26416,312,305
26417,311,309
26418,312,308
26419,311,307
26420,309,308
26421,309,309
26422,307,309
26423,306,308
26424,306,308
26425,303,307
26426,303,308
26427,301,309
26428,298,310
26429,295,308
26430,295,309
26431,293,308
26432,293,310
26433,293,308
26434,292,308
26435,292,309
26436,286,309
26437,282,305
26438,282,306
26439,280,304
26440,278,304
26441,270,303
26442,275,305
26443,273,302
26444,272,301
26445,271,299
26446,268,299
26447,266,298
26448,262,297
26449,263,296
26450,263,296
26451,261,293
26452,263,292
26453,264,293
26454,264,296
26455,264,298
26456,261,298
26457,261,300
26458,267,301
26459,267,299
26460,267,298
26461,269,296
26462,271,293
26463,275,292
26464,279,291
26465,286,291
26466,284,292
26467,281,293
26468,285,295
26469,281,295
26470,284,296
26471,282,297
26472,282,296
26473,282,292
26474,280,300
26475,278,302
26476,278,300
26477,281,298
26478,279,290
26479,274,285
26480,273,284
26481,274,285
26482,272,285
26483,272,284
26484,277,285
26485,278,285
26486,263,287
26487,269,281
26488,263,280
26489,263,279
26490,262,279
26491,262,280
26492,260,280
26493,260,279
26494,260,279
26495,260,276
26496,260,276
26497,260,276
26498,260,276
26499,261,276
26500,261,276
26501,260,276
26502,261,276
26503,261,276
26504,260,276
26505,259,275
26506,261,274
26507,261,275
26508,261,275
26509,262,275
26510,261,275
26511,264,279
26512,264,279
26513,266,279
26514,266,278
26515,266,278
26516,267,280
26517,268,280
26518,269,280
26519,270,281
26520,273,281
26521,275,282
26522,276,281
26523,275,281
26524,273,281
26525,271,282
26526,273,284
26527,271,283
26528,268,284
26529,267,285
26530,269,285
26531,270,285
26532,273,285
26533,276,285
26534,279,285
26535,279,284
26536,271,284
26537,267,283
26538,265,283
26539,269,283
26540,268,284
26541,270,285
26542,270,286
26543,271,288
26544,272,289
26545,273,291
26546,279,293
26547,275,295
26548,277,300
26549,277,300
26550,271,300
26551,277,304
26552,280,305
26553,283,307
26554,283,310
26555,285,311
26556,290,307
26557,292,312
26558,293,315
26559,295,317
26560,299,318
26561,301,318
26562,298,319
26563,295,319
26564,294,319
26565,295,320
26566,294,319
26567,295,320
26568,295,322
26569,294,323
26570,296,323
26571,297,322
26572,296,320
26573,296,319
26574,298,317
26575,300,315
26576,296,310
26577,295,305
26578,293,301
26579,284,306
26580,286,300
26581,285,300
26582,285,300
26583,286,300
26584,289,296
26585,288,295
26586,289,298
26587,289,298
26588,289,293
26589,287,296
26590,284,299
26591,285,299
26592,284,300
26593,285,300
26594,284,297
26595,284,297
26596,285,298
26597,287,298
26598,284,295
26599,286,295
26600,287,295
26601,287,296
26602,289,294
26603,288,294
26604,289,293
26605,290,294
26606,291,294
26607,291,295
26608,292,295
26609,292,295
26610,292,295
26611,292,298
26612,291,299
26613,293,298
26614,293,299
26615,293,301
26616,292,302
26617,292,301
26618,294,301
26619,295,301
26620,294,300
26621,295,301
26622,295,302
26623,296,304
26624,298,305
26625,299,306
26626,299,308
26627,300,310
26628,299,311
26629,299,311
26630,300,312
26631,300,312
26632,303,314
26633,303,313
26634,303,313
26635,302,312
26636,306,311
26637,307,313
26638,309,314
26639,308,312
26640,309,310
26641,306,310
26642,307,310
26643,308,310
26644,310,310
26645,311,311
26646,309,311
26647,309,310
26648,308,310
26649,307,310
26650,308,312
26651,305,311
26652,306,311
26653,307,311
26654,308,311
26655,307,311
26656,304,311
26657,308,312
26658,308,312
26659,306,312
26660,306,313
26661,306,311
26662,305,312
26663,304,311
26664,305,310
26665,306,310
26666,307,310
26667,307,310
26668,306,309
26669,306,309
26670,305,309
26671,306,311
26672,305,311
26673,306,310
26674,306,311
26675,307,311
26676,307,312
26677,307,311
26678,307,311
26679,306,311
26680,307,311
26681,306,310
26682,307,311
26683,307,312
26684,307,311
26685,307,314
26686,305,313
26687,304,314
26688,305,314
26689,305,314
26690,305,315
26691,301,316
26692,303,316
26693,303,315
26694,303,315
26695,301,317
26696,301,317
26697,299,316
26698,298,316
26699,299,316
26700,300,316
26701,301,316
26702,300,316
26703,301,315
26704,299,316
26705,301,316
26706,301,316
26707,302,316
26708,302,316
26709,303,314
26710,304,314
26711,305,314
26712,304,314
26713,303,314
26714,301,314
26715,301,314
26716,299,315
26717,301,313
26718,300,313
26719,301,312
26720,300,312
26721,299,311
26722,299,312
26723,298,313
26724,298,313
26725,298,312
26726,299,312
26727,297,313
26728,296,313
26729,297,314
26730,296,314
26731,296,314
26732,297,316
26733,297,316
26734,297,317
26735,296,317
26736,296,318
26737,297,318
26738,298,319
26739,297,321
26740,297,320
26741,298,322
26742,301,322
26743,302,324
26744,302,324
26745,299,327
26746,301,327
26747,297,328
26748,300,328
26749,303,331
26750,299,327
26751,299,321
26752,294,321
26753,297,323
26754,298,321
26755,296,320
26756,289,317
26757,290,315
26758,291,312
26759,283,311
26760,273,306
26761,273,307
26762,275,311
26763,274,312
26764,271,314
26765,271,315
26766,276,319
26767,272,316
26768,272,315
26769,270,312
26770,267,307
26771,263,308
26772,269,310
26773,265,309
26774,269,313
26775,271,317
26776,269,319
26777,266,320
26778,265,321
26779,264,321
26780,262,321
26781,264,321
26782,262,320
26783,262,320
26784,264,320
26785,263,321
26786,264,321
26787,265,322
26788,264,322
26789,259,320
26790,262,323
26791,258,321
26792,257,321
26793,258,321
26794,257,321
26795,257,321
26796,261,323
26797,261,323
26798,261,323
26799,261,322
26800,261,323
26801,261,323
26802,261,323
26803,262,323
26804,262,323
26805,262,323
26806,262,322
26807,258,321
26808,259,321
26809,260,322
26810,261,321
26811,264,322
26812,265,321
26813,267,319
26814,268,317
26815,269,316
26816,273,314
26817,275,313
26818,277,313
26819,279,314
26820,280,314
26821,281,315
26822,282,317
26823,282,318
26824,286,319
26825,288,322
26826,293,326
26827,297,328
26828,301,328
26829,301,328
26830,301,329
26831,301,330
26832,297,330
26833,299,332
26834,300,332
26835,295,331
26836,299,329
26837,299,330
26838,305,331
26839,313,333
26840,315,334
26841,312,333
26842,308,330
26843,307,328
26844,306,324
26845,307,320
26846,307,317
26847,308,316
26848,309,316
26849,310,321
26850,308,326
26851,312,328
26852,310,331
26853,311,333
26854,311,333
26855,309,334
26856,311,333
26857,313,333
26858,312,333
26859,312,332
26860,310,332
26861,306,332
26862,303,331
26863,305,331
26864,312,332
26865,312,332
26866,301,330
26867,300,330
26868,299,330
26869,304,330
26870,312,329
26871,315,329
26872,314,329
26873,310,329
26874,309,330
26875,316,329
26876,304,330
26877,303,330
26878,299,330
26879,301,330
26880,301,330
26881,304,330
26882,303,330
26883,304,330
26884,298,329
26885,303,330
26886,299,330
26887,298,329
26888,299,329
26889,299,329
26890,299,329
26891,300,329
26892,299,329
26893,302,333
26894,303,332
26895,302,332
26896,302,331
26897,303,332
26898,302,332
26899,302,331
26900,302,331
26901,301,331
26902,300,332
26903,300,332
26904,301,332
26905,301,332
26906,301,332
26907,302,332
26908,298,330
26909,298,330
26910,296,330
26911,297,332
26912,297,331
26913,295,329
26914,297,328
26915,293,328
26916,290,328
26917,290,328
26918,291,328
26919,292,329
26920,291,329
26921,291,330
26922,290,331
26923,289,332
26924,289,334
26925,289,335
26926,287,335
26927,287,334
26928,287,333
26929,288,333
26930,287,333
26931,285,331
26932,285,332
26933,285,331
26934,286,331
26935,285,332
26936,285,330
26937,284,332
26938,284,333
26939,285,332
26940,284,331
26941,285,332
26942,284,332
26943,284,331
26944,284,331
26945,284,333
26946,284,334
26947,284,334
26948,284,333
26949,284,334
26950,284,334
26951,285,337
26952,285,338
26953,283,334
26954,284,338
26955,284,338
26956,285,338
26957,283,338
26958,284,338
26959,286,338
26960,285,334
26961,285,334
26962,285,334
26963,285,335
26964,285,340
26965,285,336
26966,284,336
26967,285,338
26968,285,338
26969,285,336
26970,285,338
26971,285,337
26972,285,338
26973,285,342
26974,285,342
26975,285,343
26976,285,343
26977,285,343
26978,286,343
26979,286,344
26980,287,344
26981,285,345
26982,286,345
26983,286,345
26984,289,346
26985,288,346
26986,290,347
26987,291,347
26988,290,347
26989,290,346
26990,291,344
26991,291,344
26992,290,343
26993,292,343
26994,292,343
26995,293,342
26996,292,342
26997,293,341
26998,292,341
26999,292,341
27000,291,341
27001,291,341
27002,291,341
27003,293,341
27004,292,341
27005,292,341
27006,292,341
27007,291,340
27008,290,340
27009,290,340
27010,292,340
27011,290,340
27012,291,340
27013,291,341
27014,290,341
27015,292,341
27016,298,344
27017,303,343
27018,304,344
27019,298,344
27020,297,346
27021,298,345
27022,293,343
27023,293,342
27024,293,338
27025,294,335
27026,291,333
27027,291,331
27028,293,330
27029,281,329
27030,282,327
27031,280,325
27032,283,321
27033,270,320
27034,268,317
27035,268,313
27036,260,311
27037,254,309
27038,248,309
27039,245,305
27040,241,299
27041,240,298
27042,239,299
27043,240,297
27044,241,295
27045,238,294
27046,239,292
27047,241,293
27048,246,293
27049,243,293
27050,238,292
27051,241,289
27052,238,287
27053,243,287
27054,245,285
27055,245,284
27056,246,284
27057,245,283
27058,245,281
27059,244,278
27060,244,276
27061,245,272
27062,244,268
27063,244,268
27064,241,265
27065,241,266
27066,240,263
27067,242,264
27068,243,264
27069,243,265
27070,243,265
27071,243,266
27072,243,265
27073,242,267
27074,243,266
27075,241,265
27076,241,264
27077,242,265
27078,241,265
27079,241,267
27080,241,266
27081,242,269
27082,242,269
27083,240,270
27084,240,270
27085,239,271
27086,239,271
27087,240,271
27088,241,265
27089,241,265
27090,242,267
27091,240,270
27092,240,270
27093,239,268
27094,239,265
27095,239,265
27096,239,264
27097,238,262
27098,237,262
27099,238,261
27100,238,260
27101,237,261
27102,237,263
27103,236,261
27104,235,262
27105,237,259
27106,237,259
27107,238,259
27108,238,258
27109,238,257
27110,241,257
27111,239,257
27112,240,257
27113,240,256
27114,242,259
27115,243,258
27116,242,261
27117,242,259
27118,243,260
27119,242,266
27120,238,258
27121,235,257
27122,233,258
27123,232,253
27124,236,245
27125,232,256
27126,233,267
27127,234,255
27128,233,249
27129,235,247
27130,231,254
27131,230,257
27132,230,262
27133,228,256
27134,226,265
27135,225,265
27136,225,263
27137,228,253
27138,221,260
27139,222,255
27140,223,262
27141,223,262
27142,223,261
27143,222,261
27144,221,261
27145,221,261
27146,221,260
27147,221,261
27148,221,261
27149,222,261
27150,222,261
27151,221,261
27152,221,261
27153,221,262
27154,221,261
27155,221,261
27156,221,261
27157,222,259
27158,222,259
27159,221,259
27160,221,260
27161,221,261
27162,221,260
27163,221,259
27164,221,260
27165,221,259
27166,221,259
27167,221,260
27168,221,260
27169,221,259
27170,220,260
27171,220,259
27172,221,260
27173,221,260
27174,221,260
27175,220,260
27176,220,261
27177,220,260
27178,220,260
27179,219,254
27180,219,256
27181,219,262
27182,220,259
27183,221,256
27184,227,253
27185,226,255
27186,230,248
27187,230,244
27188,228,245
27189,228,246
27190,229,249
27191,226,250
27192,229,250
27193,229,253
27194,234,253
27195,235,256
27196,233,261
27197,233,264
27198,232,266
27199,233,271
27200,237,274
27201,239,278
27202,243,284
27203,244,288
27204,245,291
27205,246,294
27206,248,296
27207,252,298
27208,252,301
27209,255,302
27210,253,304
27211,253,305
27212,254,304
27213,252,300
27214,251,298
27215,251,297
27216,251,297
27217,250,298
27218,250,298
27219,253,301
27220,252,303
27221,251,305
27222,251,308
27223,252,311
27224,247,311
27225,249,316
27226,249,319
27227,247,321
27228,247,326
27229,247,329
27230,246,329
27231,247,330
27232,247,330
27233,248,330
27234,248,329
27235,249,328
27236,246,324
27237,248,320
27238,247,321
27239,247,322
27240,244,323
27241,245,322
27242,244,322
27243,245,323
27244,244,323
27245,244,323
27246,243,324
27247,243,324
27248,243,325
27249,243,325
27250,241,325
27251,241,325
27252,242,325
27253,243,326
27254,242,325
27255,243,327
27256,242,327
27257,241,328
27258,241,327
27259,242,327
27260,241,327
27261,241,327
27262,240,328
27263,241,329
27264,240,328
27265,239,328
27266,241,331
27267,240,329
27268,240,329
27269,238,327
27270,239,328
27271,239,328
27272,238,328
27273,240,330
27274,240,329
27275,239,329
27276,239,325
27277,237,327
27278,238,326
27279,237,326
27280,240,327
27281,239,326
27282,237,321
27283,235,319
27284,232,319
27285,234,328
27286,233,330
27287,231,331
27288,231,330
27289,229,330
27290,228,330
27291,230,330
27292,231,329
27293,229,323
27294,229,323
27295,230,329
27296,231,328
27297,233,328
27298,232,327
27299,233,308
27300,233,327
27301,235,298
27302,235,299
27303,238,299
27304,241,302
27305,239,304
27306,240,305
27307,242,310
27308,242,315
27309,241,319
27310,242,322
27311,241,322
27312,242,325
27313,244,327
27314,247,327
27315,248,325
27316,249,324
27317,250,326
27318,250,325
27319,253,327
27320,251,327
27321,251,328
27322,252,328
27323,251,327
27324,250,325
27325,248,323
27326,247,320
27327,244,317
27328,243,314
27329,245,310
27330,242,308
27331,242,305
27332,240,300
27333,241,303
27334,241,297
27335,243,295
27336,243,292
27337,238,289
27338,238,288
27339,235,286
27340,233,284
27341,239,284
27342,240,284
27343,240,284
27344,241,283
27345,240,280
27346,240,279
27347,240,279
27348,241,280
27349,244,282
27350,249,280
27351,248,280
27352,245,283
27353,245,287
27354,245,290
27355,246,287
27356,246,286
27357,244,285
27358,242,285
27359,243,286
27360,244,284
27361,244,281
27362,244,280
27363,242,279
27364,242,278
27365,241,279
27366,240,279
27367,240,278
27368,235,278
27369,235,278
27370,235,279
27371,235,279
27372,235,278
27373,235,278
27374,235,279
27375,235,279
27376,235,280
27377,235,280
27378,240,282
27379,241,283
27380,242,286
27381,243,286
27382,240,294
27383,242,290
27384,240,296
27385,242,298
27386,241,298
27387,242,299
27388,243,299
27389,245,301
27390,246,299
27391,247,298
27392,247,295
27393,245,291
27394,247,285
27395,245,284
27396,245,282
27397,245,284
27398,244,284
27399,242,283
27400,243,281
27401,240,278
27402,235,277
27403,229,285
27404,228,276
27405,230,275
27406,227,276
27407,227,277
27408,231,288
27409,231,286
27410,228,278
27411,233,273
27412,234,274
27413,233,279
27414,232,279
27415,233,281
27416,232,279
27417,232,279
27418,225,273
27419,232,281
27420,233,279
27421,233,280
27422,232,283
27423,231,285
27424,231,288
27425,228,286
27426,229,285
27427,229,285
27428,229,285
27429,229,284
27430,228,285
27431,228,284
27432,228,285
27433,229,287
27434,228,286
27435,228,285
27436,228,287
27437,228,288
27438,228,289
27439,228,289
27440,227,290
27441,228,288
27442,228,288
27443,228,290
27444,227,287
27445,227,288
27446,227,287
27447,227,286
27448,227,286
27449,227,289
27450,226,288
27451,226,288
27452,226,290
27453,227,290
27454,228,291
27455,228,292
27456,228,288
27457,226,288
27458,227,290
27459,228,291
27460,230,293
27461,229,287
27462,228,287
27463,229,285
27464,226,278
27465,229,281
27466,233,284
27467,234,281
27468,233,272
27469,234,272
27470,234,276
27471,236,277
27472,233,281
27473,233,278
27474,241,283
27475,243,287
27476,242,297
27477,241,307
27478,243,303
27479,239,309
27480,239,293
27481,240,317
27482,242,323
27483,241,327
27484,242,330
27485,246,332
27486,248,332
27487,252,333
27488,257,333
27489,263,334
27490,261,334
27491,263,335
27492,264,337
27493,265,339
27494,263,339
27495,264,341
27496,267,338
27497,275,339
27498,279,339
27499,287,337
27500,297,339
27501,306,336
27502,305,334
27503,309,333
27504,308,333
27505,303,338
27506,303,339
27507,304,341
27508,304,342
27509,304,342
27510,305,341
27511,306,342
27512,305,340
27513,306,337
27514,309,333
27515,311,326
27516,309,318
27517,308,316
27518,306,316
27519,304,320
27520,302,320
27521,303,318
27522,303,319
27523,305,305
27524,305,301
27525,305,299
27526,305,299
27527,304,299
27528,303,299
27529,303,298
27530,299,301
27531,299,302
27532,299,299
27533,299,299
27534,298,300
27535,298,301
27536,297,302
27537,296,301
27538,296,302
27539,297,301
27540,297,301
27541,298,302
27542,298,302
27543,298,303
27544,297,303
27545,298,303
27546,299,303
27547,299,303
27548,298,305
27549,298,303
27550,297,305
27551,297,305
27552,296,307
27553,296,307
27554,296,306
27555,296,306
27556,296,306
27557,296,306
27558,296,307
27559,296,307
27560,296,308
27561,296,307
27562,296,306
27563,296,306
27564,297,307
27565,297,306
27566,297,306
27567,296,306
27568,296,308
27569,296,307
27570,296,306
27571,296,304
27572,295,304
27573,295,305
27574,297,306
27575,295,306
27576,294,307
27577,294,308
27578,294,310
27579,295,310
27580,296,307
27581,297,309
27582,297,310
27583,297,310
27584,299,310
27585,299,308
27586,300,309
27587,300,309
27588,301,309
27589,301,310
27590,301,309
27591,301,310
27592,299,312
27593,299,313
27594,299,313
27595,299,312
27596,299,312
27597,299,312
27598,299,313
27599,299,314
27600,300,316
27601,300,316
27602,299,316
27603,299,315
27604,299,315
27605,299,316
27606,300,317
27607,300,316
27608,301,317
27609,301,317
27610,301,318
27611,301,318
27612,301,317
27613,301,318
27614,301,318
27615,301,318
27616,301,318
27617,303,317
27618,303,317
27619,303,317
27620,303,318
27621,302,319
27622,302,319
27623,303,318
27624,304,319
27625,304,318
27626,304,318
27627,304,319
27628,305,319
27629,305,319
27630,305,319
27631,304,319
27632,305,321
27633,304,323
27634,304,325
27635,304,324
27636,300,325
27637,298,330
27638,298,330
27639,298,330
27640,298,331
27641,297,333
27642,303,334
27643,303,334
27644,300,332
27645,297,332
27646,300,334
27647,299,334
27648,298,333
27649,298,334
27650,297,333
27651,300,335
27652,303,333
27653,303,333
27654,303,334
27655,303,334
27656,302,334
27657,301,336
27658,303,341
27659,308,342
27660,309,345
27661,311,346
27662,312,346
27663,315,346
27664,315,347
27665,309,346
27666,308,346
27667,304,345
27668,305,344
27669,306,344
27670,305,344
27671,302,344
27672,300,344
27673,300,344
27674,302,345
27675,302,345
27676,302,345
27677,302,345
27678,302,345
27679,301,345
27680,303,345
27681,302,346
27682,303,346
27683,306,345
27684,308,346
27685,308,346
27686,312,345
27687,313,345
27688,312,346
27689,314,345
27690,314,345
27691,312,345
27692,310,345
27693,316,344
27694,312,342
27695,313,341
27696,314,338
27697,316,337
27698,323,336
27699,323,335
27700,327,336
27701,326,337
27702,330,336
27703,331,336
27704,329,336
27705,331,336
27706,326,333
27707,328,333
27708,327,333
27709,327,334
27710,327,333
27711,325,336
27712,323,338
27713,321,338
27714,321,338
27715,321,339
27716,322,340
27717,325,341
27718,325,341
27719,324,341
27720,323,341
27721,325,341
27722,326,341
27723,326,341
27724,325,341
27725,325,340
27726,326,341
27727,325,342
27728,328,342
27729,325,342
27730,326,343
27731,325,343
27732,324,344
27733,324,344
27734,324,344
27735,320,345
27736,318,344
27737,316,344
27738,317,344
27739,318,344
27740,318,344
27741,319,345
27742,320,345
27743,320,344
27744,322,344
27745,320,344
27746,322,345
27747,324,344
27748,324,344
27749,324,344
27750,326,344
27751,325,344
27752,325,344
27753,323,344
27754,322,344
27755,321,344
27756,321,344
27757,322,345
27758,321,345
27759,320,345
27760,321,346
27761,322,345
27762,321,345
27763,320,345
27764,319,345
27765,319,345
27766,318,345
27767,319,346
27768,319,346
27769,319,346
27770,320,346
27771,319,346
27772,319,346
27773,316,346
27774,317,346
27775,317,346
27776,319,345
27777,315,346
27778,315,345
27779,315,348
27780,314,344
27781,314,343
27782,314,347
27783,314,348
27784,314,348
27785,313,348
27786,312,348
27787,311,350
27788,311,349
27789,312,349
27790,313,349
27791,313,347
27792,312,340
27793,311,339
27794,311,338
27795,311,337
27796,311,337
27797,311,338
27798,312,339
27799,310,338
27800,310,342
27801,310,341
27802,309,340
27803,310,339
27804,310,339
27805,310,340
27806,304,340
27807,305,339
27808,306,339
27809,309,339
27810,310,338
27811,309,340
27812,308,340
27813,308,340
27814,309,340
27815,310,339
27816,309,339
27817,309,339
27818,309,339
27819,310,339
27820,310,338
27821,311,338
27822,311,339
27823,311,340
27824,311,339
27825,311,341
27826,310,341
27827,310,340
27828,308,338
27829,310,341
27830,310,342
27831,309,342
27832,310,349
27833,312,343
27834,310,351
27835,310,350
27836,310,350
27837,312,350
27838,311,350
27839,311,351
27840,310,349
27841,311,348
27842,311,350
27843,311,349
27844,311,349
27845,313,347
27846,312,347
27847,313,348
27848,313,349
27849,313,348
27850,312,348
27851,312,348
27852,308,348
27853,308,345
27854,307,343
27855,307,344
27856,307,342
27857,307,342
27858,304,337
27859,305,336
27860,305,337
27861,305,335
27862,305,342
27863,306,342
27864,305,338
27865,305,335
27866,305,335
27867,303,339
27868,303,338
27869,305,340
27870,304,340
27871,304,355
27872,304,355
27873,302,354
27874,303,356
27875,303,357
27876,302,357
27877,302,341
27878,302,329
27879,300,329
27880,302,329
27881,300,331
27882,296,332
27883,296,340
27884,297,339
27885,297,338
27886,298,340
27887,297,341
27888,294,341
27889,290,342
27890,291,344
27891,287,345
27892,286,347
27893,287,347
27894,286,347
27895,281,345
27896,278,344
27897,275,343
27898,279,341
27899,281,340
27900,283,339
27901,282,337
27902,281,335
27903,276,333
27904,272,331
27905,271,328
27906,271,325
27907,272,323
27908,272,322
27909,272,322
27910,274,323
27911,273,324
27912,273,325
27913,272,328
27914,272,331
27915,268,337
27916,268,338
27917,263,336
27918,260,334
27919,261,333
27920,260,336
27921,260,339
27922,260,341
27923,260,340
27924,258,340
27925,254,341
27926,256,341
27927,263,341
27928,255,341
27929,255,340
27930,258,341
27931,259,341
27932,259,341
27933,258,340
27934,256,338
27935,256,338
27936,257,337
27937,255,337
27938,255,337
27939,257,336
27940,257,336
27941,257,336
27942,259,336
27943,258,334
27944,259,334
27945,259,333
27946,259,333
27947,260,333
27948,262,333
27949,262,333
27950,261,333
27951,261,334
27952,261,335
27953,258,334
27954,257,334
27955,259,333
27956,259,332
27957,258,333
27958,258,333
27959,257,335
27960,259,338
27961,258,341
27962,260,341
27963,265,343
27964,265,345
27965,264,347
27966,260,350
27967,262,352
27968,262,352
27969,265,352
27970,264,354
27971,266,355
27972,265,353
27973,264,351
27974,267,350
27975,264,349
27976,264,349
27977,269,349
27978,270,349
27979,270,349
27980,276,349
27981,276,349
27982,280,351
27983,282,351
27984,285,352
27985,289,352
27986,290,353
27987,294,351
27988,296,348
27989,298,341
27990,301,338
27991,302,336
27992,301,335
27993,301,331
27994,298,332
27995,299,333
27996,302,334
27997,303,335
27998,301,336
27999,301,336
28000,301,338
28001,302,338
28002,303,339
28003,303,340
28004,305,341
28005,305,341
28006,305,342
28007,306,343
28008,305,343
28009,307,343
28010,306,343
28011,306,343
28012,307,342
28013,309,341
28014,310,341
28015,309,341
28016,310,341
28017,310,340
28018,312,340
28019,312,339
28020,314,339
28021,313,339
28022,313,339
28023,314,338
28024,314,338
28025,314,337
28026,314,338
28027,316,337
28028,315,337
28029,316,337
28030,316,336
28031,316,337
28032,316,337
28033,312,335
28034,313,335
28035,311,334
28036,308,334
28037,308,334
28038,309,334
28039,309,333
28040,310,332
28041,309,332
28042,308,331
28043,311,331
28044,309,332
28045,308,336
28046,309,340
28047,307,343
28048,307,342
28049,305,342
28050,305,344
28051,304,344
28052,304,343
28053,304,343
28054,304,343
28055,303,342
28056,303,342
28057,303,343
28058,303,343
28059,303,342
28060,303,343
28061,303,342
28062,303,342
28063,302,343
28064,302,343
28065,302,343
28066,302,343
28067,302,343
28068,301,343
28069,302,343
28070,302,344
28071,302,344
28072,301,345
28073,301,344
28074,301,345
28075,301,345
28076,301,345
28077,301,344
28078,302,344
28079,301,344
28080,303,343
28081,303,343
28082,303,342
28083,302,342
28084,303,342
28085,303,343
28086,302,342
28087,302,342
28088,302,342
28089,302,342
28090,301,343
28091,301,342
28092,302,342
28093,302,343
28094,302,343
28095,302,343
28096,301,343
28097,302,343
28098,301,343
28099,302,343
28100,302,344
28101,303,344
28102,305,346
28103,305,346
28104,305,346
28105,306,346
28106,308,347
28107,307,347
28108,308,347
28109,306,347
28110,308,347
28111,304,347
28112,305,348
28113,309,348
28114,307,348
28115,306,348
28116,307,348
28117,304,348
28118,304,348
28119,305,348
28120,304,348
28121,305,348
28122,306,348
28123,305,348
28124,303,348
28125,304,348
28126,304,349
28127,305,348
28128,306,348
28129,305,348
28130,305,348
28131,305,348
28132,307,347
28133,307,346
28134,307,345
28135,305,344
28136,307,344
28137,307,343
28138,307,343
28139,308,343
28140,306,342
28141,303,341
28142,300,339
28143,299,339
28144,300,337
28145,295,335
28146,295,337
28147,294,336
28148,291,335
28149,285,334
28150,284,334
28151,279,331
28152,281,331
28153,281,330
28154,280,329
28155,281,327
28156,277,326
28157,269,325
28158,271,324
28159,270,324
28160,270,322
28161,276,322
28162,274,321
28163,272,322
28164,279,319
28165,282,318
28166,278,317
28167,278,316
28168,281,316
28169,281,316
28170,282,315
28171,281,314
28172,279,314
28173,279,315
28174,276,314
28175,276,315
28176,278,317
28177,273,319
28178,276,318
28179,272,317
28180,267,318
28181,271,316
28182,263,316
28183,269,314
28184,264,316
28185,264,322
28186,265,324
28187,260,325
28188,264,328
28189,260,322
28190,263,320
28191,262,322
28192,257,311
28193,260,308
28194,258,301
28195,262,320
28196,264,321
28197,263,321
28198,265,324
28199,267,325
28200,263,324
28201,262,324
28202,261,323
28203,262,323
28204,262,322
28205,262,323
28206,257,324
28207,254,323
28208,255,325
28209,253,326
28210,252,328
28211,250,328
28212,250,329
28213,249,329
28214,247,328
28215,246,330
28216,243,330
28217,242,329
28218,243,329
28219,243,329
28220,244,329
28221,246,329
28222,246,328
28223,243,329
28224,242,329
28225,244,328
28226,247,327
28227,247,327
28228,247,328
28229,247,328
28230,248,328
28231,248,329
28232,247,329
28233,247,329
28234,243,329
28235,244,329
28236,246,328
28237,247,327
28238,247,329
28239,248,330
28240,248,331
28241,249,332
28242,248,332
28243,243,333
28244,242,333
28245,239,333
28246,241,332
28247,238,332
28248,239,332
28249,240,332
28250,240,331
28251,241,331
28252,240,330
28253,241,331
28254,240,334
28255,243,334
28256,246,333
28257,246,334
28258,244,335
28259,251,337
28260,255,338
28261,254,342
28262,255,345
28263,259,344
28264,261,343
28265,264,341
28266,268,340
28267,271,338
28268,273,338
28269,277,337
28270,280,335
28271,283,329
28272,279,327
28273,287,325
28274,286,323
28275,287,321
28276,286,320
28277,288,320
28278,286,321
28279,291,321
28280,297,323
28281,298,322
28282,289,322
28283,286,323
28284,289,324
28285,303,324
28286,303,324
28287,302,324
28288,299,326
28289,301,321
28290,301,318
28291,299,320
28292,301,319
28293,301,319
28294,303,319
28295,305,321
28296,306,320
28297,305,326
28298,305,328
28299,306,327
28300,305,328
28301,306,329
28302,305,327
28303,306,332
28304,306,332
28305,307,332
28306,306,332
28307,307,331
28308,307,333
28309,308,333
28310,307,332
28311,307,332
28312,308,331
28313,310,331
28314,309,329
28315,310,329
28316,310,329
28317,311,328
28318,312,326
28319,310,325
28320,314,324
28321,313,324
28322,314,325
28323,309,327
28324,309,329
28325,310,329
28326,309,332
28327,308,333
28328,308,334
28329,308,334
28330,311,334
28331,312,335
28332,309,335
28333,309,335
28334,309,336
28335,312,336
28336,310,338
28337,311,339
28338,311,339
28339,311,337
28340,311,337
28341,311,337
28342,312,337
28343,313,338
28344,311,338
28345,312,338
28346,312,338
28347,308,341
28348,308,341
28349,308,340
28350,307,340
28351,308,339
28352,309,340
28353,309,339
28354,309,339
28355,308,342
28356,309,340
28357,309,343
28358,308,343
28359,308,341
28360,308,341
28361,308,342
28362,307,342
28363,307,342
28364,307,344
28365,306,344
28366,305,342
28367,304,343
28368,304,343
28369,304,343
28370,306,343
28371,303,342
28372,304,343
28373,306,343
28374,304,343
28375,304,343
28376,304,343
28377,304,342
28378,304,342
28379,304,341
28380,304,341
28381,304,341
28382,304,341
28383,305,342
28384,305,341
28385,305,341
28386,305,341
28387,306,342
28388,306,343
28389,306,342
28390,306,342
28391,306,342
28392,307,340
28393,307,342
28394,308,339
28395,309,341
28396,309,340
28397,309,339
28398,309,339
28399,310,341
28400,309,341
28401,309,341
28402,307,343
28403,309,342
28404,310,342
28405,310,342
28406,308,342
28407,306,344
28408,308,342
28409,307,342
28410,305,344
28411,306,344
28412,306,344
28413,308,344
28414,308,344
28415,307,344
28416,306,344
28417,307,344
28418,306,344
28419,303,344
28420,307,343
28421,308,344
28422,311,344
28423,310,344
28424,311,345
28425,311,345
28426,312,345
28427,312,343
28428,313,343
28429,313,343
28430,313,344
28431,312,343
28432,312,342
28433,314,342
28434,314,341
28435,312,341
28436,316,341
28437,316,341
28438,313,341
28439,313,341
28440,315,342
28441,312,342
28442,315,342
28443,315,341
28444,313,342
28445,312,342
28446,315,342
28447,316,343
28448,316,343
28449,316,343
28450,316,343
28451,316,343
28452,314,343
28453,311,344
28454,308,342
28455,311,342
28456,307,340
28457,309,339
28458,308,338
28459,306,337
28460,307,337
28461,305,334
28462,303,333
28463,301,332
28464,299,332
28465,297,331
28466,301,330
28467,305,330
28468,307,329
28469,307,330
28470,306,329
28471,304,329
28472,304,329
28473,302,328
28474,299,328
28475,299,326
28476,299,324
28477,301,324
28478,301,323
28479,300,322
28480,299,320
28481,297,316
28482,294,316
28483,293,316
28484,287,318
28485,283,318
28486,287,315
28487,286,315
28488,279,318
28489,279,321
28490,280,326
28491,278,332
28492,280,335
28493,282,337
28494,281,336
28495,272,336
28496,272,334
28497,273,334
28498,271,333
28499,271,333
28500,272,333
28501,273,332
28502,275,331
28503,274,331
28504,272,329
28505,276,328
28506,275,329
28507,274,329
28508,271,328
28509,274,329
28510,275,328
28511,275,327
28512,275,327
28513,276,326
28514,275,326
28515,278,326
28516,279,324
28517,279,324
28518,278,324
28519,279,324
28520,279,324
28521,279,324
28522,275,324
28523,273,325
28524,272,324
28525,275,325
28526,279,326
28527,281,328
28528,281,329
28529,281,330
28530,284,333
28531,289,335
28532,289,338
28533,289,339
28534,290,343
28535,291,344
28536,295,343
28537,298,344
28538,299,345
28539,300,345
28540,305,342
28541,308,340
28542,311,338
28543,311,335
28544,312,332
28545,313,328
28546,315,329
28547,311,329
28548,310,320
28549,308,317
28550,309,318
28551,309,317
28552,309,318
28553,309,321
28554,311,321
28555,311,322
28556,310,323
28557,311,322
28558,318,323
28559,319,323
28560,321,324
28561,319,324
28562,318,325
28563,319,327
28564,316,327
28565,316,329
28566,316,330
28567,316,330
28568,317,330
28569,317,330
28570,317,330
28571,318,331
28572,318,330
28573,318,331
28574,320,331
28575,320,331
28576,322,330
28577,323,330
28578,322,330
28579,324,330
28580,324,330
28581,325,330
28582,326,330
28583,326,330
28584,327,329
28585,326,329
28586,326,329
28587,328,330
28588,329,329
28589,329,330
28590,328,330
28591,327,329
28592,327,329
28593,327,329
28594,327,328
28595,327,327
28596,327,326
28597,327,324
28598,326,324
28599,326,323
28600,326,324
28601,326,326
28602,327,325
28603,326,328
28604,325,329
28605,327,329
28606,324,329
28607,324,330
28608,324,330
28609,325,330
28610,326,330
28611,325,330
28612,324,330
28613,324,329
28614,324,329
28615,324,329
28616,323,329
28617,324,330
28618,324,330
28619,324,330
28620,324,330
28621,324,330
28622,324,330
28623,323,331
28624,323,331
28625,323,330
28626,323,330
28627,323,330
28628,322,330
28629,322,330
28630,323,331
28631,324,332
28632,325,331
28633,325,331
28634,325,331
28635,325,330
28636,326,330
28637,327,330
28638,327,330
28639,326,330
28640,327,330
28641,326,331
28642,326,332
28643,327,331
28644,326,332
28645,326,333
28646,324,332
28647,325,332
28648,325,332
28649,326,332
28650,326,332
28651,327,333
28652,324,333
28653,324,333
28654,327,333
28655,329,334
28656,329,334
28657,328,334
28658,327,334
28659,327,334
28660,326,334
28661,326,334
28662,325,334
28663,326,334
28664,326,334
28665,326,335
28666,327,333
28667,324,333
28668,325,333
28669,323,333
28670,323,333
28671,324,334
28672,324,334
28673,326,335
28674,325,335
28675,325,336
28676,326,336
28677,327,335
28678,326,336
28679,327,335
28680,324,336
28681,324,336
28682,326,336
28683,325,336
28684,324,335
28685,324,335
28686,326,335
28687,325,334
28688,326,333
28689,326,333
28690,321,332
28691,321,333
28692,319,332
28693,319,331
28694,316,329
28695,312,330
28696,311,325
28697,309,326
28698,304,325
28699,308,323
28700,304,321
28701,306,321
28702,301,320
28703,297,323
28704,298,324
28705,297,324
28706,296,325
28707,297,325
28708,293,326
28709,292,326
28710,290,328
28711,290,328
28712,291,328
28713,292,327
28714,289,327
28715,288,326
28716,289,325
28717,289,323
28718,289,322
28719,292,321
28720,291,320
28721,286,320
28722,290,320
28723,287,321
28724,283,321
28725,282,321
28726,284,325
28727,280,330
28728,281,332
28729,281,332
28730,278,330
28731,283,328
28732,280,326
28733,279,323
28734,281,321
28735,279,320
28736,278,319
28737,279,318
28738,279,318
28739,278,317
28740,279,316
28741,272,316
28742,271,316
28743,270,316
28744,270,316
28745,270,315
28746,275,314
28747,275,314
28748,275,314
28749,275,314
28750,277,314
28751,275,311
28752,275,311
28753,276,311
28754,276,311
28755,276,311
28756,276,311
28757,275,310
28758,275,310
28759,275,311
28760,276,313
28761,277,312
28762,277,312
28763,277,312
28764,277,312
28765,277,312
28766,278,312
28767,278,313
28768,277,314
28769,277,314
28770,279,316
28771,279,317
28772,282,318
28773,286,320
28774,285,322
28775,288,322
28776,291,323
28777,292,325
28778,287,324
28779,283,323
28780,279,323
28781,276,323
28782,275,323
28783,276,322
28784,278,322
28785,275,321
28786,276,321
28787,278,321
28788,277,323
28789,275,324
28790,276,326
28791,278,328
28792,279,330
28793,279,332
28794,279,333
28795,284,332
28796,285,333
28797,287,334
28798,286,334
28799,282,334
28800,280,333
28801,279,332
28802,281,332
28803,283,332
28804,286,332
28805,286,333
28806,287,333
28807,287,333
28808,287,333
28809,288,332
28810,287,333
28811,288,333
28812,287,333
28813,287,333
28814,287,333
28815,287,333
28816,286,333
28817,287,333
28818,287,333
28819,286,333
28820,286,333
28821,287,333
28822,287,333
28823,287,333
28824,286,333
28825,286,333
28826,285,333
28827,286,333
28828,286,333
28829,285,330
28830,285,330
28831,286,330
28832,285,330
28833,284,330
28834,284,330
28835,284,329
28836,284,329
28837,281,330
28838,281,330
28839,280,330
28840,283,330
28841,282,330
28842,280,329
28843,279,330
28844,284,331
28845,283,332
28846,283,331
28847,280,332
28848,283,332
28849,285,331
28850,285,331
28851,288,329
28852,292,330
28853,290,331
28854,288,332
28855,292,332
28856,288,334
28857,281,337
28858,286,340
28859,283,344
28860,284,346
28861,283,350
28862,283,349
28863,283,349
28864,285,347
28865,291,347
28866,296,349
28867,293,349
28868,295,344
28869,297,351
28870,299,345
28871,305,344
28872,308,344
28873,309,339
28874,312,337
28875,315,340
28876,304,332
28877,300,330
28878,307,326
28879,329,328
28880,332,325
28881,334,322
28882,340,322
28883,344,319
28884,346,319
28885,347,314
28886,349,317
28887,350,315
28888,351,315
28889,352,318
28890,357,316
28891,357,326
28892,357,327
28893,355,329
28894,349,327
28895,347,328
28896,342,329
28897,333,329
28898,324,327
28899,322,327
28900,315,325
28901,315,327
28902,313,326
28903,313,326
28904,308,325
28905,308,324
28906,307,323
28907,308,327
28908,308,327
28909,307,330
28910,307,330
28911,306,330
28912,308,328
28913,306,338
28914,308,337
28915,311,337
28916,318,341
28917,316,339
28918,318,332
28919,309,335
28920,306,334
28921,304,332
28922,303,337
28923,315,338
28924,312,337
28925,316,338
28927,314,339
28928,312,339
28929,303,333
28930,305,332
28931,303,331
28932,304,325
28933,306,323
28934,311,324
28935,310,322
28936,311,315
28937,309,315
28938,307,313
28939,311,308
28940,315,307
28941,315,310
28942,316,312
28943,315,314
28944,312,315
28945,310,316
28946,306,316
28947,305,317
28948,304,318
28949,298,325
28950,300,325
28951,304,336
28952,296,333
28953,306,335
28954,316,337
28955,316,336
28956,315,338
28957,316,337
28958,315,335
28959,314,335
28960,315,334
28961,314,333
28962,312,333
28963,322,333
28964,315,334
28965,315,334
28966,315,334
28967,318,335
28968,319,335
28969,319,337
28970,319,337
28971,321,337
28972,320,337
28973,315,339
28974,314,340
28975,313,340
28976,312,340
28977,315,340
28978,315,341
28979,316,341
28980,319,339
28981,319,340
28982,318,339
28983,316,341
28984,315,340
28985,316,340
28986,312,341
28987,312,341
28988,312,341
28989,314,341
28990,312,342
28991,311,343
28992,312,343
28993,312,343
28994,313,343
28995,316,343
28996,316,343
28997,318,343
28998,318,343
28999,316,344
29000,314,344
29001,312,343
29002,313,342
29003,316,342
29004,315,341
29005,313,342
29006,314,342
29007,313,341
29008,311,342
29009,312,343
29010,312,343
29011,314,341
29012,314,341
29013,322,343
29014,321,342
29015,320,342
29016,322,342
29017,320,342
29018,320,341
29019,319,341
29020,320,340
29021,322,340
29022,321,340
29023,321,341
29024,320,341
29025,321,342
29026,322,342
29027,324,341
29028,322,341
29029,320,341
29030,315,342
29031,319,343
29032,317,343
29033,322,345
29034,324,346
29035,322,345
29036,323,346
29037,326,345
29038,326,346
29039,319,347
29040,318,347
29041,319,347
29042,322,349
29043,323,349
29044,326,350
29045,328,351
29046,330,351
29047,330,351
29048,334,353
29049,333,354
29050,338,354
29051,339,355
29052,341,356
29053,344,356
29054,341,357
29055,339,357
29056,337,358
29057,340,359
29058,341,360
29059,337,361
29060,335,360
29061,335,361
29062,337,361
29063,337,361
29064,336,361
29065,335,361
29066,335,360
29067,332,360
29068,335,361
29069,339,360
29070,343,359
29071,347,358
29072,348,358
29073,348,359
29074,348,359
29075,348,358
29076,349,358
29077,349,357
29078,348,357
29079,348,355
29080,349,355
29081,348,355
29082,350,355
29083,349,354
29084,357,355
29085,356,354
29086,347,354
29087,360,354
29088,356,353
29089,359,351
29090,365,350
29091,369,348
29092,372,345
29093,370,343
29094,368,331
29095,372,326
29096,372,320
29097,371,320
29098,371,319
29099,374,315
29100,380,309
29101,383,311
29102,390,311
29103,393,310
29104,394,306
29105,393,305
29106,394,302
29107,400,306
29108,400,299
29109,404,296
29110,404,295
29111,404,295
29112,403,297
29113,402,299
29114,402,300
29115,400,305
29116,398,311
29117,395,313
29118,391,314
29119,387,315
29120,383,316
29121,382,317
29122,382,317
29123,383,314
29124,386,315
29125,386,315
29126,386,315
29127,387,315
29128,388,314
29129,388,315
29130,387,317
29131,389,316
29132,390,314
29133,389,313
29134,388,314
29135,388,317
29136,388,317
29137,388,316
29138,388,316
29139,388,316
29140,388,316
29141,389,316
29142,389,316
29143,389,316
29144,390,316
29145,390,316
29146,390,317
29147,391,316
29148,391,314
29149,391,314
29150,391,311
29151,392,310
29152,392,313
29153,392,313
29154,392,312
29155,392,312
29156,392,312
29157,392,311
29158,391,311
29159,392,312
29160,392,312
29161,392,314
29162,392,316
29163,393,314
29164,392,313
29165,391,314
29166,391,316
29167,391,316
29168,391,313
29169,391,312
29170,390,312
29171,390,311
29172,390,308
29173,390,307
29174,391,308
29175,391,308
29176,391,308
29177,391,307
29178,391,306
29179,391,307
29180,391,308
29181,392,308
29182,392,307
29183,392,306
29184,391,309
29185,391,309
29186,392,310
29187,392,312
29188,393,312
29189,393,311
29190,392,311
29191,390,311
29192,390,313
29193,390,312
29194,389,315
29195,388,315
29196,387,314
29197,386,316
29198,384,316
29199,382,315
29200,384,317
29201,380,316
29202,380,317
29203,378,317
29204,378,316
29205,378,316
29206,378,313
29207,379,314
29208,379,314
29209,380,311
29210,380,312
29211,380,312
29212,379,313
29213,379,311
29214,380,311
29215,381,308
29216,380,306
29217,380,304
29218,380,307
29219,380,305
29220,382,305
29221,384,305
29222,382,307
29223,391,333
29224,385,308
29225,386,315
29226,387,315
29227,385,319
29228,387,325
29229,388,315
29230,390,333
29231,389,309
29232,389,338
29233,388,301
29234,388,306
29235,389,309
29236,390,335
29237,389,337
29238,389,310
29239,388,303
29240,389,327
29241,390,299
29242,390,302
29243,391,299
29244,392,291
29245,390,295
29246,390,298
29247,389,299
29248,390,299
29249,386,299
29250,388,299
29251,389,301
29252,388,301
29253,388,301
29254,387,301
29255,386,301
29256,385,301
29257,385,302
29258,389,302
29259,391,303
29260,391,304
29261,391,306
29262,390,306
29263,389,309
29264,390,309
29265,390,313
29266,390,314
29267,390,314
29268,390,315
29269,390,316
29270,389,317
29271,389,317
29272,389,317
29273,390,317
29274,390,319
29275,389,319
29276,389,319
29277,390,319
29278,388,319
29279,388,319
29280,388,317
29281,386,316
29282,387,316
29283,387,316
29284,386,316
29285,386,316
29286,385,316
29287,382,314
29288,381,315
29289,382,316
29290,378,317
29291,374,320
29292,371,317
29293,365,323
29294,362,327
29295,355,325
29296,354,325
29297,350,325
29298,351,327
29299,352,328
29300,353,326
29301,353,328
29302,358,329
29303,363,324
29304,363,310
29305,359,345
29306,359,324
29307,357,323
29308,357,328
29309,353,332
29310,351,335
29311,350,339
29312,350,343
29313,351,348
29314,350,350
29315,348,351
29316,341,352
29317,343,352
29318,339,353
29319,337,355
29320,336,355
29321,336,355
29322,336,357
29323,342,357
29324,342,358
29325,341,357
29326,327,357
29327,333,358
29328,334,359
29329,331,359
29330,331,358
29331,331,359
29332,330,359
29333,325,359
29334,322,358
29335,322,358
29336,322,357
29337,317,356
29338,314,356
29339,315,354
29340,315,353
29341,308,353
29342,301,354
29343,303,355
29344,299,355
29345,302,355
29346,300,354
29347,305,355
29348,304,355
29349,306,356
29350,308,355
29351,301,355
29352,298,354
29353,295,351
29354,294,351
29355,292,348
29356,294,348
29357,281,347
29358,281,343
29359,277,338
29360,280,350
29361,278,358
29362,281,358
29363,277,361
29364,278,359
29365,277,356
29366,277,354
29367,278,354
29368,276,353
29369,278,352
29370,279,353
29371,278,353
29372,277,352
29373,277,352
29374,276,352
29375,275,352
29376,274,351
29377,273,351
29378,273,351
29379,275,352
29380,275,351
29381,274,351
29382,276,350
29383,276,351
29384,277,351
29385,276,352
29386,277,352
29387,277,352
29388,277,352
29389,280,354
29390,283,356
29391,283,356
29392,282,357
29393,283,360
29394,285,359
29395,286,355
29396,286,350
29397,285,347
29398,291,348
29399,290,341
29400,298,336
29401,302,333
29402,303,330
29403,306,327
29404,309,323
29405,315,323
29406,317,318
29407,321,317
29408,321,314
29409,322,311
29410,321,307
29411,324,303
29412,325,302
29413,324,301
29414,322,303
29415,319,309
29416,319,306
29417,318,307
29418,317,307
29419,317,306
29420,319,305
29421,317,306
29422,314,304
29423,312,303
29424,311,303
29425,311,315
29426,311,307
29427,309,298
29428,310,298
29429,310,295
29430,310,294
29431,310,297
29432,312,298
29433,312,299
29434,317,304
29435,319,304
29436,319,308
29437,318,310
29438,318,313
29439,321,314
29440,323,316
29441,320,317
29442,320,319
29443,321,322
29444,321,322
29445,323,321
29446,325,321
29447,323,322
29448,325,322
29449,323,322
29450,322,324
29451,322,322
29452,322,323
29453,321,323
29454,320,323
29455,323,325
29456,321,324
29457,320,325
29458,321,324
29459,321,324
29460,321,324
29461,322,325
29462,322,324
29463,323,324
29464,323,324
29465,321,324
29466,321,324
29467,322,325
29468,323,325
29469,323,324
29470,324,324
29471,323,324
29472,324,326
29473,323,327
29474,324,328
29475,325,329
29476,327,329
29477,327,329
29478,328,328
29479,325,328
29480,323,328
29481,321,328
29482,321,333
29483,322,332
29484,323,332
29485,325,329
29486,321,332
29487,320,332
29488,321,333
29489,321,333
29490,321,333
29491,321,333
29492,322,333
29493,322,333
29494,322,333
29495,322,333
29496,322,333
29497,322,333
29498,322,333
29499,321,332
29500,322,333
29501,322,333
29502,322,333
29503,323,333
29504,319,334
29505,326,333
29506,326,333
29507,326,333
29508,327,333
29509,326,333
29510,322,334
29511,323,334
29512,324,334
29513,324,335
29514,324,334
29515,324,334
29516,324,334
29517,324,335
29518,324,335
29519,324,334
29520,324,334
29521,324,334
29522,324,334
29523,324,333
29524,323,334
29525,323,334
29526,322,334
29527,320,335
29528,321,335
29529,322,336
29530,320,335
29531,321,335
29532,320,335
29533,320,335
29534,322,335
29535,322,335
29536,323,334
29537,322,335
29538,321,335
29539,323,335
29540,322,335
29541,321,335
29542,318,335
29543,320,335
29544,319,335
29545,318,335
29546,318,335
29547,320,335
29548,321,335
29549,323,335
29550,323,334
29551,324,335
29552,323,335
29553,322,336
29554,322,337
29555,323,337
29556,322,337
29557,322,337
29558,322,337
29559,323,337
29560,325,336
29561,326,337
29562,326,337
29563,322,337
29564,324,338
29565,323,338
29566,321,338
29567,322,339
29568,323,340
29569,325,340
29570,322,340
29571,321,341
29572,321,341
29573,321,341
29574,321,341
29575,322,341
29576,321,341
29577,323,341
29578,322,341
29579,320,341
29580,319,341
29581,318,341
29582,319,341
29583,319,341
29584,319,342
29585,320,341
29586,319,341
29587,320,342
29588,320,342
29589,320,342
29590,319,342
29591,319,342
29592,318,341
29593,318,341
29594,319,341
29595,320,342
29596,321,342
29597,319,342
29598,320,342
29599,320,342
29600,321,342
29601,320,342
29602,320,343
29603,320,344
29604,323,344
29605,323,345
29606,320,345
29607,319,345
29608,318,344
29609,323,344
29610,320,342
29611,320,342
29612,320,343
29613,318,343
29614,316,342
29615,313,343
29616,312,341
29617,310,337
29618,308,337
29619,307,337
29620,306,338
29621,304,337
29622,299,335
29623,297,336
29624,297,337
29625,294,336
29626,294,336
29627,292,334
29628,291,333
29629,289,331
29630,288,330
29631,285,329
29632,285,328
29633,283,329
29634,281,328
29635,279,328
29636,278,332
29637,278,332
29638,279,333
29639,282,337
29640,283,337
29641,283,337
29642,281,337
29643,278,339
29644,276,339
29645,277,339
29646,274,340
29647,273,340
29648,273,340
29649,271,341
29650,270,341
29651,269,342
29652,267,341
29653,263,340
29654,260,338
29655,260,340
29656,261,340
29657,264,341
29658,268,343
29659,267,345
29660,266,345
29661,266,345
29662,266,344
29663,265,345
29664,265,345
29665,267,346
29666,267,346
29667,267,346
29668,266,346
29669,267,347
29670,267,347
29671,265,347
29672,265,347
29673,264,348
29674,263,348
29675,262,348
29676,262,348
29677,263,348
29678,263,348
29679,264,349
29680,263,349
29681,263,349
29682,264,348
29683,265,348
29684,264,347
29685,263,349
29686,265,348
29687,265,346
29688,268,347
29689,274,347
29690,276,346
29691,276,344
29692,276,344
29693,274,340
29694,269,338
29695,273,339
29696,274,338
29697,276,337
29698,278,337
29699,278,338
29700,276,338
29701,282,336
29702,283,333
29703,288,327
29704,290,324
29705,291,322
29706,289,320
29707,286,318
29708,286,317
29709,289,316
29710,288,314
29711,291,312
29712,293,310
29713,292,311
29714,292,305
29715,293,308
29716,293,310
29717,292,308
29718,291,309
29719,293,309
29720,291,307
29721,294,308
29722,293,309
29723,295,310
29724,295,312
29725,296,313
29726,294,318
29727,297,315
29728,296,317
29729,296,318
29730,301,319
29731,302,319
29732,300,322
29733,300,323
29734,302,323
29735,306,319
29736,308,321
29737,308,322
29738,309,322
29739,306,322
29740,306,322
29741,306,322
29742,306,322
29743,307,323
29744,308,323
29745,307,323
29746,307,322
29747,307,322
29748,305,323
29749,307,323
29750,307,323
29751,307,324
29752,308,324
29753,308,324
29754,310,324
29755,309,324
29756,309,324
29757,309,325
29758,310,326
29759,309,324
29760,309,325
29761,309,325
29762,309,324
29763,309,325
29764,309,326
29765,309,325
29766,308,326
29767,308,326
29768,308,326
29769,308,326
29770,307,327
29771,306,329
29772,305,330
29773,305,330
29774,306,330
29775,307,329
29776,307,330
29777,306,325
29778,306,325
29779,303,326
29780,303,326
29781,303,326
29782,303,326
29783,303,326
29784,303,332
29785,302,333
29786,302,333
29787,304,332
29788,304,332
29789,304,332
29790,301,331
29791,305,333
29792,305,333
29793,302,331
29794,305,333
29795,305,334
29796,306,334
29797,302,333
29798,303,333
29799,303,332
29800,303,332
29801,304,332
29802,304,332
29803,303,332
29804,306,335
29805,306,333
29806,302,332
29807,304,334
29808,304,333
29809,304,333
29810,304,333
29811,304,334
29812,303,335
29813,304,336
29814,304,336
29815,305,336
29816,305,336
29817,305,336
29818,306,336
29819,305,336
29820,306,335
29821,305,333
29822,306,333
29823,305,333
29824,307,335
29825,309,334
29826,309,334
29827,309,334
29828,308,335
29829,309,334
29830,307,335
29831,309,334
29832,307,334
29833,308,334
29834,308,334
29835,305,334
29836,306,333
29837,303,334
29838,303,334
29839,305,334
29840,305,334
29841,303,334
29842,302,334
29843,299,334
29844,298,334
29845,299,334
29846,297,334
29847,299,335
29848,299,335
29849,300,335
29850,302,335
29851,300,335
29852,301,336
29853,299,336
29854,301,336
29855,300,336
29856,302,336
29857,303,336
29858,303,336
29859,302,336
29860,301,337
29861,301,337
29862,300,336
29863,300,336
29864,301,336
29865,302,336
29866,301,336
29867,301,336
29868,301,336
29869,301,336
29870,302,335
29871,302,336
29872,302,335
29873,302,335
29874,302,335
29875,301,335
29876,301,335
29877,300,334
29878,300,332
29879,300,331
29880,300,330
29881,300,329
29882,299,329
29883,301,330
29884,298,332
29885,296,332
29886,296,332
29887,294,331
29888,296,329
29889,292,328
29890,290,328
29891,290,328
29892,289,327
29893,287,327
29894,286,328
29895,285,328
29896,284,328
29897,284,326
29898,280,324
29899,280,326
29900,279,327
29901,278,330
29902,279,331
29903,280,334
29904,280,334
29905,280,334
29906,280,334
29907,276,332
29908,277,331
29909,276,331
29910,276,335
29911,273,332
29912,271,331
29913,275,334
29914,274,335
29915,271,332
29916,272,334
29917,271,335
29918,273,335
29919,272,334
29920,270,332
29921,272,331
29922,275,338
29923,270,338
29924,261,342
29925,268,342
29926,269,343
29927,264,342
29928,261,342
29929,262,342
29930,260,343
29931,258,344
29932,259,343
29933,259,344
29934,258,344
29935,259,344
29936,258,344
29937,259,344
29938,259,344
29939,259,345
29940,259,345
29941,259,345
29942,258,345
29943,260,344
29944,260,344
29945,260,344
29946,260,344
29947,260,344
29948,259,344
29949,259,344
29950,259,344
29951,259,344
29952,258,344
29953,258,344
29954,258,344
29955,257,344
29956,257,343
29957,257,343
29958,257,343
29959,258,343
29960,258,343
29961,258,343
29962,259,343
29963,258,343
29964,261,343
29965,262,343
29966,263,343
29967,262,344
29968,263,343
29969,266,342
29970,266,340
29971,267,338
29972,268,333
29973,268,333
29974,269,332
29975,269,331
29976,275,330
29977,277,329
29978,277,327
29979,283,326
29980,286,323
29981,288,325
29982,291,324
29983,295,325
29984,298,323
29985,300,325
29986,301,324
29987,303,323
29988,307,321
29989,308,318
29990,309,318
29991,311,317
29992,311,316
29993,310,315
29994,310,314
29995,290,315
29996,307,316
29997,309,317
29998,307,317
29999,307,316
30000,308,315
30001,309,315
30002,307,316
30003,307,319
30004,308,316
30005,306,315
30006,306,314
30007,306,314
30008,306,313
30009,309,310
30010,309,311
30011,310,311
30012,311,312
30013,310,314
30014,310,314
30015,311,315
30016,313,313
30017,315,312
30018,314,312
30019,312,313
30020,312,315
30021,315,315
30022,317,315
30023,317,315
30024,317,315
30025,315,316
30026,316,317
30027,316,316
30028,316,317
30029,317,317
30030,316,316
30031,316,316
30032,316,316
30033,315,316
30034,314,317
30035,315,315
30036,314,316
30037,317,317
30038,317,317
30039,318,317
30040,318,317
30041,318,317
30042,318,318
30043,317,318
30044,316,319
30045,317,319
30046,316,319
30047,316,319
30048,316,318
30049,317,319
30050,316,319
30051,318,318
30052,319,318
30053,319,318
30054,318,317
30055,319,317
30056,317,318
30057,316,318
30058,317,318
30059,317,319
30060,314,320
30061,315,319
30062,319,318
30063,317,319
30064,317,320
30065,314,321
30066,314,321
30067,315,322
30068,314,322
30069,307,324
30070,306,324
30071,310,324
30072,312,324
30073,311,324
30074,311,324
30075,315,324
30076,316,324
30077,316,325
30078,315,326
30079,317,324
30080,317,325
30081,317,326
30082,316,326
30083,317,326
30084,318,325
30085,318,326
30086,318,327
30087,308,329
30088,309,328
30089,319,328
30090,317,328
30091,318,328
30092,318,329
30093,318,328
30094,319,328
30095,320,328
30096,315,328
30097,317,328
30098,319,327
30099,320,327
30100,319,326
30101,322,328
30102,323,324
30103,323,321
30104,322,326
30105,323,323
30106,323,319
30107,324,317
30108,327,316
30109,324,321
30110,323,324
30111,310,326
30112,305,326
30113,304,327
30114,305,327
30115,307,328
30116,302,329
30117,303,331
30118,303,334
30119,304,332
30120,301,331
30121,302,332
30122,300,334
30123,300,334
30124,301,335
30125,302,335
30126,303,335
30127,301,335
30128,300,335
30129,300,335
30130,300,335
30131,299,335
30132,298,335
30133,297,334
30134,298,333
30135,298,332
30136,298,332
30137,299,333
30138,299,334
30139,299,333
30140,301,332
30141,302,333
30142,301,332
30143,300,331
30144,299,330
30145,299,329
30146,301,332
30147,301,328
30148,301,333
30149,301,328
30150,305,328
30151,306,328
30152,306,327
30153,305,328
30154,304,329
30155,305,328
30156,301,327
30157,302,326
30158,300,326
30159,302,325
30160,304,325
30161,305,326
30162,303,328
30163,302,329
30164,303,332
30165,304,329
30166,307,329
30167,306,330
30168,306,332
30169,306,334
30170,308,335
30171,308,337
30172,310,337
30173,307,338
30174,305,338
30175,304,337
30176,302,336
30177,303,336
30178,304,336
30179,304,336
30180,305,337
30181,304,336
30182,303,335
30183,305,337
30184,305,336
30185,305,337
30186,303,337
30187,304,339
30188,304,340
30189,305,340
30190,305,341
30191,303,340
30192,302,342
30193,302,343
30194,301,343
30195,301,344
30196,302,345
30197,301,345
30198,301,343
30199,299,342
30200,300,342
30201,300,344
30202,300,341
30203,300,342
30204,300,342
30205,300,342
30206,302,344
30207,302,343
30208,302,343
30209,299,344
30210,302,344
30211,302,342
30212,302,342
30213,301,341
30214,301,341
30215,300,341
30216,301,341
30217,302,341
30218,305,339
30219,307,339
30220,305,336
30221,307,331
30222,309,334
30223,313,336
30224,316,334
30225,319,333
30226,322,330
30227,320,328
30228,319,329
30229,316,328
30230,302,338
30231,307,337
30232,298,337
30233,297,338
30234,298,336
30235,295,336
30236,292,338
30237,294,339
30238,299,340
30239,294,339
30240,291,336
30241,293,336
30242,294,336
30243,293,338
30244,291,336
30245,294,336
30246,291,335
30247,294,333
30248,295,335
30249,293,337
30250,296,340
30251,296,341
30252,296,341
30253,297,340
30254,298,342
30255,298,344
30256,298,346
30257,298,347
30258,299,349
30259,299,351
30260,299,353
30261,302,356
30262,304,357
30263,306,358
30264,308,358
30265,307,358
30266,296,362
30267,295,363
30268,292,364
30269,295,366
30270,312,365
30271,315,366
30272,316,366
30273,317,366
30274,311,365
30275,312,364
30276,311,362
30277,305,361
30278,305,360
30279,302,359
30280,299,359
30281,299,359
30282,294,362
30283,290,361
30284,289,361
30285,289,361
30286,291,361
30287,291,361
30288,291,361
30289,293,361
30290,292,361
30291,291,361
30292,293,361
30293,291,360
30294,291,360
30295,292,358
30296,293,357
30297,292,353
30298,295,355
30299,297,353
30300,301,350
30301,305,350
30302,307,346
30303,307,341
30304,308,342
30305,310,340
30306,319,335
30307,322,331
30308,323,329
30309,325,328
30310,327,327
30311,335,325
30312,339,323
30313,339,320
30314,340,319
30315,341,319
30316,342,318
30317,342,314
30318,340,311
30319,340,311
30320,339,312
30321,343,313
30322,342,313
30323,340,312
30324,333,310
30325,333,310
30326,334,311
30327,332,309
30328,331,308
30329,331,308
30330,328,305
30331,327,305
30332,329,305
30333,328,306
30334,327,307
30335,328,309
30336,330,309
30337,330,309
30338,328,311
30339,329,316
30340,330,318
30341,329,318
30342,330,319
30343,330,320
30344,332,321
30345,332,322
30346,333,323
30347,333,322
30348,334,323
30349,333,324
30350,333,325
30351,331,326
30352,330,327
30353,331,327
30354,332,328
30355,334,329
30356,335,330
30357,334,331
30358,333,331
30359,333,331
30360,332,329
30361,333,329
30362,334,329
30363,336,329
30364,337,328
30365,336,328
30366,336,328
30367,337,327
30368,337,327
30369,338,326
30370,338,326
30371,337,326
30372,336,326
30373,333,326
30374,334,327
30375,336,328
30376,333,327
30377,337,329
30378,337,329
30379,337,328
30380,337,329
30381,337,328
30382,336,329
30383,337,329
30384,337,328
30385,335,328
30386,336,330
30387,332,329
30388,332,329
30389,335,330
30390,336,331
30391,334,332
30392,334,332
30393,332,332
30394,335,332
30395,336,332
30396,335,332
30397,335,331
30398,334,332
30399,336,332
30400,335,332
30401,336,332
30402,336,332
30403,335,332
30404,335,332
30405,336,332
30406,335,332
30407,333,332
30408,333,332
30409,334,332
30410,334,332
30411,331,333
30412,333,333
30413,332,333
30414,330,334
30415,331,334
30416,329,334
30417,328,334
30418,327,332
30419,328,334
30420,328,334
30421,328,335
30422,327,335
30423,328,335
30424,328,335
30425,327,335
30426,327,334
30427,327,334
30428,327,334
30429,329,334
30430,330,334
30431,329,334
30432,328,334
30433,328,334
30434,328,334
30435,328,334
30436,328,334
30437,328,334
30438,328,334
30439,328,333
30440,328,333
30441,328,334
30442,327,333
30443,327,333
30444,326,333
30445,327,333
30446,327,333
30447,327,333
30448,328,333
30449,328,333
30450,328,333
30451,328,333
30452,328,334
30453,328,334
30454,328,334
30455,328,333
30456,328,333
30457,328,333
30458,328,333
30459,328,333
30460,329,334
30461,329,334
30462,329,334
30463,330,333
30464,330,333
30465,329,333
30466,330,334
30467,330,334
30468,329,334
30469,329,335
30470,330,336
30471,329,336
30472,329,336
30473,329,337
30474,328,336
30475,328,336
30476,328,338
30477,329,339
30478,332,340
30479,330,340
30480,330,341
30481,333,341
30482,332,341
30483,333,341
30484,335,341
30485,338,341
30486,338,341
30487,334,339
30488,334,340
30489,334,339
30490,333,339
30491,335,339
30492,334,339
30493,337,339
30494,337,339
30495,338,339
30496,338,340
30497,336,339
30498,337,339
30499,336,338
30500,337,338
30501,337,336
30502,337,336
30503,336,336
30504,336,337
30505,336,338
30506,335,338
30507,335,338
30508,335,338
30509,336,338
30510,335,338
30511,336,338
30512,337,338
30513,336,338
30514,335,338
30515,336,339
30516,336,339
30517,338,339
30518,339,339
30519,339,339
30520,339,341
30521,339,340
30522,338,340
30523,337,340
30524,335,341
30525,334,341
30526,335,342
30527,332,344
30528,333,344
30529,332,343
30530,330,344
30531,328,344
30532,328,344
30533,326,344
30534,324,343
30535,318,343
30536,321,341
30537,319,341
30538,316,340
30539,317,340
30540,326,338
30541,328,338
30542,316,340
30543,316,343
30544,317,346
30545,318,347
30546,307,345
30547,311,346
30548,315,346
30549,314,349
30550,310,351
30551,321,353
30552,322,353
30553,319,353
30554,314,354
30555,313,354
30556,310,354
30557,310,356
30558,308,359
30559,302,361
30560,303,362
30561,303,361
30562,299,360
30563,301,359
30564,307,359
30565,303,358
30566,304,356
30567,300,357
30568,295,356
30569,294,355
30570,293,355
30571,291,357
30572,290,357
30573,288,356
30574,290,356
30575,289,356
30576,290,354
30577,291,352
30578,292,352
30579,292,351
30580,290,354
30581,290,354
30582,291,354
30583,291,355
30584,290,355
30585,291,354
30586,291,354
30587,291,354
30588,294,352
30589,301,352
30590,307,352
30591,302,352
30592,293,352
30593,296,352
30594,296,352
30595,302,352
30596,302,353
30597,303,354
30598,303,353
30599,306,352
30600,310,351
30601,313,349
30602,312,349
30603,316,349
30604,321,344
30605,322,342
30606,324,339
30607,326,335
30608,327,333
30609,328,331
30610,328,329
30611,331,325
30612,330,323
30613,328,322
30614,323,323
30615,324,323
30616,324,323
30617,323,325
30618,323,325
30619,324,324
30620,328,326
30621,330,327
30622,331,328
30623,333,328
30624,334,329
30625,334,328
30626,334,330
30627,334,331
30628,336,334
30629,336,334
30630,336,336
30631,336,335
30632,335,335
30633,337,336
30634,335,335
30635,335,334
30636,333,334
30637,333,334
30638,334,334
30639,335,334
30640,334,334
30641,334,334
30642,336,334
30643,334,334
30644,334,334
30645,336,334
30646,337,333
30647,337,332
30648,337,333
30649,336,332
30650,337,332
30651,335,331
30652,336,331
30653,337,331
30654,337,330
30655,337,330
30656,336,331
30657,335,330
30658,336,329
30659,335,330
30660,337,330
30661,336,330
30662,335,328
30663,336,327
30664,332,328
30665,332,329
30666,337,332
30667,337,335
30668,336,335
30669,336,335
30670,336,336
30671,336,335
30672,336,335
30673,336,335
30674,335,334
30675,335,334
30676,334,335
30677,334,335
30678,334,335
30679,334,335
30680,334,336
30681,334,336
30682,334,337
30683,334,337
30684,334,336
30685,334,337
30686,334,337
30687,334,337
30688,335,337
30689,334,337
30690,334,337
30691,334,337
30692,334,337
30693,334,337
30694,334,337
30695,334,337
30696,332,338
30697,332,338
30698,333,337
30699,333,337
30700,333,337
30701,333,338
30702,333,337
30703,333,337
30704,333,338
30705,333,337
30706,334,337
30707,333,337
30708,333,337
30709,333,336
30710,333,336
30711,333,336
30712,333,336
30713,329,335
30714,329,336
30715,329,335
30716,329,336
30717,329,336
30718,329,336
30719,329,336
30720,333,337
30721,333,336
30722,333,337
30723,333,337
30724,333,337
30725,334,337
30726,334,337
30727,334,337
30728,334,337
30729,334,336
30730,334,337
30731,335,336
30732,335,336
30733,335,336
30734,335,334
30735,335,336
30736,335,334
30737,335,337
30738,334,337
30739,335,338
30740,332,339
30741,333,338
30742,335,337
30743,336,337
30744,335,337
30745,337,338
30746,337,338
30747,338,339
30748,337,340
30749,335,340
30750,335,340
30751,336,339
30752,335,339
30753,335,339
30754,335,340
30755,334,339
30756,334,339
30757,335,340
30758,336,339
30759,336,339
30760,335,339
30761,335,339
30762,336,340
30763,335,339
30764,335,339
30765,335,340
30766,335,340
30767,335,340
30768,336,341
30769,335,341
30770,335,342
30771,336,343
30772,337,343
30773,337,342
30774,336,342
30775,337,343
30776,338,344
30777,337,343
30778,335,343
30779,337,343
30780,336,343
30781,337,342
30782,338,341
30783,337,341
30784,337,341
30785,334,342
30786,335,341
30787,335,340
30788,333,339
30789,328,340
30790,326,339
30791,325,338
30792,323,339
30793,318,338
30794,314,340
30795,312,341
30796,312,343
30797,315,343
30798,309,342
30799,308,343
30800,314,342
30801,313,344
30802,313,342
30803,311,342
30804,312,340
30805,311,340
30806,310,341
30807,309,342
30808,309,342
30809,311,343
30810,309,348
30811,310,351
30812,307,351
30813,307,352
30814,306,354
30815,307,353
30816,308,355
30817,306,354
30818,304,354
30819,301,354
30820,302,352
30821,307,352
30822,307,351
30823,309,350
30824,307,351
30825,307,351
30826,310,348
30827,310,348
30828,309,348
30829,309,348
30830,310,347
30831,304,348
30832,303,349
30833,302,349
30834,302,349
30835,304,350
30836,307,351
30837,308,349
30838,307,349
30839,302,349
30840,302,349
30841,302,350
30842,303,349
30843,300,348
30844,299,348
30845,299,348
30846,300,349
30847,300,349
30848,300,349
30849,306,351
30850,314,348
30851,311,349
30852,313,349
30853,320,350
30854,325,350
30855,325,351
30856,326,352
30857,326,351
30858,325,351
30859,325,352
30860,327,350
30861,327,349
30862,326,348
30863,325,346
30864,326,346
30865,326,348
30866,326,350
30867,327,350
30868,325,354
30869,326,356
30870,323,357
30871,321,359
30872,322,359
30873,320,359
30874,323,357
30875,323,357
30876,323,357
30877,322,356
30878,321,356
30879,323,355
30880,323,354
30881,322,355
30882,321,354
30883,321,354
30884,320,354
30885,323,353
30886,319,354
30887,317,353
30888,317,353
30889,315,353
30890,315,353
30891,315,353
30892,315,352
30893,316,352
30894,316,353
30895,313,352
30896,314,352
30897,317,352
30898,317,352
30899,315,352
30900,315,352
30901,316,352
30902,315,353
30903,313,352
30904,313,351
30905,313,351
30906,312,351
30907,312,351
30908,312,351
30909,311,350
30910,311,350
30911,312,351
30912,312,351
30913,313,351
30914,315,351
30915,315,351
30916,315,351
30917,316,351
30918,317,351
30919,315,350
30920,314,351
30921,314,351
30922,316,352
30923,315,351
30924,314,351
30925,313,351
30926,315,352
30927,317,351
30928,319,351
30929,320,351
30930,317,352
30931,318,351
30932,318,351
30933,319,351
30934,321,351
30935,322,354
30936,328,356
30937,320,355
30938,319,355
30939,316,357
30940,320,356
30941,321,354
30942,319,353
30943,321,347
30944,319,343
30945,320,342
30946,321,341
30947,327,338
30948,327,337
30949,332,334
30950,334,332
30951,337,326
30952,341,322
30953,342,325
30954,342,322
30955,346,321
30956,349,320
30957,354,313
30958,353,310
30959,348,310
30960,347,307
30961,347,311
30962,345,310
30963,344,312
30964,342,317
30965,341,311
30966,339,314
30967,338,315
30968,336,313
30969,336,305
30970,335,304
30971,335,303
30972,336,304
30973,335,302
30974,335,304
30975,335,303
30976,334,306
30977,333,306
30978,333,305
30979,335,305
30980,336,302
30981,336,305
30982,337,305
30983,336,304
30984,337,303
30985,337,308
30986,336,309
30987,336,309
30988,335,304
30989,335,308
30990,335,306
30991,335,314
30992,335,317
30993,336,320
30994,335,318
30995,335,321
30996,336,317
30997,336,318
30998,336,318
30999,336,319
31000,335,320
31001,335,320
31002,335,321
31003,336,321
31004,337,320
31005,337,321
31006,338,321
31007,339,322
31008,339,322
31009,339,322
31010,339,322
31011,339,322
31012,338,322
31013,339,321
31014,340,322
31015,340,322
31016,341,322
31017,342,323
31018,342,324
31019,341,325
31020,342,326
31021,343,327
31022,342,328
31023,341,329
31024,343,331
31025,341,331
31026,341,334
31027,341,333
31028,342,332
31029,343,332
31030,343,335
31031,347,335
31032,346,335
31033,348,336
31034,347,335
31035,345,336
31036,345,338
31037,345,338
31038,344,338
31039,346,340
31040,345,340
31041,346,341
31042,349,341
31043,347,341
31044,347,341
31045,347,340
31046,345,340
31047,345,339
31048,345,338
31049,345,339
31050,346,338
31051,345,338
31052,341,339
31053,345,339
31054,345,337
31055,346,336
31056,344,335
31057,343,334
31058,343,335
31059,343,337
31060,344,337
31061,343,337
31062,344,338
31063,343,338
31064,342,339
31065,342,340
31066,340,340
31067,338,340
31068,340,340
31069,339,341
31070,338,342
31071,340,343
31072,343,342
31073,341,343
31074,339,344
31075,340,344
31076,340,345
31077,341,345
31078,341,346
31079,341,346
31080,339,346
31081,341,346
31082,339,346
31083,337,346
31084,337,347
31085,334,348
31086,333,350
31087,333,354
31088,331,353
31089,332,356
31090,334,355
31091,337,355
31092,328,355
31093,323,354
31094,332,353
31095,332,352
31096,329,350
31097,328,350
31098,330,350
31099,331,352
31100,331,354
31101,331,355
31102,331,354
31103,331,355
31104,335,355
31105,334,353
31106,332,360
31107,331,364
31108,329,366
31109,326,368
31110,327,368
31111,325,367
31112,328,367
31113,327,366
31114,328,366
31115,327,365
31116,323,365
31117,321,364
31118,317,364
31119,323,364
31120,325,364
31121,324,364
31122,326,364
31123,327,364
31124,328,364
31125,326,364
31126,326,364
31127,326,363
31128,326,363
31129,325,363
31130,325,364
31131,326,364
31132,326,363
31133,325,363
31134,324,364
31135,326,362
31136,324,363
31137,322,362
31138,321,363
31139,317,363
31140,320,362
31141,328,363
31142,326,364
31143,326,364
31144,332,365
31145,334,365
31146,336,365
31147,337,363
31148,337,360
31149,335,357
31150,338,354
31151,339,353
31152,340,344
31153,343,338
31154,346,334
31155,347,333
31156,348,332
31157,349,330
31158,349,332
31159,348,331
31160,348,330
31161,351,332
31162,351,332
31163,351,332
31164,352,331
31165,352,332
31166,354,333
31167,354,334
31168,356,335
31169,354,335
31170,354,336
31171,354,336
31172,354,336
31173,355,336
31174,354,336
31175,354,336
31176,354,336
31177,356,336
31178,355,336
31179,355,336
31180,356,336
31181,356,336
31182,357,336
31183,360,336
31184,359,335
31185,359,335
31186,360,334
31187,359,335
31188,360,335
31189,360,334
31190,358,333
31191,358,333
31192,358,333
31193,358,332
31194,358,332
31195,359,332
31196,358,332
31197,358,332
31198,358,332
31199,359,332
31200,356,331
31201,355,330
31202,355,330
31203,354,331
31204,353,332
31205,351,330
31206,350,330
31207,351,329
31208,351,328
31209,352,328
31210,351,328
31211,351,329
31212,351,329
31213,351,329
31214,350,330
31215,351,330
31216,352,331
31217,351,333
31218,353,334
31219,353,335
31220,353,337
31221,352,337
31222,353,337
31223,354,337
31224,354,335
31225,353,335
31226,353,335
31227,352,336
31228,353,337
31229,353,337
31230,353,337
31231,354,337
31232,353,337
31233,353,337
31234,353,337
31235,353,338
31236,353,337
31237,349,338
31238,348,338
31239,352,337
31240,354,338
31241,353,337
31242,352,337
31243,352,337
31244,352,337
31245,354,337
31246,354,337
31247,353,338
31248,351,336
31249,350,334
31250,349,333
31251,349,330
31252,355,327
31253,357,325
31254,357,322
31255,355,321
31256,351,320
31257,348,321
31258,346,322
31259,345,322
31260,345,319
31261,343,319
31262,343,319
31263,340,322
31264,338,324
31265,338,321
31266,336,320
31267,337,319
31268,336,320
31269,338,321
31270,338,322
31271,338,323
31272,339,324
31273,339,324
31274,339,325
31275,339,324
31276,341,325
31277,341,326
31278,341,326
31279,341,325
31280,341,326
31281,341,327
31282,342,329
31283,342,329
31284,341,327
31285,340,327
31286,339,326
31287,340,326
31288,339,327
31289,339,327
31290,340,327
31291,340,327
31292,340,327
31293,340,327
31294,339,327
31295,340,327
31296,340,336
31297,340,336
31298,340,331
31299,340,333
31300,340,328
31301,340,330
31302,341,333
31303,340,332
31304,340,327
31305,340,325
31306,340,327
31307,340,326
31308,340,326
31309,341,327
31310,341,327
31311,342,322
31312,342,322
31313,343,322
31314,343,323
31315,344,322
31316,344,323
31317,344,324
31318,344,324
31319,344,326
31320,344,327
31321,345,327
31322,345,328
31323,345,328
31324,345,328
31325,345,328
31326,346,328
31327,345,328
31328,345,328
31329,345,328
31330,345,328
31331,344,328
31332,344,327
31333,344,327
31334,345,325
31335,344,328
31336,344,323
31337,344,322
31338,344,321
31339,344,321
31340,344,324
31341,344,321
31342,344,321
31343,344,324
31344,344,321
31345,345,321
31346,343,328
31347,343,328
31348,343,326
31349,343,325
31350,342,328
31351,344,328
31352,345,334
31353,344,325
31354,344,326
31355,343,329
31356,343,329
31357,343,332
31358,343,332
31359,344,332
31360,343,333
31361,344,336
31362,344,336
31363,343,336
31364,342,337
31365,341,337
31366,341,338
31367,340,341
31368,340,341
31369,341,341
31370,341,341
31371,340,339
31372,343,342
31373,341,342
31374,338,343
31375,340,344
31376,338,345
31377,336,343
31378,336,343
31379,332,344
31380,330,344
31381,332,344
31382,331,344
31383,329,347
31384,326,348
31385,325,349
31386,321,350
31387,317,351
31388,314,354
31389,316,353
31390,319,356
31391,318,360
31392,313,361
31393,304,363
31394,314,365
31395,313,367
31396,312,367
31397,310,366
31398,310,366
31399,307,366
31400,307,365
31401,307,366
31402,307,366
31403,305,365
31404,295,368
31405,294,366
31406,293,367
31407,294,366
31408,293,367
31409,293,368
31410,291,368
31411,294,368
31412,294,368
31413,293,370
31414,295,371
31415,290,365
31416,289,364
31417,289,366
31418,289,368
31419,289,367
31420,288,364
31421,290,365
31422,287,362
31423,289,361
31424,280,360
31425,280,358
31426,274,357
31427,270,356
31428,273,356
31429,272,356
31430,270,356
31431,273,356
31432,270,355
31433,270,356
31434,269,356
31435,270,356
31436,271,357
31437,270,356
31438,269,356
31439,274,356
31440,275,356
31441,275,356
31442,275,356
31443,275,356
31444,276,356
31445,276,356
31446,277,356
31447,276,356
31448,276,356
31449,275,356
31450,276,356
31451,275,356
31452,269,356
31453,269,356
31454,273,356
31455,274,356
31456,279,356
31457,278,356
31458,272,355
31459,276,356
31460,272,355
31461,277,355
31462,274,354
31463,270,353
31464,274,353
31465,271,354
31466,270,354
31467,272,354
31468,278,354
31469,274,354
31470,275,353
31471,279,351
31472,283,350
31473,285,349
31474,288,348
31475,286,344
31476,288,343
31477,289,340
31478,301,337
31479,301,336
31480,305,334
31481,304,330
31482,311,327
31483,313,327
31484,312,324
31485,314,320
31486,314,320
31487,310,320
31488,312,317
31489,313,316
31490,314,316
31491,312,316
31492,313,316
31493,317,316
31494,323,316
31495,325,318
31496,326,318
31497,328,318
31498,332,318
31499,329,318
31500,327,317
31501,326,316
31502,325,317
31503,324,314
31504,321,313
31505,323,313
31506,321,319
31507,320,319
31508,325,312
31509,326,311
31510,327,310
31511,328,310
31512,325,313
31513,326,312
31514,323,314
31515,324,316
31516,326,317
31517,329,317
31518,332,316
31519,332,316
31520,331,314
31521,331,315
31522,328,316
31523,326,318
31524,325,317
31525,325,317
31526,325,318
31527,326,323
31528,324,316
31529,324,316
31530,324,315
31531,325,317
31532,325,314
31533,325,315
31534,325,316
31535,325,317
31536,325,317
31537,326,318
31538,327,319
31539,328,318
31540,328,319
31541,328,319
31542,329,320
31543,331,320
31544,332,321
31545,333,321
31546,335,321
31547,336,321
31548,334,319
31549,335,319
31550,336,319
31551,336,320
31552,335,320
31553,337,320
31554,338,319
31555,337,319
31556,337,320
31557,336,321
31558,335,321
31559,333,320
31560,333,323
31561,333,323
31562,332,322
31563,333,323
31564,332,321
31565,333,323
31566,333,323
31567,335,323
31568,334,321
31569,335,320
31570,335,320
31571,336,320
31572,336,319
31573,337,317
31574,338,317
31575,337,317
31576,336,317
31577,338,320
31578,337,316
31579,336,315
31580,335,316
31581,335,315
31582,335,316
31583,336,313
31584,334,312
31585,333,312
31586,331,307
31587,329,315
31588,326,317
31589,326,318
31590,326,308
31591,325,308
31592,324,307
31593,323,302
31594,324,305
31595,325,307
31596,324,304
31597,324,300
31598,323,300
31599,324,298
31600,323,296
31601,324,296
31602,325,297
31603,324,297
31604,324,296
31605,324,296
31606,325,296
31607,324,296
31608,324,296
31609,324,296
31610,324,296
31611,324,296
31612,324,296
31613,324,297
31614,324,296
31615,324,296
31616,323,296
31617,325,296
31618,325,296
31619,325,296
31620,325,296
31621,326,296
31622,326,296
31623,325,296
31624,325,296
31625,324,296
31626,325,296
31627,325,296
31628,325,297
31629,325,297
31630,326,297
31631,326,297
31632,326,298
31633,326,298
31634,326,298
31635,326,298
31636,326,298
31637,327,298
31638,326,298
31639,326,298
31640,326,299
31641,327,298
31642,326,300
31643,326,301
31644,327,301
31645,327,301
31646,327,303
31647,326,306
31648,326,305
31649,326,305
31650,326,306
31651,327,306
31652,327,307
31653,326,306
31654,325,307
31655,325,306
31656,325,307
31657,325,307
31658,325,307
31659,325,307
31660,325,307
31661,324,305
31662,325,305
31663,324,303
31664,325,303
31665,325,302
31666,325,301
31667,325,301
31668,325,301
31669,325,301
31670,325,302
31671,325,303
31672,325,302
31673,325,304
31674,326,306
31675,326,317
31676,329,324
31677,330,326
31678,330,327
31679,330,328
31680,330,330
31681,331,330
31682,330,332
31683,331,332
31684,331,332
31685,333,333
31686,333,332
31687,334,333
31688,333,333
31689,332,334
31690,330,334
31691,329,334
31692,327,333
31693,328,334
31694,327,333
31695,326,337
31696,322,338
31697,314,340
31698,316,340
31699,315,340
31700,314,340
31701,315,340
31702,314,340
31703,315,340
31704,315,338
31705,313,337
31706,313,339
31707,313,341
31708,315,343
31709,314,343
31710,316,341
31711,318,342
31712,319,342
31713,317,343
31714,329,343
31715,321,346
31716,321,347
31717,317,349
31718,318,350
31719,319,352
31720,320,353
31721,318,354
31722,313,355
31723,311,355
31724,307,354
31725,306,354
31726,305,354
31727,303,355
31728,305,355
31729,303,355
31730,306,355
31731,308,354
31732,307,354
31733,305,354
31734,304,353
31735,305,352
31736,306,352
31737,304,349
31738,303,349
31739,303,349
31740,305,349
31741,305,349
31742,305,349
31743,306,349
31744,304,349
31745,305,349
31746,308,349
31747,308,350
31748,307,350
31749,307,350
31750,308,349
31751,308,349
31752,306,351
31753,304,351
31754,308,352
31755,304,352
31756,306,353
31757,303,353
31758,304,353
31759,305,353
31760,305,353
31761,306,353
31762,302,354
31763,305,356
31764,307,355
31765,314,353
31766,318,355
31767,313,355
31768,312,357
31769,313,357
31770,313,357
31771,312,355
31772,313,354
31773,313,353
31774,313,348
31775,311,343
31776,312,337
31777,310,333
31778,310,335
31779,309,334
31780,312,330
31781,308,325
31782,308,325
31783,309,324
31784,310,324
31785,310,324
31786,312,322
31787,312,322
31788,311,323
31789,312,324
31790,313,325
31791,317,327
31792,318,328
31793,320,328
31794,321,329
31795,322,329
31796,322,331
31797,322,334
31798,321,335
31799,318,334
31800,319,335
31801,319,336
31802,319,338
31803,319,339
31804,319,340
31805,318,341
31806,319,340
31807,319,341
31808,323,340
31809,325,340
31810,325,339
31811,325,339
31812,324,339
31813,325,339
31814,324,339
31815,323,339
31816,323,339
31817,325,339
31818,324,339
31819,323,339
31820,324,339
31821,326,339
31822,323,340
31823,324,340
31824,322,340
31825,318,341
31826,317,342
31827,317,342
31828,317,342
31829,317,342
31830,317,342
31831,315,341
31832,314,341
31833,314,340
31834,315,339
31835,315,338
31836,314,339
31837,314,338
31838,314,337
31839,314,338
31840,314,338
31841,315,337
31842,315,338
31843,315,338
31844,316,338
31845,315,337
31846,315,337
31847,314,339
31848,315,341
31849,314,340
31850,314,342
31851,314,342
31852,311,342
31853,309,341
31854,308,342
31855,309,342
31856,310,342
31857,313,342
31858,314,343
31859,313,343
31860,313,342
31861,313,343
31862,313,343
31863,312,342
31864,312,343
31865,312,342
31866,312,343
31867,313,342
31868,313,342
31869,313,342
31870,312,341
31871,313,341
31872,310,342
31873,311,341
31874,310,342
31875,307,341
31876,309,342
31877,309,341
31878,309,340
31879,310,340
31880,310,340
31881,311,340
31882,311,340
31883,311,340
31884,312,340
31885,311,340
31886,311,340
31887,311,340
31888,310,340
31889,311,340
31890,311,339
31891,311,339
31892,311,337
31893,311,338
31894,310,339
31895,310,338
31896,311,340
31897,311,340
31898,311,340
31899,310,339
31900,311,339
31901,311,338
31902,311,340
31903,312,341
31904,312,342
31905,312,342
31906,311,341
31907,312,341
31908,312,340
31909,312,342
31910,313,343
31911,314,344
31912,315,345
31913,315,345
31914,315,345
31915,314,346
31916,314,346
31917,313,347
31918,313,350
31919,312,348
31920,314,348
31921,313,348
31922,314,349
31923,313,349
31924,314,350
31925,314,351
31926,313,351
31927,314,351
31928,313,351
31929,313,352
31930,314,352
31931,316,352
31932,315,354
31933,315,354
31934,316,352
31935,315,352
31936,314,351
31937,314,352
31938,314,352
31939,311,352
31940,310,352
31941,312,351
31942,311,351
31943,311,351
31944,311,351
31945,311,352
31946,312,352
31947,314,351
31948,314,351
31949,316,351
31950,317,352
31951,317,352
31952,317,352
31953,317,352
31954,316,352
31955,317,352
31956,316,352
31957,316,351
31958,315,351
31959,317,353
31960,319,352
31961,316,352
31962,316,353
31963,314,354
31964,313,356
31965,311,358
31966,313,361
31967,316,362
31968,314,362
31969,311,364
31970,299,366
31971,289,365
31972,299,363
31973,295,364
31974,295,361
31975,295,360
31976,301,358
31977,304,357
31978,306,356
31979,304,357
31980,304,358
31981,305,359
31982,304,359
31983,299,361
31984,298,361
31985,297,360
31986,295,361
31987,296,360
31988,295,360
31989,293,359
31990,291,358
31991,292,358
31992,291,358
31993,292,358
31994,293,358
31995,289,358
31996,288,357
31997,289,355
31998,291,358
31999,288,359
32000,286,361
32001,288,363
32002,287,362
32003,291,362
32004,292,361
32005,291,363
32006,288,363
32007,286,363
32008,287,363
32009,287,363
32010,287,363
32011,285,363
32012,283,363
32013,283,363
32014,284,364
32015,284,364
32016,284,364
32017,284,364
32018,284,364
32019,285,364
32020,288,365
32021,287,365
32022,286,365
32023,287,365
32024,288,366
32025,287,366
32026,286,366
32027,284,366
32028,284,366
32029,285,366
32030,288,366
32031,288,366
32032,288,365
32033,289,365
32034,287,366
32035,289,366
32036,289,366
32037,287,367
32038,286,369
32039,285,369
32040,282,369
32041,280,368
32042,281,366
32043,280,365
32044,282,365
32045,284,366
32046,282,367
32047,277,371
32048,282,372
32049,284,372
32050,286,374
32051,285,375
32052,284,375
32053,286,375
32054,287,375
32055,287,374
32056,292,372
32057,298,371
32058,301,367
32059,303,367
32060,304,363
32061,307,356
32062,308,353
32063,316,346
32064,317,343
32065,316,340
32066,314,340
32067,315,335
32068,317,335
32069,319,333
32070,319,332
32071,317,331
32072,318,330
32073,317,329
32074,317,328
32075,318,328
32076,317,331
32077,316,328
32078,319,331
32079,320,334
32080,320,336
32081,322,338
32082,324,339
32083,326,340
32084,326,342
32085,325,344
32086,324,344
32087,327,345
32088,328,345
32089,327,346
32090,328,345
32091,328,344
32092,329,344
32093,329,344
32094,329,342
32095,329,342
32096,329,342
32097,330,342
32098,329,342
32099,329,341
32100,329,341
32101,330,342
32102,330,341
32103,330,341
32104,329,340
32105,329,340
32106,330,341
32107,330,342
32108,331,342
32109,330,342
32110,331,344
32111,329,344
32112,329,343
32113,330,344
32114,330,344
32115,330,346
32116,328,347
32117,329,348
32118,328,348
32119,328,348
32120,328,348
32121,328,348
32122,329,347
32123,329,348
32124,327,348
32125,326,348
32126,325,348
32127,326,348
32128,326,349
32129,326,349
32130,326,349
32131,325,349
32132,324,350
32133,325,350
32134,323,351
32135,324,351
32136,322,351
32137,323,350
32138,324,350
32139,325,350
32140,325,350
32141,326,350
32142,325,349
32143,325,349
32144,326,349
32145,326,349
32146,326,349
32147,325,350
32148,325,349
32149,324,349
32150,325,349
32151,325,349
32152,325,349
32153,325,349
32154,326,348
32155,326,348
32156,325,347
32157,324,348
32158,323,345
32159,320,344
32160,316,342
32161,315,342
32162,314,342
32163,312,344
32164,312,344
32165,311,344
32166,311,344
32167,309,345
32168,310,345
32169,310,345
32170,310,345
32171,310,345
32172,310,346
32173,312,348
32174,311,346
32175,313,347
32176,313,347
32177,312,345
32178,312,345
32179,313,345
32180,313,344
32181,313,343
32182,313,345
32183,313,345
32184,313,345
32185,314,343
32186,314,347
32187,313,347
32188,312,347
32189,313,347
32190,312,348
32191,311,344
32192,311,344
32193,310,343
32194,311,343
32195,311,344
32196,311,344
32197,311,345
32198,311,345
32199,311,344
32200,311,345
32201,312,345
32202,311,345
32203,311,345
32204,311,345
32205,312,345
32206,311,346
32207,312,349
32208,312,349
32209,312,349
32210,312,349
32211,310,345
32212,311,343
32213,312,349
32214,311,344
32215,311,345
32216,313,349
32217,314,349
32218,314,349
32219,313,349
32220,313,349
32221,313,349
32222,314,349
32223,314,349
32224,314,350
32225,313,350
32226,313,350
32227,312,351
32228,313,351
32229,313,352
32230,314,351
32231,313,352
32232,314,352
32233,315,352
32234,313,352
32235,314,353
32236,313,352
32237,315,352
32238,316,352
32239,315,353
32240,314,353
32241,316,354
32242,320,355
32243,319,355
32244,322,356
32245,322,357
32246,320,356
32247,318,355
32248,316,355
32249,316,355
32250,315,355
32251,316,355
32252,315,354
32253,314,355
32254,314,355
32255,315,355
32256,316,355
32257,319,356
32258,319,356
32259,318,356
32260,320,356
32261,320,355
32262,319,355
32263,319,355
32264,317,355
32265,318,355
32266,318,355
32267,320,354
32268,320,354
32269,321,350
32270,316,351
32271,315,352
32272,313,351
32273,310,348
32274,308,347
32275,308,344
32276,307,344
32277,308,343
32278,304,342
32279,303,344
32280,305,346
32281,307,347
32282,300,347
32283,305,347
32284,301,347
32285,303,348
32286,299,349
32287,303,351
32288,298,351
32289,300,353
32290,303,355
32291,301,356
32292,301,358
32293,303,359
32294,305,359
32295,303,360
32296,301,359
32297,301,359
32298,300,359
32299,299,358
32300,298,357
32301,297,357
32302,299,357
32303,300,356
32304,296,355
32305,296,355
32306,297,354
32307,296,352
32308,296,352
32309,295,352
32310,296,352
32311,298,351
32312,295,352
32313,296,352
32314,297,352
32315,301,351
32316,301,352
32317,302,353
32318,306,352
32319,310,353
32320,314,353
32321,316,353
32322,315,354
32323,320,355
32324,321,357
32325,321,358
32326,323,358
32327,322,356
32328,323,356
32329,323,357
32330,322,357
32331,323,355
32332,323,352
32333,321,354
32334,322,356
32335,325,357
32336,326,360
32337,327,364
32338,328,366
32339,327,367
32340,328,367
32341,327,366
32342,325,367
32343,322,366
32344,318,366
32345,316,369
32346,319,369
32347,320,372
32348,322,372
32349,319,372
32350,318,371
32351,317,370
32352,317,370
32353,315,368
32354,316,367
32355,319,367
32356,320,367
32357,318,366
32358,317,366
32359,315,366
32360,315,366
32361,315,366
32362,315,366
32363,316,366
32364,317,366
32365,315,366
32366,316,369
32367,314,367
32368,314,367
32369,313,367
32370,312,366
32371,315,368
32372,315,368
32373,314,368
32374,315,368
32375,315,368
32376,314,368
32377,314,369
32378,314,369
32379,314,369
32380,314,369
32381,314,369
32382,314,369
32383,313,369
32384,311,369
32385,311,369
32386,310,368
32387,309,368
32388,309,368
32389,309,368
32390,308,368
32391,309,369
32392,311,368
32393,310,369
32394,311,368
32395,311,368
32396,311,368
32397,311,368
32398,310,368
32399,309,367
32400,310,367
32401,311,367
32402,311,367
32403,310,367
32404,309,370
32405,312,370
32406,315,367
32407,319,367
32408,320,367
32409,319,368
32410,317,368
32411,318,367
32412,318,368
32413,318,367
32414,319,368
32415,321,369
32416,322,370
32417,323,371
32418,322,374
32419,322,373
32420,324,374
32421,330,376
32422,332,376
32423,328,376
32424,323,371
32425,314,365
32426,308,360
32427,307,355
32428,306,353
32429,304,353
32430,302,351
32431,302,351
32432,302,352
32433,302,350
32434,305,351
32435,304,350
32436,301,350
32437,301,351
32438,301,351
32439,302,352
32440,302,351
32441,303,352
32442,302,352
32443,303,352
32444,303,352
32445,303,352
32446,303,352
32447,302,353
32448,303,351
32449,303,350
32450,303,349
32451,303,350
32452,303,348
32453,303,348
32454,303,348
32455,302,347
32456,302,346
32457,301,346
32458,301,348
32459,301,348
32460,301,347
32461,301,347
32462,301,348
32463,301,348
32464,301,347
32465,301,348
32466,301,348
32467,301,348
32468,301,348
32469,300,348
32470,300,348
32471,300,349
32472,301,348
32473,300,347
32474,300,348
32475,300,350
32476,300,348
32477,300,348
32478,301,349
32479,301,350
32480,300,349
32481,300,352
32482,301,351
32483,301,351
32484,301,351
32485,302,350
32486,302,350
32487,303,350
32488,302,350
32489,302,349
32490,302,349
32491,303,350
32492,302,351
32493,302,351
32494,302,351
32495,303,351
32496,302,351
32497,303,351
32498,303,351
32499,303,351
32500,303,351
32501,303,352
32502,303,352
32503,304,353
32504,304,355
32505,305,355
32506,306,357
32507,306,358
32508,307,360
32509,308,361
32510,309,360
32511,306,355
32512,308,353
32513,308,355
32514,310,359
32515,307,355
32516,308,358
32517,309,360
32518,310,361
32519,311,363
32520,311,365
32521,312,366
32522,312,368
32523,314,370
32524,316,370
32525,321,371
32526,323,372
32527,323,371
32528,324,372
32529,324,373
32530,326,371
32531,324,372
32532,327,371
32533,324,371
32534,328,371
32535,328,371
32536,326,370
32537,334,371
32538,334,372
32539,331,373
32540,322,373
32541,319,374
32542,316,373
32543,312,372
32544,313,373
32545,308,371
32546,312,372
32547,306,369
32548,305,368
32549,308,366
32550,304,365
32551,295,366
32552,300,364
32553,295,366
32554,297,362
32555,293,363
32556,293,362
32557,293,362
32558,293,361
32559,293,361
32560,290,360
32561,290,360
32562,288,359
32563,294,357
32564,295,358
32565,292,357
32566,289,354
32567,290,350
32568,286,350
32569,286,347
32570,286,344
32571,285,343
32572,287,343
32573,288,340
32574,290,339
32575,291,340
32576,288,340
32577,287,340
32578,286,340
32579,284,339
32580,284,339
32581,284,338
32582,283,341
32583,282,344
32584,285,348
32585,275,351
32586,275,354
32587,278,350
32588,272,341
32589,273,340
32590,269,336
32591,273,334
32592,273,349
32593,272,352
32594,278,355
32595,274,355
32596,274,355
32597,275,359
32598,275,360
32599,270,358
32600,266,362
32601,264,361
32602,267,356
32603,268,356
32604,266,357
32605,263,363
32606,265,357
32607,263,362
32608,267,358
32609,266,357
32610,267,358
32611,267,358
32612,267,358
32613,269,358
32614,270,358
32615,270,357
32616,267,357
32617,267,357
32618,259,361
32619,268,357
32620,263,361
32621,269,357
32622,268,356
32623,270,357
32624,272,358
32625,272,359
32626,265,362
32627,264,362
32628,263,363
32629,263,363
32630,263,363
32631,265,363
32632,265,364
32633,269,368
32634,272,366
32635,272,365
32636,270,368
32637,274,363
32638,274,361
32639,272,363
32640,279,353
32641,279,350
32642,277,355
32643,279,354
32644,279,353
32645,282,347
32646,280,348
32647,280,343
32648,284,344
32649,279,344
32650,273,342
32651,279,342
32652,277,342
32653,281,342
32654,300,343
32655,309,342
32656,308,344
32657,304,344
32658,310,341
32659,311,341
32660,315,341
32661,317,337
32662,316,333
32663,317,330
32664,318,328
32665,319,327
32666,316,325
32667,315,324
32668,311,324
32669,310,324
32670,309,324
32671,311,328
32672,311,329
32673,310,325
32674,310,335
32675,312,339
32676,316,337
32677,316,338
32678,317,340
32679,317,339
32680,317,340
32681,315,338
32682,316,341
32683,316,340
32684,315,339
32685,316,339
32686,315,340
32687,314,337
32688,314,337
32689,313,335
32690,311,331
32691,312,331
32692,314,333
32693,312,332
32694,314,338
32695,314,338
32696,313,337
32697,314,339
32698,315,338
32699,315,339
32700,315,339
32701,316,338
32702,315,339
32703,315,341
32704,315,341
32705,315,342
32706,314,343
32707,314,344
32708,314,345
32709,313,344
32710,312,344
32711,313,344
32712,315,344
32713,314,345
32714,309,344
32715,309,344
32716,307,343
32717,309,343
32718,310,343
32719,307,342
32720,310,342
32721,309,343
32722,307,342
32723,309,342
32724,307,342
32725,307,342
32726,307,342
32727,308,342
32728,308,341
32729,311,341
32730,309,342
32731,309,341
32732,310,341
32733,310,341
32734,313,340
32735,313,340
32736,312,340
32737,310,341
32738,311,341
32739,309,341
32740,309,342
32741,309,342
32742,312,342
32743,309,342
32744,309,343
32745,308,343
32746,308,344
32747,308,344
32748,308,344
32749,308,345
32750,308,344
32751,310,344
32752,307,347
32753,308,347
32754,307,348
32755,307,348
32756,307,348
32757,307,348
32758,308,350
32759,308,350
32760,309,351
32761,310,351
32762,312,351
32763,312,352
32764,312,352
32765,312,351
32766,311,351
32767,312,352
32768,311,353
32769,310,353
32770,311,352
32771,312,350
32772,313,355
32773,312,354
32774,311,355
32775,311,355
32776,312,355
32777,313,355
32778,313,356
32779,313,356
32780,313,356
32781,312,357
32782,313,355
32783,314,355
32784,315,354
32785,315,355
32786,314,358
32787,315,358
32788,319,358
32789,320,358
32790,320,359
32791,321,361
32792,318,364
32793,320,367
32794,324,368
32795,323,371
32796,320,371
32797,326,371
32798,328,371
32799,332,371
32800,330,372
32801,331,373
32802,329,373
32803,326,373
32804,325,373
32805,324,373
32806,317,373
32807,317,373
32808,313,373
32809,314,372
32810,312,373
32811,317,372
32812,317,372
32813,318,371
32814,316,370
32815,315,370
32816,315,373
32817,312,374
32818,313,373
32819,314,364
32820,300,361
32821,305,365
32822,293,374
32823,291,373
32824,292,374
32825,297,373
32826,299,369
32827,299,365
32828,293,359
32829,294,355
32830,295,352
32831,296,354
32832,296,353
32833,295,351
32834,298,351
32835,301,353
32836,301,351
32837,304,351
32838,304,354
32839,305,363
32840,305,365
32841,308,368
32842,307,369
32843,306,370
32844,308,370
32845,308,370
32846,307,370
32847,306,370
32848,306,370
32849,305,370
32850,304,371
32851,303,371
32852,304,371
32853,304,371
32854,306,371
32855,307,371
32856,308,371
32857,308,371
32858,308,371
32859,308,371
32860,308,371
32861,308,371
32862,308,371
32863,309,371
32864,310,371
32865,310,371
32866,310,371
32867,309,371
32868,309,370
32869,310,370
32870,309,371
32871,308,370
32872,308,369
32873,307,369
32874,307,366
32875,307,365
32876,307,362
32877,307,365
32878,307,360
32879,308,368
32880,298,367
32881,298,369
32882,299,366
32883,300,364
32884,299,367
32885,300,366
32886,303,368
32887,304,369
32888,304,369
32889,306,370
32890,307,370
32891,307,371
32892,305,371
32893,304,371
32894,303,370
32895,299,372
32896,303,371
32897,308,371
32898,306,371
32899,308,371
32900,308,372
32901,307,374
32902,308,374
32903,307,375
32904,302,376
32905,303,377
32906,309,376
32907,308,376
32908,304,376
32909,309,376
32910,298,376
32911,297,375
32912,302,374
32913,302,375
32914,306,376
32915,308,375
32916,312,375
32917,319,374
32918,312,375
32919,311,374
32920,318,373
32921,314,368
32922,315,375
32923,325,376
32924,322,373
32925,323,372
32926,325,370
32927,322,366
32928,321,361
32929,310,360
32930,310,358
32931,331,352
32932,315,352
32933,340,345
32934,340,339
32935,348,334
32936,350,328
32937,354,324
32938,357,317
32939,359,316
32940,357,316
32941,355,312
32942,353,312
32943,351,308
32944,352,302
32945,352,298
32946,354,293
32947,355,291
32948,355,293
32949,354,295
32950,356,299
32951,357,299
32952,360,298
32953,363,297
32954,364,299
32955,364,299
32956,365,299
32957,365,297
32958,366,299
32959,364,299
32960,362,299
32961,361,298
32962,360,298
32963,360,302
32964,360,303
32965,358,305
32966,360,305
32967,359,304
32968,359,305
32969,359,306
32970,359,308
32971,358,307
32972,357,310
32973,358,312
32974,357,313
32975,357,314
32976,357,315
32977,358,315
32978,358,316
32979,358,316
32980,357,317
32981,358,317
32982,357,318
32983,357,318
32984,357,316
32985,356,319
32986,356,315
32987,357,315
32988,357,315
32989,357,315
32990,358,315
32991,356,315
32992,356,316
32993,355,317
32994,355,318
32995,354,320
32996,355,322
32997,353,323
32998,353,323
32999,353,324
33000,352,326
33001,352,327
33002,352,327
33003,352,328
33004,352,328
33005,352,328
33006,353,328
33007,351,328
33008,351,328
33009,351,328
33010,352,328
33011,351,328
33012,352,328
33013,352,328
33014,352,328
33015,352,328
33016,353,328
33017,352,328
33018,352,328
33019,352,328
33020,351,331
33021,351,332
33022,351,334
33023,351,334
33024,351,334
33025,351,337
33026,351,337
33027,351,337
33028,354,335
33029,353,335
33030,353,335
33031,353,336
33032,352,336
33033,352,336
33034,351,336
33035,350,336
33036,350,336
33037,349,337
33038,349,338
33039,349,339
33040,349,339
33041,349,340
33042,349,339
33043,349,340
33044,349,340
33045,348,340
33046,347,340
33047,348,340
33048,348,339
33049,347,339
33050,347,338
33051,347,339
33052,348,340
33053,347,340
33054,347,340
33055,350,339
33056,348,340
33057,352,339
33058,349,341
33059,349,340
33060,349,340
33061,349,341
33062,349,340
33063,349,340
33064,349,340
33065,349,340
33066,348,340
33067,347,340
33068,348,340
33069,348,340
33070,348,340
33071,348,340
33072,347,343
33073,344,342
33074,346,343
33075,344,344
33076,342,344
33077,347,348
33078,350,348
33079,346,349
33080,341,348
33081,337,349
33082,336,347
33083,338,347
33084,346,350
33085,338,350
33086,336,353
33087,333,352
33088,336,352
33089,337,352
33090,338,352
33091,337,352
33092,335,352
33093,334,353
33094,333,354
33095,335,357
33096,338,356
33097,336,356
33098,339,356
33099,341,355
33100,342,357
33101,341,356
33102,339,354
33103,337,353
33104,336,354
33105,334,358
33106,334,362
33107,327,362
33108,327,364
33109,324,365
33110,319,366
33111,317,367
33112,317,366
33113,315,362
33114,316,361
33115,305,363
33116,308,363
33117,305,366
33118,304,364
33119,305,363
33120,307,361
33121,303,359
33122,304,358
33123,307,359
33124,307,359
33125,312,360
33126,312,360
33127,316,362
33128,316,361
33129,315,362
33130,318,362
33131,318,362
33132,319,362
33133,318,362
33134,318,362
33135,318,362
33136,318,362
33137,317,362
33138,317,362
33139,313,362
33140,303,362
33141,303,361
33142,304,362
33143,305,362
33144,306,362
33145,307,360
33146,306,359
33147,312,359
33148,309,360
33149,307,359
33150,307,359
33151,307,359
33152,309,360
33153,308,359
33154,308,359
33155,308,359
33156,309,359
33157,312,359
33158,312,359
33159,311,359
33160,312,359
33161,311,358
33162,311,358
33163,310,359
33164,310,359
33165,310,359
33166,309,359
33167,312,358
33168,312,358
33169,310,358
33170,310,358
33171,309,358
33172,307,358
33173,308,358
33174,309,358
33175,309,357
33176,310,357
33177,305,356
33178,306,356
33179,307,357
33180,306,356
33181,309,356
33182,309,357
33183,307,356
33184,308,356
33185,306,356
33186,306,356
33187,304,355
33188,305,355
33189,307,356
33190,306,356
33191,307,356
33192,308,356
33193,311,357
33194,312,357
33195,315,358
33196,318,358
33197,319,360
33198,320,361
33199,320,363
33200,322,363
33201,322,363
33202,323,363
33203,326,363
33204,325,364
33205,327,364
33206,327,364
33207,329,360
33208,330,357
33209,331,354
33210,331,351
33211,334,351
33212,334,341
33213,336,340
33214,340,338
33215,341,330
33216,343,330
33217,343,330
33218,344,337
33219,345,321
33220,348,321
33221,351,314
33222,352,314
33223,356,312
33224,358,319
33225,364,304
33226,373,293
33227,377,317
33228,379,306
33229,384,286
33230,386,288
33231,388,287
33232,389,287
33233,388,286
33234,392,286
33235,394,289
33236,396,286
33237,395,289
33238,396,287
33239,397,286
33240,395,285
33241,396,283
33242,395,279
33243,398,275
33244,398,277
33245,397,276
33246,399,275
33247,399,274
33248,399,278
33249,397,276
33250,394,273
33251,396,272
33252,395,270
33253,392,270
33254,391,269
33255,388,267
33256,388,263
33257,388,263
33258,388,265
33259,388,265
33260,388,268
33261,389,267
33262,387,268
33263,388,268
33264,386,270
33265,384,270
33266,381,271
33267,380,272
33268,377,272
33269,374,272
33270,374,273
33271,375,273
33272,373,273
33273,373,273
33274,371,272
33275,374,271
33276,372,273
33277,373,274
33278,371,276
33279,373,278
33280,371,281
33281,366,289
33282,363,293
33283,362,309
33284,356,311
33285,354,313
33286,352,317
33287,348,317
33288,348,318
33289,349,320
33290,348,321
33291,343,320
33292,344,320
33293,343,325
33294,343,323
33295,341,324
33296,341,323
33297,339,323
33298,338,323
33299,338,322
33300,342,323
33301,337,321
33302,336,321
33303,337,319
33304,335,320
33305,337,320
33306,338,320
33307,338,320
33308,337,320
33309,338,320
33310,338,320
33311,338,320
33312,338,319
33313,338,319
33314,338,320
33315,339,319
33316,339,320
33317,340,320
33318,340,320
33319,341,320
33320,340,319
33321,341,320
33322,340,319
33323,340,319
33324,340,319
33325,340,320
33326,341,320
33327,341,320
33328,342,321
33329,342,321
33330,341,320
33331,341,319
33332,341,320
33333,344,320
33334,345,320
33335,345,319
33336,346,320
33337,346,321
33338,346,319
33339,346,320
33340,345,320
33341,348,320
33342,347,320
33343,347,320
33344,348,320
33345,345,319
33346,346,320
33347,346,321
33348,344,319
33349,343,320
33350,350,320
33351,355,321
33352,356,320
33353,367,318
33354,364,300
33355,379,298
33356,378,298
33357,383,298
33358,384,296
33359,382,297
33360,384,300
33361,383,302
33362,382,305
33363,379,306
33364,378,307
33365,375,308
33366,371,309
33367,369,309
33368,366,309
33369,365,312
33370,363,317
33371,350,321
33372,345,324
33373,342,327
33374,339,334
33375,332,338
33376,328,342
33377,327,344
33378,330,346
33379,331,346
33380,331,347
33381,334,344
33382,334,343
33383,335,342
33384,340,343
33385,350,344
33386,350,348
33387,338,346
33388,351,345
33389,350,345
33390,352,345
33391,352,346
33392,346,346
33393,348,348
33394,350,349
33395,345,342
33396,346,341
33397,340,340
33398,341,336
33399,335,334
33400,332,331
33401,329,327
33402,328,323
33403,317,322
33404,307,313
33405,303,313
33406,306,314
33407,307,314
33408,304,315
33409,300,318
33410,300,316
33411,297,318
33412,296,318
33413,293,319
33414,280,319
33415,280,319
33416,278,318
33417,280,319
33418,283,319
33419,285,319
33420,287,322
33421,285,322
33422,285,321
33423,286,318
33424,282,317
33425,286,317
33426,279,316
33427,284,315
33428,282,314
33429,278,312
33430,276,313
33431,278,313
33432,276,309
33433,275,310
33434,275,309
33435,275,309
33436,275,309
33437,275,310
33438,274,309
33439,276,308
33440,274,307
33441,275,308
33442,272,307
33443,270,306
33444,272,306
33445,271,305
33446,273,304
33447,271,303
33448,272,303
33449,271,303
33450,268,304
33451,268,304
33452,265,304
33453,264,304
33454,263,303
33455,262,303
33456,263,304
33457,266,304
33458,268,303
33459,269,303
33460,268,302
33461,271,305
33462,269,304
33463,266,302
33464,264,303
33465,262,303
33466,263,303
33467,263,303
33468,263,303
33469,264,303
33470,263,304
33471,263,303
33472,266,304
33473,266,304
33474,266,304
33475,264,304
33476,262,304
33477,261,304
33478,261,304
33479,261,304
33480,267,304
33481,268,304
33482,265,304
33483,265,304
33484,263,304
33485,262,303
33486,262,304
33487,262,304
33488,262,303
33489,261,303
33490,260,303
33491,260,302
33492,260,302
33493,260,302
33494,260,302
33495,260,302
33496,260,302
33497,260,302
33498,260,302
33499,260,302
33500,261,302
33501,260,302
33502,260,302
33503,261,302
33504,259,302
33505,259,302
33506,258,302
33507,257,301
33508,257,302
33509,259,304
33510,260,304
33511,261,304
33512,261,305
33513,261,306
33514,262,304
33515,262,304
33516,264,306
33517,263,304
33518,263,304
33519,264,304
33520,263,305
33521,263,305
33522,264,305
33523,260,305
33524,258,305
33525,256,305
33526,258,301
33527,258,304
33528,266,302
33529,271,302
33530,274,301
33531,277,300
33532,283,300
33533,287,301
33534,289,303
33535,291,305
33536,296,306
33537,297,310
33538,297,310
33539,300,310
33540,300,309
33541,302,309
33542,305,312
33543,307,314
33544,309,315
33545,286,316
33546,292,321
33547,309,324
33548,295,325
33549,314,325
33550,318,325
33551,315,326
33552,321,327
33553,319,329
33554,321,328
33555,319,328
33556,317,324
33557,317,314
33558,317,315
33559,319,316
33560,320,312
33561,323,308
33562,325,305
33563,324,306
33564,329,304
33565,333,302
33566,335,302
33567,337,303
33568,342,302
33569,344,302
33570,348,304
33571,349,303
33572,352,304
33573,358,304
33574,359,303
33575,356,303
33576,352,303
33577,348,303
33578,346,304
33579,343,306
33580,340,307
33581,335,308
33582,333,307
33583,335,303
33584,331,303
33585,331,304
33586,330,305
33587,331,305
33588,330,306
33589,329,313
33590,333,307
33591,332,307
33592,330,316
33593,331,314
33594,332,312
33595,334,308
33596,331,310
33597,329,312
33598,328,313
33599,327,313
33600,329,315
33601,327,315
33602,328,315
33603,328,316
33604,327,316
33605,325,316
33606,326,315
33607,326,317
33608,326,316
33609,326,317
33610,326,316
33611,328,314
33612,329,314
33613,329,314
33614,328,316
33615,328,316
33616,329,316
33617,328,317
33618,329,316
33619,328,317
33620,328,317
33621,327,318
33622,326,317
33623,325,317
33624,324,317
33625,323,317
33626,324,317
33627,324,317
33628,324,320
33629,324,321
33630,327,320
33631,325,323
33632,326,323
33633,326,323
33634,326,323
33635,327,323
33636,325,325
33637,325,329
33638,325,329
33639,325,325
33640,324,325
33641,325,326
33642,325,326
33643,325,327
33644,326,326
33645,325,326
33646,326,325
33647,325,327
33648,326,327
33649,326,327
33650,325,327
33651,326,327
33652,326,328
33653,327,328
33654,325,329
33655,325,330
33656,322,331
33657,321,331
33658,321,332
33659,322,332
33660,323,333
33661,322,333
33662,324,334
33663,324,334
33664,324,335
33665,324,335
33666,326,335
33667,326,335
33668,326,334
33669,326,335
33670,324,334
33671,325,335
33672,323,335
33673,324,336
33674,323,337
33675,324,337
33676,324,339
33677,325,339
33678,325,339
33679,326,340
33680,327,340
33681,327,339
33682,327,340
33683,326,339
33684,327,339
33685,328,338
33686,327,338
33687,328,338
33688,327,339
33689,328,339
33690,329,340
33691,329,340
33692,335,341
33693,335,341
33694,338,342
33695,337,343
33696,341,345
33697,342,345
33698,345,346
33699,346,346
33700,347,347
33701,346,347
33702,346,348
33703,346,348
33704,341,349
33705,341,349
33706,337,349
33707,335,349
33708,329,351
33709,333,350
33710,332,350
33711,332,351
33712,337,349
33713,336,349
33714,334,350
33715,334,350
33716,333,350
33717,332,351
33718,330,351
33719,330,351
33720,331,353
33721,330,353
33722,330,353
33723,330,353
33724,330,352
33725,329,352
33726,329,352
33727,328,352
33728,328,352
33729,329,353
33730,328,352
33731,329,353
33732,330,352
33733,329,352
33734,328,352
33735,328,352
33736,325,352
33737,323,354
33738,326,352
33739,327,353
33740,328,353
33741,327,353
33742,328,353
33743,326,353
33744,326,353
33745,322,352
33746,326,352
33747,327,352
33748,327,352
33749,331,354
33750,329,352
33751,327,351
33752,327,350
33753,327,349
33754,327,349
33755,327,346
33756,328,346
33757,330,345
33758,328,345
33759,329,345
33760,330,346
33761,329,348
33762,331,347
33763,330,349
33764,331,355
33765,330,357
33766,331,358
33767,331,357
33768,331,358
33769,331,358
33770,331,357
33771,332,356
33772,330,355
33773,330,355
33774,327,355
33775,326,355
33776,324,355
33777,316,355
33778,316,354
33779,314,354
33780,314,354
33781,315,354
33782,315,354
33783,316,354
33784,316,354
33785,316,354
33786,316,354
33787,321,354
33788,321,355
33789,322,355
33790,316,354
33791,322,355
33792,322,355
33793,315,354
33794,314,354
33795,315,355
33796,315,354
33797,321,355
33798,321,355
33799,318,356
33800,319,356
33801,318,356
33802,318,356
33803,318,356
33804,318,356
33805,321,355
33806,320,355
33807,314,355
33808,314,355
33809,314,355
33810,311,354
33811,312,354
33812,312,354
33813,315,354
33814,312,353
33815,314,354
33816,312,355
33817,315,356
33818,319,356
33819,320,355
33820,318,355
33821,319,354
33822,323,355
33823,325,354
33824,325,356
33825,324,357
33826,321,357
33827,317,355
33828,318,353
33829,317,352
33830,317,346
33831,319,345
33832,322,345
33833,326,341
33834,327,341
33835,329,342
33836,334,347
33837,333,340
33838,339,340
33839,342,339
33840,350,335
33841,353,334
33842,357,332
33843,358,332
33844,364,330
33845,366,327
33846,369,325
33847,374,318
33848,377,320
33849,380,314
33850,379,313
33851,380,309
33852,382,304
33853,386,305
33854,387,305
33855,389,303
33856,391,304
33857,390,304
33858,392,303
33859,393,300
33860,393,299
33861,394,298
33862,395,297
33863,394,295
33864,393,295
33865,393,296
33866,391,296
33867,389,297
33868,384,296
33869,382,296
33870,378,295
33871,377,297
33872,378,298
33873,378,298
33874,378,298
33875,377,297
33876,378,297
33877,378,298
33878,379,298
33879,379,299
33880,379,300
33881,380,301
33882,380,302
33883,378,302
33884,379,302
33885,379,302
33886,380,302
33887,380,302
33888,380,302
33889,380,302
33890,381,302
33891,381,304
33892,380,305
33893,380,305
33894,380,305
33895,378,305
33896,374,305
33897,373,307
33898,371,307
33899,369,307
33900,365,309
33901,363,311
33902,361,311
33903,361,313
33904,359,313
33905,357,313
33906,355,313
33907,349,312
33908,350,313
33909,351,313
33910,349,313
33911,348,314
33912,345,312
33913,343,311
33914,352,312
33915,357,313
33916,359,313
33917,359,310
33918,358,310
33919,356,317
33920,355,317
33921,353,320
33922,352,320
33923,353,320
33924,353,321
33925,353,321
33926,353,321
33927,354,317
33928,354,321
33929,353,320
33930,353,320
33931,353,322
33932,352,322
33933,353,324
33934,353,325
33935,355,323
33936,356,325
33937,356,325
33938,355,325
33939,356,324
33940,356,323
33941,357,325
33942,357,326
33943,357,326
33944,357,328
33945,357,328
33946,356,329
33947,356,326
33948,356,330
33949,356,324
33950,356,324
33951,357,329
33952,358,331
33953,358,329
33954,357,329
33955,357,330
33956,357,331
33957,357,332
33958,357,333
33959,357,332
33960,357,333
33961,357,334
33962,357,334
33963,357,334
33964,357,335
33965,357,335
33966,357,337
33967,358,337
33968,357,338
33969,357,338
33970,358,340
33971,358,338
33972,358,337
33973,356,337
33974,355,337
33975,355,338
33976,354,339
33977,352,341
33978,353,342
33979,354,342
33980,353,337
33981,356,339
33982,357,340
33983,357,343
33984,357,344
33985,357,344
33986,356,341
33987,353,346
33988,352,346
33989,352,346
33990,353,346
33991,352,346
33992,353,342
33993,350,340
33994,349,347
33995,345,348
33996,348,347
33997,347,348
33998,349,350
33999,345,346
34000,350,344
34001,348,341
34002,347,342
34003,346,343
34004,344,344
34005,344,345
34006,341,343
34007,337,342
34008,334,343
34009,333,346
34010,331,347
34011,332,349
34012,333,350
34013,334,351
34014,335,352
34015,334,353
34016,336,352
34017,337,352
34018,343,355
34019,345,354
34020,343,356
34021,345,357
34022,350,359
34023,349,359
34024,348,360
34025,353,361
34026,353,364
34027,357,365
34028,354,366
34029,348,366
34030,347,366
34031,347,367
34032,347,368
34033,351,368
34034,348,368
34035,351,370
34036,346,370
34037,350,371
34038,352,372
34039,348,372
34040,349,372
34041,349,372
34042,349,372
34043,348,372
34044,349,372
34045,347,372
34046,347,372
34047,347,372
34048,348,373
34049,348,373
34050,347,372
34051,348,373
34052,349,372
34053,347,372
34054,346,372
34055,357,373
34056,357,372
34057,356,371
34058,356,370
34059,347,370
34060,342,368
34061,342,367
34062,343,366
34063,342,365
34064,343,365
34065,341,365
34066,340,364
34067,342,363
34068,345,363
34069,336,359
34070,339,356
34071,340,353
34072,335,355
34073,331,353
34074,334,352
34075,332,353
34076,336,355
34077,338,365
34078,337,369
34079,338,369
34080,336,370
34081,336,370
34082,335,370
34083,332,371
34084,329,371
34085,330,371
34086,329,370
34087,328,371
34088,327,372
34089,326,372
34090,327,372
34091,327,373
34092,327,372
34093,327,372
34094,326,372
34095,327,372
34096,328,371
34097,328,372
34098,328,372
34099,328,372
34100,328,372
34101,328,372
34102,328,372
34103,328,371
34104,327,371
34105,326,371
34106,326,371
34107,326,372
34108,326,372
34109,326,371
34110,326,371
34111,326,371
34112,326,371
34113,325,371
34114,325,371
34115,324,371
34116,323,371
34117,322,371
34118,323,372
34119,324,372
34120,324,372
34121,325,372
34122,326,373
34123,329,373
34124,332,373
34125,333,374
34126,331,374
34127,334,374
34128,337,374
34129,339,374
34130,342,374
34131,348,374
34132,348,375
34133,350,374
34134,350,374
34135,352,374
34136,353,374
34137,353,374
34138,353,373
34139,353,374
34140,347,374
34141,349,374
34142,354,375
34143,355,375
34144,355,373
34145,363,371
34146,359,369
34147,362,366
34148,363,358
34149,361,353
34150,363,350
34151,365,349
34152,367,338
34153,369,335
34154,370,331
34155,372,327
34156,374,324
34157,380,323
34158,383,318
34159,385,317
34160,387,313
34161,387,309
34162,389,309
34163,391,308
34164,391,304
34165,394,303
34166,396,301
34167,397,299
34168,395,301
34169,394,301
34170,394,301
34171,392,299
34172,390,299
34173,388,301
34174,386,299
34175,384,298
34176,382,298
34177,378,295
34178,379,293
34179,379,294
34180,380,295
34181,380,294
34182,381,292
34183,382,292
34184,382,291
34185,381,290
34186,380,290
34187,378,290
34188,378,289
34189,380,288
34190,382,288
34191,382,289
34192,383,290
34193,384,288
34194,383,290
34195,382,291
34196,379,293
34197,375,293
34198,374,293
34199,374,293
34200,375,297
34201,374,298
34202,374,294
34203,374,294
34204,374,293
34205,374,296
34206,373,297
34207,373,299
34208,373,300
34209,373,301
34210,373,301
34211,373,302
34212,373,301
34213,372,302
34214,371,302
34215,372,302
34216,372,302
34217,373,305
34218,373,304
34219,372,303
34220,372,304
34221,371,305
34222,372,305
34223,372,306
34224,371,305
34225,371,306
34226,370,306
34227,370,305
34228,369,304
34229,370,304
34230,369,304
34231,368,305
34232,368,304
34233,368,304
34234,368,304
34235,369,306
34236,368,308
34237,368,308
34238,369,308
34239,369,309
34240,372,309
34241,372,310
34242,373,310
34243,372,310
34244,372,307
34245,372,306
34246,372,306
34247,372,306
34248,372,306
34249,372,308
34250,372,310
34251,372,311
34252,372,312
34253,372,312
34254,372,312
34255,372,312
34256,373,312
34257,372,311
34258,372,312
34259,372,313
34260,375,312
34261,375,312
34262,372,313
34263,375,312
34264,375,312
34265,376,312
34266,375,312
34267,374,311
34268,375,311
34269,375,311
34270,374,311
34271,374,311
34272,374,311
34273,375,311
34274,375,311
34275,374,311
34276,374,311
34277,374,311
34278,374,311
34279,375,312
34280,374,311
34281,375,311
34282,375,312
34283,375,312
34284,375,313
34285,372,317
34286,370,317
34287,370,317
34288,371,318
34289,371,319
34290,371,321
34291,370,323
34292,370,325
34293,370,325
34294,368,326
34295,368,330
34296,367,330
34297,365,331
34298,365,332
34299,362,334
34300,362,334
34301,364,333
34302,366,333
34303,367,333
34304,368,332
34305,369,334
34306,370,333
34307,370,334
34308,372,333
34309,372,334
34310,372,333
34311,372,334
34312,371,335
34313,370,335
34314,370,336
34315,369,335
34316,369,335
34317,369,335
34318,369,336
34319,369,335
34320,369,336
34321,368,336
34322,369,336
34323,368,336
34324,369,336
34325,368,336
34326,368,336
34327,368,335
34328,368,335
34329,367,335
34330,368,333
34331,367,333
34332,368,331
34333,368,331
34334,368,332
34335,367,333
34336,367,332
34337,369,334
34338,369,333
34339,369,333
34340,369,333
34341,371,334
34342,370,334
34343,370,333
34344,371,334
34345,372,334
34346,372,334
34347,372,333
34348,371,332
34349,372,332
34350,374,334
34351,378,331
34352,377,331
34353,375,332
34354,374,332
34355,375,332
34356,374,331
34357,376,333
34358,374,333
34359,373,333
34360,373,334
34361,373,332
34362,374,331
34363,375,329
34364,375,326
34365,373,325
34366,371,324
34367,372,325
34368,372,331
34369,371,335
34370,371,335
34371,373,335
34372,373,336
34373,371,335
34374,369,336
34375,371,336
34376,372,337
34377,371,334
34378,371,334
34379,371,335
34380,371,335
34381,370,335
34382,371,336
34383,370,336
34384,370,336
34385,370,337
34386,370,337
34387,366,337
34388,366,337
34389,367,337
34390,367,337
34391,366,336
34392,366,336
34393,365,337
34394,366,337
34395,366,336
34396,366,336
34397,364,336
34398,364,336
34399,364,336
34400,365,336
34401,368,336
34402,369,336
34403,369,336
34404,368,336
34405,370,336
34406,368,336
34407,372,336
34408,370,335
34409,367,335
34410,367,333
34411,364,333
34412,363,333
34413,363,331
34414,363,330
34415,364,327
34416,366,325
34417,368,320
34418,369,318
34419,369,316
34420,371,315
34421,373,315
34422,375,312
34423,378,317
34424,379,319
34425,375,321
34426,372,324
34427,368,326
34428,367,328
34429,364,329
34430,365,332
34431,365,333
34432,362,332
34433,368,334
34434,358,335
34435,347,334
34436,364,338
34437,366,338
34438,367,338
34439,368,337
34440,370,337
34441,372,336
34442,371,335
34443,354,336
34444,358,335
34445,353,335
34446,347,335
34447,343,334
34448,374,334
34449,375,334
34450,372,334
34451,346,333
34452,358,333
34453,345,333
34454,361,332
34455,343,333
34456,346,333
34457,346,333
34458,346,333
34459,363,333
34460,363,332
34461,347,331
34462,348,331
34463,366,331
34464,374,331
34465,347,332
34466,351,332
34467,360,332
34468,362,332
34469,361,331
34470,360,329
34471,360,327
34472,362,327
34473,364,328
34474,365,327
34475,369,327
34476,369,326
34477,369,330
34478,368,331
34479,368,332
34480,368,331
34481,369,333
34482,370,332
34483,370,333
34484,371,333
34485,372,334
34486,373,334
34487,374,333
34488,374,333
34489,374,332
34490,374,330
34491,373,331
34492,375,331
34493,377,332
34494,377,330
34495,378,331
34496,377,329
34497,377,329
34498,375,329
34499,373,330
34500,373,330
34501,374,330
34502,371,330
34503,365,330
34504,364,329
34505,364,329
34506,365,330
34507,367,332
34508,368,333
34509,364,332
34510,360,332
34511,368,333
34512,369,333
34513,371,332
34514,370,332
34515,371,334
34516,370,334
34517,371,335
34518,377,334
34519,377,334
34520,367,335
34521,352,335
34522,350,335
34523,356,335
34524,359,334
34525,370,334
34526,368,335
34527,369,331
34528,372,334
34529,365,336
34530,366,336
34531,381,334
34532,368,334
34533,368,334
34534,363,333
34535,358,336
34536,379,336
34537,378,333
34538,377,334
34539,374,334
34540,372,334
34541,372,334
34542,375,334
34543,370,335
34544,361,337
34545,369,336
34546,357,337
34547,351,335
34548,351,336
34549,374,334
34550,371,333
34551,377,336
34552,382,329
34553,381,326
34554,379,321
34555,384,317
34556,380,314
34557,378,316
34558,378,316
34559,375,320
34560,367,322
34561,362,325
34562,352,327
34563,350,329
34564,353,330
34565,358,332
34566,362,333
34567,366,334
34568,369,333
34569,375,334
34570,377,333
34571,378,333
34572,378,334
34573,380,335
34574,388,337
34575,392,336
34576,393,338
34577,394,341
34578,394,342
34579,394,343
34580,392,343
34581,391,344
34582,389,345
34583,390,344
34584,390,344
34585,390,344
34586,390,344
34587,390,344
34588,390,344
34589,390,344
34590,390,344
34591,389,344
34592,388,343
34593,390,343
34594,390,342
34595,391,341
34596,392,340
34597,390,340
34598,390,341
34599,390,341
34600,390,341
34601,390,340
34602,390,340
34603,391,343
34604,392,344
34605,387,344
34606,387,342
34607,387,342
34608,387,342
34609,388,344
34610,389,344
34611,387,343
34612,386,341
34613,387,341
34614,388,341
34615,386,342
34616,384,344
34617,388,344
34618,390,342
34619,392,343
34620,394,344
34621,391,344
34622,390,346
34623,388,346
34624,388,346
34625,386,348
34626,386,348
34627,386,347
34628,385,349
34629,386,347
34630,387,347
34631,387,346
34632,388,346
34633,387,345
34634,388,345
34635,386,347
34636,386,347
34637,387,347
34638,386,349
34639,385,351
34640,386,350
34641,386,350
34642,385,351
34643,386,350
34644,386,348
34645,386,350
34646,386,350
34647,386,350
34648,387,348
34649,388,348
34650,388,348
34651,387,349
34652,387,348
34653,388,348
34654,388,348
34655,388,348
34656,388,348
34657,388,348
34658,388,347
34659,387,347
34660,387,347
34661,387,347
34662,387,346
34663,388,346
34664,387,346
34665,386,347
34666,387,347
34667,387,347
34668,387,347
34669,387,348
34670,387,347
34671,387,347
34672,385,348
34673,386,347
34674,386,348
34675,385,349
34676,385,349
34677,386,348
34678,388,347
34679,390,344
34680,392,344
34681,393,341
34682,392,337
34683,391,329
34684,391,328
34685,392,324
34686,396,321
34687,400,321
34688,400,321
34689,403,317
34690,404,315
34691,404,312
34692,405,308
34693,403,304
34694,404,302
34695,406,301
34696,408,298
34697,407,294
34698,408,291
34699,408,291
34700,411,290
34701,411,293
34702,410,291
34703,412,290
34704,412,296
34705,414,297
34706,416,292
34707,416,295
34708,419,293
34709,416,286
34710,418,291
34711,419,293
34712,417,293
34713,417,293
34714,417,295
34715,412,292
34716,406,295
34717,405,302
34718,401,305
34719,399,308
34720,396,307
34721,392,306
34722,393,308
34723,394,311
34724,395,308
34725,394,308
34726,396,308
34727,396,307
34728,397,308
34729,396,306
34730,397,304
34731,399,303
34732,402,300
34733,405,298
34734,405,295
34735,406,293
34736,408,292
34737,406,291
34738,405,292
34739,404,292
34740,404,295
34741,406,297
34742,412,297
34743,412,296
34744,405,297
34745,406,296
34746,408,297
34747,408,298
34748,416,299
34749,415,300
34750,423,300
34751,421,301
34752,417,302
34753,406,302
34754,394,302
34755,393,302
34756,393,302
34757,394,301
34758,397,303
34759,396,305
34760,398,305
34761,398,303
34762,394,305
34763,394,305
34764,393,306
34765,393,306
34766,396,305
34767,397,305
34768,393,307
34769,396,304
34770,395,305
34771,399,305
34772,401,306
34773,401,306
34774,401,306
34775,400,306
34776,401,306
34777,398,306
34778,398,305
34779,397,305
34780,396,305
34781,394,305
34782,394,306
34783,393,306
34784,394,306
34785,395,306
34786,395,306
34787,395,306
34788,394,309
34789,394,309
34790,395,309
34791,394,306
34792,392,306
34793,393,306
34794,397,306
34795,401,306
34796,402,306
34797,403,307
34798,404,307
34799,404,306
34800,405,306
34801,404,306
34802,404,305
34803,402,305
34804,402,305
34805,401,305
34806,401,304
34807,402,305
34808,402,305
34809,401,305
34810,400,304
34811,400,304
34812,399,304
34813,400,304
34814,400,305
34815,399,305
34816,399,304
34817,400,304
34818,401,304
34819,401,304
34820,398,306
34821,400,306
34822,400,305
34823,401,305
34824,402,305
34825,402,305
34826,402,306
34827,403,304
34828,403,305
34829,402,305
34830,404,304
34831,404,303
34832,406,304
34833,408,304
34834,409,304
34835,413,305
34836,412,306
34837,413,305
34838,418,302
34839,413,292
34840,425,294
34841,427,294
34842,421,291
34843,419,292
34844,413,295
34845,413,299
34846,412,300
34847,408,305
34848,408,305
34849,408,305
34850,404,306
34851,401,307
34852,398,308
34853,398,313
34854,395,315
34855,395,317
34856,395,317
34857,396,317
34858,395,316
34859,396,316
34860,396,317
34861,394,316
34862,395,316
34863,394,316
34864,395,317
34865,395,317
34866,396,317
34867,395,318
34868,395,318
34869,395,318
34870,396,318
34871,394,317
34872,395,318
34873,395,318
34874,395,318
34875,395,318
34876,395,318
34877,395,318
34878,395,319
34879,395,319
34880,396,318
34881,396,318
34882,396,318
34883,395,318
34884,394,318
34885,394,318
34886,392,316
34887,393,317
34888,395,318
34889,392,318
34890,391,318
34891,393,318
34892,393,318
34893,394,318
34894,397,317
34895,396,320
34896,394,319
34897,391,321
34898,391,322
34899,391,323
34900,393,323
34901,392,323
34902,393,324
34903,396,322
34904,396,323
34905,396,324
34906,398,323
34907,395,322
34908,396,322
34909,396,322
34910,396,323
34911,395,324
34912,394,324
34913,392,324
34914,393,324
34915,392,324
34916,392,324
34917,392,324
34918,393,324
34919,392,324
34920,395,330
34921,395,329
34922,395,328
34923,395,329
34924,395,329
34925,394,329
34926,394,329
34927,393,330
34928,393,330
34929,393,331
34930,393,331
34931,393,328
34932,393,329
34933,394,329
34934,395,329
34935,394,330
34936,394,329
34937,395,328
34938,395,328
34939,395,328
34940,395,328
34941,395,328
34942,394,329
34943,393,329
34944,393,329
34945,392,328
34946,392,328
34947,391,329
34948,392,328
34949,392,329
34950,392,328
34951,392,326
34952,392,327
34953,392,327
34954,391,326
34955,392,327
34956,394,327
34957,395,327
34958,395,327
34959,394,327
34960,395,329
34961,396,333
34962,398,328
34963,397,330
34964,398,329
34965,400,328
34966,397,328
34967,397,327
34968,397,324
34969,401,320
34970,398,315
34971,398,313
34972,399,312
34973,401,311
34974,404,307
34975,407,302
34976,409,301
34977,411,297
34978,413,296
34979,414,295
34980,416,298
34981,412,296
34982,412,295
34983,406,295
34984,401,294
34985,397,290
34986,391,288
34987,388,287
34988,387,286
34989,386,290
34990,386,292
34991,384,290
34992,381,294
34993,380,297
34994,381,296
34995,383,299
34996,384,297
34997,383,295
34998,382,295
34999,384,295
35000,384,295
35001,384,296
35002,384,298
35003,386,295
35004,387,299
35005,389,294
35006,389,289
35007,390,291
35008,392,291
35009,393,290
35010,394,289
35011,396,288
35012,398,288
35013,397,291
35014,398,291
35015,397,293
35016,397,293
35017,396,293
35018,396,293
35019,396,291
35020,394,289
35021,392,289
35022,392,288
35023,392,289
35024,392,289
35025,392,288
35026,393,288
35027,392,288
35028,392,287
35029,392,287
35030,394,288
35031,393,288
35032,393,289
35033,393,288
35034,393,289
35035,393,290
35036,393,289
35037,393,289
35038,392,288
35039,390,286
35040,394,291
35041,399,293
35042,402,293
35043,407,292
35044,409,291
35045,411,288
35046,414,290
35047,414,293
35048,417,291
35049,417,282
35050,420,282
35051,421,282
35052,422,285
35053,422,284
35054,423,276
35055,422,278
35056,415,278
35057,421,278
35058,420,279
35059,420,277
35060,418,276
35061,421,275
35062,423,275
35063,421,275
35064,421,274
35065,419,276
35066,421,270
35067,416,277
35068,405,276
35069,405,276
35070,402,271
35071,401,272
35072,402,271
35073,402,271
35074,403,271
35075,402,271
35076,401,271
35077,402,271
35078,402,271
35079,402,271
35080,402,271
35081,402,272
35082,402,272
35083,402,272
35084,402,272
35085,402,272
35086,403,273
35087,404,273
35088,405,273
35089,405,273
35090,405,273
35091,403,274
35092,402,273
35093,402,274
35094,403,274
35095,403,274
35096,402,274
35097,402,274
35098,402,275
35099,403,275
35100,404,275
35101,407,275
35102,409,277
35103,409,277
35104,409,280
35105,411,278
35106,409,279
35107,405,279
35108,404,279
35109,404,280
35110,403,280
35111,403,283
35112,401,285
35113,404,288
35114,404,291
35115,404,292
35116,406,291
35117,405,290
35118,404,290
35119,407,289
35120,402,288
35121,399,289
35122,400,288
35123,399,287
35124,398,287
35125,402,287
35126,405,287
35127,404,287
35128,405,287
35129,404,287
35130,404,287
35131,404,287
35132,404,287
35133,404,287
35134,403,287
35135,403,287
35136,404,287
35137,404,287
35138,404,287
35139,403,287
35140,404,287
35141,403,288
35142,403,288
35143,402,287
35144,401,287
35145,402,287
35146,402,287
35147,402,287
35148,402,286
35149,401,286
35150,401,284
35151,402,284
35152,402,284
35153,402,285
35154,401,285
35155,401,285
35156,402,285
35157,403,284
35158,404,286
35159,404,283
35160,407,283
35161,409,281
35162,410,281
35163,408,281
35164,410,282
35165,410,284
35166,410,285
35167,411,287
35168,411,287
35169,412,287
35170,414,287
35171,415,287
35172,417,283
35173,417,283
35174,416,282
35175,417,282
35176,418,282
35177,418,287
35178,419,289
35179,419,292
35180,419,298
35181,419,296
35182,419,297
35183,421,303
35184,420,298
35185,420,297
35186,420,299
35187,419,294
35188,419,294
35189,420,293
35190,419,293
35191,420,293
35192,419,294
35193,419,293
35194,419,293
35195,417,294
35196,417,294
35197,417,295
35198,417,295
35199,415,296
35200,415,298
35201,415,298
35202,415,299
35203,416,299
35204,415,299
35205,416,299
35206,416,298
35207,418,297
35208,418,298
35209,420,298
35210,420,297
35211,419,298
35212,420,299
35213,419,298
35214,419,298
35215,421,299
35216,419,299
35217,418,297
35218,419,296
35219,417,297
35220,417,296
35221,414,297
35222,420,297
35223,421,297
35224,420,297
35225,420,297
35226,419,297
35227,419,296
35228,420,295
35229,420,295
35230,421,294
35231,422,292
35232,424,295
35233,423,296
35234,421,299
35235,415,298
35236,406,298
35237,405,303
35238,401,307
35239,399,305
35240,396,304
35241,396,304
35242,393,301
35243,393,302
35244,394,302
35245,393,302
35246,394,301
35247,392,300
35248,407,299
35249,410,298
35250,390,297
35251,390,296
35252,400,294
35253,393,292
35254,392,292
35255,393,293
35256,396,291
35257,396,290
35258,394,290
35259,384,291
35260,386,291
35261,394,289
35262,389,296
35263,394,295
35264,398,295
35265,395,291
35266,394,294
35267,394,296
35268,393,299
35269,395,299
35270,406,297
35271,400,297
35272,397,296
35273,402,297
35274,405,298
35275,409,295
35276,411,304
35277,411,301
35278,410,306
35279,411,298
35280,413,305
35281,416,302
35282,417,301
35283,416,304
35284,418,299
35285,418,308
35286,419,315
35287,419,311
35288,418,313
35289,419,313
35290,418,312
35291,418,312
35292,421,315
35293,421,316
35294,422,310
35295,420,313
35296,419,314
35297,419,315
35298,418,316
35299,417,314
35300,416,315
35301,415,311
35302,414,308
35303,411,311
35304,412,306
35305,410,307
35306,411,298
35307,409,306
35308,409,307
35309,408,301
35310,406,299
35311,406,295
35312,407,300
35313,410,299
35314,407,299
35315,405,300
35316,407,300
35317,408,301
35318,407,301
35319,407,303
35320,408,304
35321,399,308
35322,397,308
35323,399,309
35324,399,306
35325,398,306
35326,400,306
35327,401,307
35328,403,305
35329,404,305
35330,406,305
35331,404,305
35332,400,305
35333,399,303
35334,399,300
35335,403,296
35336,406,294
35337,408,294
35338,407,292
35339,410,289
35340,410,287
35341,409,287
35342,411,286
35343,411,286
35344,409,287
35345,409,287
35346,410,285
35347,411,285
35348,412,286
35349,411,286
35350,413,285
35351,413,286
35352,413,288
35353,419,283
35354,413,286
35355,413,287
35356,413,288
35357,414,288
35358,414,288
35359,414,287
35360,415,286
35361,416,285
35362,414,287
35363,413,287
35364,414,286
35365,413,286
35366,412,285
35367,412,283
35368,412,283
35369,413,285
35370,412,285
35371,411,285
35372,410,284
35373,408,284
35374,409,284
35375,410,284
35376,410,281
35377,410,281
35378,409,281
35379,410,282
35380,410,283
35381,410,283
35382,409,284
35383,408,284
35384,409,280
35385,412,279
35386,413,280
35387,414,280
35388,415,280
35389,415,281
35390,416,280
35391,414,280
35392,414,280
35393,413,280
35394,417,281
35395,419,282
35396,428,285
35397,426,287
35398,429,290
35399,429,293
35400,433,294
35401,436,289
35402,438,288
35403,435,286
35404,434,284
35405,436,284
35406,436,281
35407,438,274
35408,438,274
35409,440,273
35410,441,272
35411,439,274
35412,437,274
35413,436,276
35414,436,277
35415,438,277
35416,436,277
35417,435,277
35418,433,280
35419,434,278
35420,434,279
35421,434,279
35422,435,279
35423,435,279
35424,435,279
35425,435,279
35426,435,280
35427,434,279
35428,433,280
35429,432,279
35430,433,279
35431,433,280
35432,433,281
35433,431,280
35434,431,280
35435,431,280
35436,430,279
35437,430,279
35438,430,278
35439,431,280
35440,432,280
35441,432,280
35442,431,280
35443,432,279
35444,431,280
35445,432,279
35446,432,280
35447,432,280
35448,434,276
35449,434,276
35450,433,281
35451,433,285
35452,433,288
35453,432,296
35454,433,282
35455,433,280
35456,431,295
35457,431,290
35458,432,294
35459,432,289
35460,433,287
35461,433,287
35462,432,289
35463,433,286
35464,433,287
35465,433,288
35466,433,288
35467,433,289
35468,432,294
35469,433,297
35470,433,291
35471,433,291
35472,432,291
35473,432,290
35474,432,290
35475,433,290
35476,433,290
35477,433,290
35478,432,290
35479,432,290
35480,432,290
35481,432,290
35482,432,290
35483,432,291
35484,431,291
35485,431,291
35486,430,292
35487,430,292
35488,430,291
35489,430,291
35490,429,291
35491,429,292
35492,429,291
35493,428,293
35494,428,293
35495,428,292
35496,429,291
35497,430,291
35498,430,291
35499,431,292
35500,431,290
35501,432,290
35502,432,290
35503,432,290
35504,431,287
35505,432,290
35506,430,291
35507,433,293
35508,424,294
35509,424,294
35510,421,297
35511,422,295
35512,424,293
35513,428,301
35514,425,302
35515,421,302
35516,420,302
35517,416,301
35518,414,302
35519,409,301
35520,405,300
35521,402,300
35522,399,301
35523,397,302
35524,389,300
35525,386,300
35526,392,299
35527,392,299
35528,395,298
35529,395,297
35530,392,295
35531,387,290
35532,388,291
35533,387,291
35534,387,289
35535,388,286
35536,385,288
35537,382,284
35538,381,284
35539,383,284
35540,396,285
35541,401,284
35542,396,285
35543,392,283
35544,392,282
35545,409,281
35546,414,281
35547,418,282
35548,410,282
35549,387,284
35550,394,284
35551,402,285
35552,376,285
35553,375,284
35554,381,284
35555,395,278
35556,398,275
35557,399,275
35558,404,275
35559,403,274
35560,397,274
35561,404,276
35562,406,278
35563,403,281
35564,401,282
35565,395,285
35566,396,286
35567,406,285
35568,401,284
35569,392,284
35570,385,289
35571,381,290
35572,379,293
35573,380,290
35574,385,290
35575,389,291
35576,391,290
35577,394,290
35578,394,290
35579,391,291
35580,391,290
35581,393,290
35582,386,292
35583,386,292
35584,386,292
35585,390,291
35586,387,291
35587,405,285
35588,409,286
35589,397,287
35590,390,289
35591,392,288
35592,396,288
35593,398,288
35594,395,290
35595,394,291
35596,395,291
35597,395,290
35598,397,289
35599,397,288
35600,397,289
35601,395,289
35602,395,289
35603,396,290
35604,396,288
35605,398,290
35606,402,287
35607,407,290
35608,410,292
35609,415,291
35610,418,293
35611,416,295
35612,423,293
35613,424,289
35614,429,283
35615,433,278
35616,438,272
35617,438,269
35618,445,272
35619,442,274
35620,440,282
35621,435,293
35622,430,294
35623,426,298
35624,420,296
35625,415,305
35626,409,305
35627,406,299
35628,404,300
35629,403,300
35630,401,301
35631,400,310
35632,400,312
35633,397,308
35634,396,305
35635,396,310
35636,393,310
35637,391,311
35638,389,312
35639,388,316
35640,380,317
35641,376,314
35642,373,314
35643,373,319
35644,372,324
35645,376,334
35646,372,330
35647,377,332
35648,372,330
35649,367,332
35650,365,332
35651,369,333
35652,367,333
35653,370,334
35654,371,333
35655,372,334
35656,370,335
35657,369,335
35658,375,335
35659,376,335
35660,374,334
35661,376,332
35662,376,332
35663,374,332
35664,376,331
35665,375,329
35666,374,327
35667,372,327
35668,370,326
35669,371,326
35670,369,327
35671,368,326
35672,369,325
35673,368,326
35674,369,326
35675,367,325
35676,367,326
35677,366,325
35678,368,326
35679,366,325
35680,365,325
35681,363,323
35682,359,323
35683,354,322
35684,351,323
35685,345,323
35686,343,323
35687,343,323
35688,342,323
35689,342,325
35690,344,325
35691,341,325
35692,341,327
35693,344,328
35694,337,330
35695,339,329
35696,339,330
35697,337,330
35698,337,331
35699,337,332
35700,336,332
35701,335,332
35702,331,330
35703,334,333
35704,336,332
35705,332,329
35706,333,328
35707,336,328
35708,336,327
35709,336,326
35710,334,326
35711,335,327
35712,336,327
35713,336,328
35714,336,328
35715,335,328
35716,336,328
35717,339,328
35718,337,328
35719,339,328
35720,334,331
35721,334,331
35722,334,332
35723,332,331
35724,330,331
35725,327,331
35726,327,331
35727,327,331
35728,328,332
35729,329,332
35730,329,331
35731,330,331
35732,331,331
35733,337,328
35734,337,328
35735,338,328
35736,339,327
35737,339,327
35738,339,327
35739,337,328
35740,336,327
35741,332,327
35742,334,327
35743,335,327
35744,335,327
35745,336,327
35746,336,328
35747,334,330
35748,337,328
35749,335,328
35750,330,331
35751,332,331
35752,333,331
35753,341,328
35754,339,329
35755,333,331
35756,333,332
35757,334,332
35758,335,332
35759,334,332
35760,336,332
35761,333,332
35762,352,331
35763,351,333
35764,333,334
35765,330,335
35766,331,337
35767,327,339
35768,330,340
35769,326,340
35770,355,340
35771,365,339
35772,370,336
35773,374,334
35774,377,328
35775,375,330
35776,376,330
35777,371,313
35778,372,313
35779,373,312
35780,371,314
35781,372,312
35782,378,308
35783,382,307
35784,389,313
35785,389,304
35786,392,301
35787,393,301
35788,394,299
35789,393,295
35790,397,294
35791,400,292
35792,403,289
35793,404,286
35794,406,285
35795,409,284
35796,411,284
35797,406,284
35798,411,287
35799,409,288
35800,409,290
35801,422,291
35802,416,291
35803,420,290
35804,416,286
35805,415,284
35806,415,285
35807,413,282
35808,412,283
35809,404,282
35810,402,286
35811,398,287
35812,396,287
35813,395,286
35814,399,288
35815,399,290
35816,398,292
35817,400,295
35818,397,296
35819,399,295
35820,399,293
35821,399,293
35822,397,290
35823,395,289
35824,394,291
35825,391,291
35826,392,292
35827,392,292
35828,396,293
35829,393,296
35830,404,298
35831,386,300
35832,384,302
35833,388,304
35834,388,305
35835,394,305
35836,395,304
35837,396,304
35838,392,304
35839,395,304
35840,392,304
35841,396,304
35842,397,304
35843,391,305
35844,390,304
35845,391,304
35846,390,304
35847,396,304
35848,395,304
35849,394,304
35850,393,304
35851,390,304
35852,399,301
35853,397,302
35854,400,302
35855,404,302
35856,405,303
35857,402,303
35858,397,304
35859,391,305
35860,402,303
35861,404,303
35862,392,304
35863,392,303
35864,393,303
35865,392,304
35866,411,305
35867,397,304
35868,396,305
35869,396,305
35870,399,306
35871,400,306
35872,400,306
35873,396,300
35874,396,297
35875,399,295
35876,401,296
35877,402,291
35878,402,285
35879,402,287
35880,400,285
35881,400,286
35882,398,281
35883,397,277
35884,396,279
35885,392,278
35886,390,278
35887,388,273
35888,377,276
35889,368,293
35890,366,292
35891,367,284
35892,357,287
35893,357,288
35894,356,290
35895,359,308
35896,360,298
35897,358,290
35898,355,292
35899,354,293
35900,349,293
35901,348,295
35902,349,300
35903,354,296
35904,354,296
35905,355,299
35906,351,296
35907,350,293
35908,356,295
35909,358,294
35910,370,296
35911,371,298
35912,373,298
35913,374,303
35914,374,307
35915,378,312
35916,381,318
35917,379,321
35918,378,323
35919,383,324
35920,380,325
35921,381,325
35922,382,326
35923,381,326
35924,381,326
35925,378,328
35926,378,330
35927,375,330
35928,372,330
35929,371,330
35930,372,329
35931,370,329
35932,370,328
35933,367,329
35934,367,329
35935,376,330
35936,375,330
35937,371,331
35938,373,333
35939,373,334
35940,372,334
35941,374,335
35942,374,335
35943,374,335
35944,375,335
35945,375,334
35946,375,334
35947,376,334
35948,376,334
35949,377,332
35950,376,333
35951,375,334
35952,374,336
35953,375,334
35954,374,334
35955,371,337
35956,373,334
35957,374,335
35958,374,336
35959,375,335
35960,375,335
35961,376,335
35962,376,338
35963,376,338
35964,376,338
35965,379,339
35966,379,339
35967,379,339
35968,380,341
35969,379,342
35970,381,343
35971,380,344
35972,379,345
35973,379,345
35974,379,346
35975,381,346
35976,378,347
35977,379,347
35978,378,347
35979,379,347
35980,377,343
35981,378,340
35982,378,340
35983,377,339
35984,377,338
35985,376,336
35986,377,336
35987,378,336
35988,378,336
35989,376,332
35990,376,332
35991,377,336
35992,377,336
35993,376,334
35994,376,337
35995,375,337
35996,375,337
35997,376,337
35998,376,337
35999,376,337
36000,378,337
36001,377,337
36002,377,337
36003,378,338
36004,378,338
36005,378,337
36006,377,338
36007,378,338
36008,378,338
36009,377,337
36010,377,337
36011,378,335
36012,379,333
36013,379,332
36014,383,331
36015,379,331
36016,385,330
36017,380,330
36018,386,336
36019,388,337
36020,389,337
36021,387,338
36022,387,339
36023,388,338
36024,387,339
36025,386,339
36026,387,339
36027,385,340
36028,380,343
36029,380,342
36030,379,343
36031,379,343
36032,379,343
36033,379,343
36034,378,342
36035,378,342
36036,377,342
36037,377,342
36038,376,343
36039,376,343
36040,376,343
36041,376,343
36042,378,343
36043,376,343
36044,376,343
36045,376,343
36046,376,343
36047,376,343
36048,378,343
36049,377,343
36050,378,343
36051,377,343
36052,377,343
36053,377,343
36054,378,343
36055,377,343
36056,378,343
36057,379,343
36058,377,343
36059,377,343
36060,377,343
36061,378,343
36062,377,343
36063,377,343
36064,377,343
36065,377,343
36066,376,343
36067,377,343
36068,377,343
36069,376,343
36070,377,343
36071,377,343
36072,377,343
36073,375,343
36074,376,343
36075,376,343
36076,376,343
36077,376,343
36078,378,345
36079,379,346
36080,380,347
36081,379,343
36082,375,342
36083,371,340
36084,366,339
36085,364,336
36086,362,333
36087,359,326
36088,359,327
36089,358,330
36090,358,331
36091,358,332
36092,355,332
36093,358,332
36094,357,333
36095,353,333
36096,352,333
36097,353,333
36098,353,333
36099,354,333
36100,352,334
36101,353,334
36102,352,334
36103,353,333
36104,353,333
36105,353,333
36106,353,333
36107,353,332
36108,352,332
36109,352,331
36110,352,331
36111,352,331
36112,351,331
36113,351,330
36114,351,330
36115,352,330
36116,350,329
36117,349,328
36118,349,327
36119,349,327
36120,349,327
36121,349,326
36122,349,326
36123,349,326
36124,349,325
36125,349,326
36126,348,326
36127,348,325
36128,347,325
36129,346,324
36130,345,325
36131,345,324
36132,347,321
36133,348,322
36134,349,317
36135,350,316
36136,349,321
36137,349,319
36138,350,319
36139,349,321
36140,348,320
36141,347,320
36142,349,318
36143,350,318
36144,350,318
36145,351,316
36146,351,317
36147,352,313
36148,351,314
36149,351,312
36150,351,313
36151,350,313
36152,350,313
36153,351,314
36154,352,315
36155,351,312
36156,351,311
36157,350,313
36158,351,313
36159,351,312
36160,352,312
36161,352,313
36162,352,314
36163,351,313
36164,351,313
36165,348,313
36166,349,314
36167,349,313
36168,350,313
36169,351,312
36170,351,312
36171,352,313
36172,352,314
36173,352,315
36174,353,315
36175,354,313
36176,356,314
36177,358,313
36178,355,314
36179,356,314
36180,355,315
36181,352,315
36182,354,316
36183,353,316
36184,353,317
36185,352,317
36186,352,317
36187,350,317
36188,351,317
36189,351,318
36190,349,319
36191,352,319
36192,352,319
36193,353,319
36194,351,320
36195,350,320
36196,350,321
36197,350,320
36198,350,334
36199,349,321
36200,350,321
36201,352,324
36202,355,324
36203,358,328
36204,360,333
36205,368,331
36206,374,331
36207,373,332
36208,372,334
36209,372,334
36210,372,332
36211,374,331
36212,374,330
36213,374,329
36214,375,329
36215,374,330
36216,374,331
36217,371,331
36218,369,331
36219,368,331
36220,363,331
36221,364,331
36222,364,329
36223,365,329
36224,361,332
36225,364,329
36226,364,330
36227,363,330
36228,362,334
36229,361,330
36230,360,331
36231,354,331
36232,353,330
36233,350,328
36234,342,330
36235,339,332
36236,336,336
36237,349,340
36238,369,342
36239,369,343
36240,362,344
36241,347,345
36242,349,345
36243,350,345
36244,342,345
36245,357,344
36246,348,343
36247,353,343
36248,360,343
36249,363,342
36250,366,342
36251,364,342
36252,364,342
36253,361,342
36254,359,342
36255,361,342
36256,360,343
36257,359,343
36258,356,343
36259,357,343
36260,355,343
36261,355,343
36262,357,343
36263,358,343
36264,358,342
36265,357,342
36266,358,341
36267,358,341
36268,357,341
36269,357,341
36270,357,341
36271,357,342
36272,357,341
36273,357,341
36274,357,340
36275,359,340
36276,359,340
36277,359,340
36278,360,340
36279,351,340
36280,363,340
36281,367,341
36282,367,340
36283,370,339
36284,370,338
36285,373,334
36286,374,335
36287,375,334
36288,376,331
36289,377,330
36290,379,332
36291,377,328
36292,379,324
36293,384,319
36294,387,323
36295,387,321
36296,390,322
36297,391,322
36298,393,317
36299,395,317
36300,395,312
36301,392,311
36302,394,308
36303,386,305
36304,391,304
36305,396,302
36306,398,300
36307,381,298
36308,383,300
36309,391,299
36310,391,298
36311,388,296
36312,401,294
36313,403,293
36314,404,295
36315,403,295
36316,402,296
36317,404,299
36318,409,300
36319,414,301
36320,412,301
36321,412,300
36322,413,300
36323,418,298
36324,419,297
36325,421,297
36326,422,296
36327,424,292
36328,425,290
36329,425,287
36330,423,287
36331,424,285
36332,417,288
36333,418,286
36334,417,287
36335,414,288
36336,413,289
36337,412,292
36338,411,293
36339,409,293
36340,408,296
36341,408,297
36342,409,298
36343,408,300
36344,408,302
36345,409,302
36346,408,302
36347,408,302
36348,407,302
36349,407,301
36350,407,300
36351,407,300
36352,406,299
36353,409,298
36354,409,297
36355,407,297
36356,407,296
36357,407,297
36358,408,296
36359,408,299
36360,408,300
36361,408,302
36362,409,301
36363,409,300
36364,409,300
36365,409,299
36366,409,299
36367,409,299
36368,409,299
36369,410,298
36370,410,298
36371,410,299
36372,410,300
36373,410,301
36374,410,300
36375,410,300
36376,411,300
36377,413,300
36378,412,299
36379,412,299
36380,413,301
36381,413,302
36382,412,301
36383,411,301
36384,412,302
36385,412,303
36386,412,304
36387,412,306
36388,412,307
36389,412,307
36390,412,307
36391,412,307
36392,411,308
36393,411,308
36394,411,308
36395,411,308
36396,411,309
36397,411,309
36398,411,310
36399,410,310
36400,410,307
36401,411,307
36402,410,308
36403,411,309
36404,411,309
36405,409,310
36406,406,309
36407,407,309
36408,406,308
36409,407,309
36410,408,309
36411,408,309
36412,407,309
36413,404,309
36414,407,309
36415,407,308
36416,404,308
36417,405,308
36418,405,308
36419,406,308
36420,405,308
36421,405,309
36422,404,310
36423,405,309
36424,406,309
36425,407,310
36426,407,310
36427,411,310
36428,410,310
36429,410,311
36430,410,312
36431,410,313
36432,410,314
36433,406,313
36434,407,313
36435,408,313
36436,410,313
36437,410,314
36438,410,313
36439,411,313
36440,410,314
36441,409,313
36442,408,315
36443,410,316
36444,409,315
36445,406,314
36446,405,314
36447,407,316
36448,408,317
36449,408,318
36450,409,319
36451,409,319
36452,410,319
36453,410,319
36454,409,318
36455,411,320
36456,412,321
36457,414,319
36458,414,320
36459,413,316
36460,415,314
36461,413,314
36462,415,315
36463,415,317
36464,416,318
36465,416,319
36466,414,323
36467,417,326
36468,419,330
36469,405,332
36470,405,336
36471,399,340
36472,401,342
36473,399,344
36474,397,347
36475,395,348
36476,396,349
36477,394,350
36478,392,349
36479,387,350
36480,386,353
36481,384,354
36482,382,355
36483,381,354
36484,375,355
36485,373,355
36486,370,355
36487,367,354
36488,365,354
36489,361,357
36490,366,356
36491,366,355
36492,365,356
36493,365,357
36494,367,357
36495,368,357
36496,368,358
36497,369,358
36498,371,363
36499,373,365
36500,378,365
36501,378,363
36502,376,363
36503,376,365
36504,373,366
36505,371,367
36506,372,368
36507,371,367
36508,369,367
36509,369,366
36510,368,366
36511,367,366
36512,368,366
36513,366,366
36514,362,367
36515,358,367
36516,358,367
36517,359,367
36518,358,366
36519,355,367
36520,356,366
36521,356,367
36522,356,367
36523,356,367
36524,357,366
36525,358,366
36526,358,366
36527,357,367
36528,358,367
36529,356,367
36530,357,367
36531,356,367
36532,360,368
36533,357,368
36534,360,368
36535,360,368
36536,361,369
36537,361,369
36538,361,369
36539,360,370
36540,360,371
36541,365,372
36542,368,373
36543,365,373
36544,353,373
36545,345,373
36546,353,372
36547,378,372
36548,381,370
36549,381,368
36550,383,366
36551,386,364
36552,384,361
36553,388,360
36554,395,357
36555,397,355
36556,397,352
36557,399,355
36558,397,352
36559,390,351
36560,381,350
36561,384,349
36562,394,352
36563,391,354
36564,387,356
36565,382,358
36566,373,358
36567,366,357
36568,364,356
36569,366,356
36570,364,356
36571,366,357
36572,366,358
36573,369,364
36574,361,367
36575,367,365
36576,366,364
36577,362,366
36578,364,366
36579,361,365
36580,366,372
36581,366,373
36582,365,374
36583,363,373
36584,362,374
36585,365,373
36586,364,373
36587,364,372
36588,362,372
36589,367,373
36590,368,374
36591,368,373
36592,367,373
36593,367,372
36594,366,372
36595,366,371
36596,366,372
36597,363,371
36598,363,371
36599,362,372
36600,367,371
36601,367,372
36602,366,371
36603,367,372
36604,366,371
36605,366,371
36606,365,371
36607,366,372
36608,366,372
36609,366,372
36610,366,372
36611,366,372
36612,366,372
36613,366,372
36614,367,372
36615,366,372
36616,366,372
36617,367,372
36618,367,372
36619,367,372
36620,367,371
36621,367,371
36622,367,372
36623,366,371
36624,368,371
36625,368,372
36626,369,372
36627,368,371
36628,368,371
36629,366,371
36630,368,371
36631,368,372
36632,369,371
36633,371,372
36634,376,371
36635,375,373
36636,377,372
36637,377,372
36638,376,371
36639,371,371
36640,369,371
36641,367,371
36642,368,370
36643,367,371
36644,367,371
36645,367,370
36646,366,371
36647,365,370
36648,365,370
36649,365,370
36650,365,370
36651,364,370
36652,364,370
36653,364,370
36654,365,370
36655,365,370
36656,365,370
36657,364,371
36658,364,371
36659,366,371
36660,367,371
36661,368,371
36662,368,371
36663,367,371
36664,366,371
36665,366,372
36666,363,372
36667,365,372
36668,366,372
36669,366,372
36670,366,372
36671,367,372
36672,365,373
36673,364,372
36674,368,372
36675,366,373
36676,367,373
36677,368,373
36678,364,372
36679,364,372
36680,366,372
36681,365,372
36682,366,371
36683,366,371
36684,365,371
36685,365,371
36686,363,371
36687,364,371
36688,366,371
36689,366,371
36690,367,371
36691,367,371
36692,367,371
36693,366,371
36694,367,371
36695,367,371
36696,367,371
36697,366,371
36698,366,371
36699,366,371
36700,365,371
36701,365,371
36702,364,371
36703,366,373
36704,365,373
36705,366,373
36706,366,372
36707,366,372
36708,365,371
36709,365,371
36710,365,371
36711,365,371
36712,365,371
36713,366,371
36714,366,371
36715,365,371
36716,366,370
36717,368,370
36718,362,369
36719,363,373
36720,362,371
36721,364,370
36722,367,370
36723,368,370
36724,368,369
36725,368,370
36726,369,370
36727,367,369
36728,366,368
36729,367,368
36730,367,369
36731,368,371
36732,369,369
36733,371,369
36734,371,370
36735,370,369
36736,365,371
36737,365,372
36738,367,372
36739,366,373
36740,367,373
36741,369,373
36742,368,372
36743,368,372
36744,367,371
36745,370,370
36746,368,367
36747,367,368
36748,365,368
36749,363,367
36750,357,365
36751,355,365
36752,357,365
36753,351,365
36754,351,365
36755,348,366
36756,342,364
36757,343,364
36758,343,364
36759,345,365
36760,343,365
36761,342,365
36762,340,365
36763,337,364
36764,337,365
36765,337,366
36766,334,366
36767,334,365
36768,333,364
36769,333,363
36770,339,363
36771,345,363
36772,347,363
36773,349,365
36774,351,368
36775,347,368
36776,349,367
36777,349,370
36778,349,368
36779,350,368
36780,349,368
36781,349,367
36782,350,366
36783,349,367
36784,349,366
36785,345,367
36786,341,366
36787,340,366
36788,341,366
36789,339,366
36790,340,367
36791,338,366
36792,339,365
36793,340,365
36794,335,366
36795,335,365
36796,334,365
36797,334,366
36798,337,366
36799,336,366
36800,337,366
36801,338,366
36802,346,366
36803,350,367
36804,354,371
36805,355,371
36806,355,372
36807,358,371
36808,360,370
36809,364,369
36810,367,368
36811,370,368
36812,374,365
36813,377,358
36814,379,356
36815,381,355
36816,382,355
36817,384,354
36818,385,353
36819,384,353
36820,383,354
36821,385,354
36822,388,355
36823,387,355
36824,390,357
36825,390,357
36826,395,356
36827,394,357
36828,396,357
36829,396,357
36830,391,358
36831,394,357
36832,394,357
36833,392,356
36834,395,356
36835,392,356
36836,391,353
36837,390,355
36838,393,354
36839,392,353
36840,388,353
36841,388,352
36842,387,352
36843,388,352
36844,388,352
36845,387,349
36846,386,347
36847,387,346
36848,387,345
36849,387,345
36850,386,345
36851,386,341
36852,386,339
36853,384,348
36854,385,352
36855,384,352
36856,384,353
36857,384,353
36858,383,353
36859,383,353
36860,382,354
36861,384,353
36862,384,353
36863,385,353
36864,384,353
36865,384,353
36866,384,353
36867,382,354
36868,382,354
36869,382,354
36870,382,354
36871,382,354
36872,382,354
36873,381,354
36874,381,354
36875,382,354
36876,382,354
36877,382,355
36878,382,355
36879,382,355
36880,382,355
36881,383,355
36882,383,354
36883,383,355
36884,383,355
36885,383,355
36886,383,355
36887,383,355
36888,383,355
36889,382,355
36890,382,355
36891,382,355
36892,382,355
36893,381,356
36894,382,356
36895,380,355
36896,380,355
36897,379,354
36898,378,354
36899,377,354
36900,379,356
36901,381,356
36902,382,356
36903,386,355
36904,389,356
36905,383,356
36906,386,356
36907,389,355
36908,391,356
36909,390,356
36910,392,355
36911,393,356
36912,395,355
36913,400,353
36914,399,352
36915,402,346
36916,402,345
36917,402,340
36918,400,335
36919,402,329
36920,407,323
36921,407,317
36922,408,316
36923,408,312
36924,405,312
36925,402,311
36926,400,313
36927,398,313
36928,397,312
36929,397,312
36930,398,312
36931,397,313
36932,397,313
36933,397,313
36934,395,314
36935,395,312
36936,395,313
36937,395,312
36938,396,313
36939,396,313
36940,397,312
36941,397,313
36942,396,313
36943,395,314
36944,395,314
36945,396,314
36946,396,312
36947,396,312
36948,396,312
36949,394,313
36950,394,313
36951,395,313
36952,394,313
36953,384,317
36954,389,314
36955,385,314
36956,388,314
36957,372,313
36958,395,312
36959,389,311
36960,402,310
36961,398,313
36962,400,313
36963,401,313
36964,401,314
36965,403,313
36966,403,313
36967,403,313
36968,403,313
36969,402,314
36970,402,315
36971,402,315
36972,403,316
36973,403,316
36974,403,316
36975,403,316
36976,403,316
36977,403,316
36978,403,315
36979,402,313
36980,402,312
36981,402,312
36982,403,311
36983,402,310
36984,401,310
36985,399,309
36986,399,309
36987,403,308
36988,403,308
36989,402,309
36990,402,310
36991,402,312
36992,403,312
36993,403,311
36994,403,310
36995,404,311
36996,402,315
36997,405,315
36998,404,315
36999,405,317
37000,405,317
37001,405,317
37002,402,316
37003,404,317
37004,400,320
37005,403,321
37006,400,322
37007,405,321
37008,405,320
37009,404,320
37010,404,321
37011,406,322
37012,404,321
37013,403,324
37014,404,322
37015,404,322
37016,403,323
37017,406,324
37018,407,323
37019,407,324
37020,406,325
37021,406,327
37022,406,327
37023,406,327
37024,407,328
37025,408,329
37026,408,331
37027,407,332
37028,404,331
37029,403,329
37030,403,330
37031,406,331
37032,409,327
37033,409,324
37034,409,323
37035,410,326
37036,411,326
37037,412,328
37038,415,325
37039,419,323
37040,419,322
37041,423,319
37042,426,314
37043,429,309
37044,434,308
37045,429,305
37046,429,306
37047,428,305
37048,439,305
37049,442,305
37050,439,305
37051,437,306
37052,438,306
37053,437,307
37054,438,307
37055,437,308
37056,437,308
37057,439,310
37058,439,309
37059,440,311
37060,440,310
37061,439,310
37062,439,309
37063,438,310
37064,438,310
37065,438,311
37066,437,310
37067,436,313
37068,437,312
37069,439,311
37070,439,312
37071,438,312
37072,437,312
37073,431,314
37074,434,314
37075,434,315
37076,432,314
37077,428,315
37078,426,316
37079,412,319
37080,431,319
37081,417,321
37082,418,319
37083,411,318
37084,415,319
37085,429,320
37086,432,318
37087,415,320
37088,417,319
37089,411,316
37090,396,323
37091,412,311
37092,421,309
37093,425,310
37094,417,312
37095,408,314
37096,430,308
37097,421,309
37098,421,309
37099,422,309
37100,426,307
37101,427,306
37102,411,304
37103,425,306
37104,427,307
37105,427,306
37106,427,306
37107,410,306
37108,427,308
37109,428,308
37110,426,306
37111,408,305
37112,414,306
37113,415,306
37114,412,307
37115,410,307
37116,415,307
37117,412,307
37118,406,307
37119,433,310
37120,409,307
37121,401,307
37122,403,308
37123,404,308
37124,433,310
37125,432,310
37126,433,310
37127,404,306
37128,406,306
37129,406,307
37130,419,307
37131,423,307
37132,425,307
37133,426,306
37134,424,306
37135,424,306
37136,410,308
37137,415,308
37138,412,308
37139,408,308
37140,407,308
37141,413,308
37142,403,308
37143,410,307
37144,407,306
37145,404,307
37146,406,309
37147,411,310
37148,414,313
37149,422,309
37150,423,309
37151,430,308
37152,431,307
37153,434,306
37154,441,311
37155,441,311
37156,438,311
37157,439,311
37158,430,311
37159,441,312
37160,424,308
37161,424,304
37162,425,302
37163,429,297
37164,436,296
37165,441,293
37166,444,295
37167,446,294
37168,443,294
37169,440,292
37170,433,285
37171,435,283
37172,437,282
37173,434,281
37174,425,283
37175,421,281
37176,420,283
37177,412,282
37178,410,281
37179,411,282
37180,410,280
37181,408,279
37182,408,278
37183,409,278
37184,407,277
37185,406,277
37186,408,278
37187,408,277
37188,406,276
37189,405,276
37190,405,276
37191,402,278
37192,403,280
37193,400,280
37194,401,280
37195,401,280
37196,401,281
37197,401,281
37198,402,281
37199,402,281
37200,402,281
37201,402,281
37202,402,281
37203,403,281
37204,402,281
37205,402,281
37206,401,281
37207,401,282
37208,402,282
37209,400,283
37210,400,282
37211,401,282
37212,399,282
37213,400,282
37214,400,282
37215,398,283
37216,399,282
37217,402,282
37218,399,282
37219,394,285
37220,395,283
37221,399,282
37222,403,282
37223,406,282
37224,418,280
37225,419,279
37226,419,279
37227,419,279
37228,420,278
37229,420,278
37230,420,278
37231,421,277
37232,421,275
37233,421,276
37234,421,276
37235,422,274
37236,423,273
37237,423,271
37238,423,274
37239,423,274
37240,423,269
37241,422,266
37242,422,265
37243,422,267
37244,422,266
37245,422,267
37246,422,267
37247,421,267
37248,421,268
37249,421,268
37250,421,267
37251,421,269
37252,421,271
37253,421,271
37254,421,272
37255,420,273
37256,420,272
37257,420,273
37258,420,273
37259,420,272
37260,420,271
37261,420,271
37262,420,271
37263,420,273
37264,420,273
37265,420,275
37266,420,275
37267,421,274
37268,422,275
37269,421,276
37270,421,276
37271,421,276
37272,421,277
37273,421,276
37274,421,277
37275,421,275
37276,421,275
37277,421,277
37278,420,277
37279,420,278
37280,420,279
37281,420,281
37282,420,281
37283,420,281
37284,420,282
37285,419,282
37286,419,280
37287,419,284
37288,418,287
37289,418,288
37290,418,291
37291,419,292
37292,419,295
37293,419,296
37294,419,295
37295,421,295
37296,423,296
37297,422,295
37298,422,295
37299,422,293
37300,422,294
37301,421,294
37302,420,295
37303,422,294
37304,421,294
37305,419,299
37306,414,308
37307,412,309
37308,412,308
37309,415,307
37310,417,306
37311,419,310
37312,421,309
37313,418,309
37314,420,311
37315,419,312
37316,421,313
37317,421,313
37318,418,313
37319,415,315
37320,418,315
37321,417,315
37322,417,316
37323,417,317
37324,417,317
37325,418,317
37326,417,319
37327,415,318
37328,416,318
37329,416,317
37330,416,317
37331,416,317
37332,417,316
37333,416,316
37334,417,315
37335,417,316
37336,417,316
37337,417,314
37338,417,315
37339,416,315
37340,416,315
37341,418,315
37342,421,312
37343,423,309
37344,422,311
37345,423,311
37346,422,311
37347,426,315
37348,429,315
37349,423,316
37350,420,316
37351,416,317
37352,420,316
37353,417,313
37354,421,312
37355,425,311
37356,426,311
37357,428,307
37358,426,306
37359,420,306
37360,422,309
37361,413,310
37362,411,312
37363,411,313
37364,423,312
37365,425,311
37366,427,312
37367,428,309
37368,429,308
37369,432,308
37370,431,305
37371,430,303
37372,431,299
37373,429,301
37374,429,295
37375,428,297
37376,424,309
37377,425,312
37378,425,312
37379,424,312
37380,423,311
37381,421,311
37382,420,312
37383,423,311
37384,423,311
37385,423,310
37386,422,310
37387,425,309
37388,424,309
37389,421,311
37390,417,312
37391,417,310
37392,414,310
37393,415,304
37394,416,302
37395,416,302
37396,414,309
37397,416,301
37398,415,300
37399,414,300
37400,414,299
37401,414,299
37402,414,299
37403,414,299
37404,413,299
37405,413,298
37406,412,299
37407,411,298
37408,411,299
37409,409,299
37410,408,299
37411,409,299
37412,409,299
37413,409,300
37414,400,301
37415,410,299
37416,412,299
37417,412,300
37418,414,298
37419,415,300
37420,415,302
37421,415,300
37422,415,298
37423,415,298
37424,415,298
37425,411,302
37426,412,300
37427,412,302
37428,412,303
37429,415,299
37430,415,298
37431,415,296
37432,416,295
37433,414,297
37434,410,297
37435,406,298
37436,406,300
37437,405,299
37438,405,300
37439,406,299
37440,407,299
37441,407,299
37442,407,299
37443,407,299
37444,407,300
37445,406,300
37446,406,300
37447,407,298
37448,407,298
37449,406,299
37450,407,298
37451,407,299
37452,407,299
37453,407,298
37454,407,298
37455,407,298
37456,407,299
37457,408,297
37458,407,297
37459,408,297
37460,407,297
37461,407,298
37462,408,298
37463,407,298
37464,406,298
37465,407,299
37466,406,298
37467,405,299
37468,405,298
37469,405,299
37470,405,298
37471,404,298
37472,405,298
37473,405,298
37474,406,298
37475,406,298
37476,406,298
37477,407,298
37478,407,298
37479,407,298
37480,408,298
37481,408,298
37482,408,298
37483,408,298
37484,408,298
37485,408,298
37486,408,298
37487,409,297
37488,409,298
37489,409,298
37490,408,299
37491,408,299
37492,408,299
37493,408,299
37494,407,298
37495,407,298
37496,407,299
37497,407,298
37498,407,298
37499,407,297
37500,406,296
37501,406,295
37502,406,294
37503,407,297
37504,407,298
37505,407,297
37506,406,298
37507,408,300
37508,408,300
37509,408,302
37510,410,303
37511,410,304
37512,410,304
37513,412,304
37514,414,306
37515,415,307
37516,415,304
37517,414,306
37518,415,309
37519,416,311
37520,417,313
37521,418,312
37522,420,313
37523,421,312
37524,421,312
37525,421,312
37526,423,312
37527,421,312
37528,420,312
37529,421,312
37530,422,312
37531,421,313
37532,420,313
37533,419,312
37534,419,313
37535,420,313
37536,419,311
37537,418,309
37538,417,306
37539,419,304
37540,420,303
37541,420,303
37542,419,304
37543,418,303
37544,417,303
37545,418,302
37546,418,301
37547,417,301
37548,416,302
37549,414,303
37550,410,304
37551,407,304
37552,408,305
37553,390,318
37554,386,315
37555,390,315
37556,390,315
37557,396,306
37558,402,305
37559,401,305
37560,404,303
37561,404,304
37562,410,303
37563,412,304
37564,417,307
37565,424,308
37566,424,309
37567,422,310
37568,420,310
37569,418,310
37570,419,310
37571,417,311
37572,415,311
37573,416,311
37574,421,310
37575,420,311
37576,419,312
37577,417,313
37578,420,312
37579,418,312
37580,415,313
37581,414,314
37582,416,315
37583,418,314
37584,418,315
37585,418,315
37586,418,315
37587,417,315
37588,416,316
37589,418,315
37590,417,315
37591,418,315
37592,421,315
37593,419,316
37594,421,317
37595,420,319
37596,421,321
37597,415,323
37598,414,321
37599,413,320
37600,417,320
37601,412,320
37602,420,318
37603,421,317
37604,396,316
37605,398,315
37606,415,315
37607,426,314
37608,429,313
37609,430,312
37610,430,313
37611,427,313
37612,426,314
37613,423,314
37614,426,313
37615,425,313
37616,424,313
37617,423,313
37618,423,313
37619,424,316
37620,423,316
37621,421,315
37622,419,315
37623,419,315
37624,421,315
37625,422,315
37626,420,316
37627,417,316
37628,417,316
37629,417,316
37630,416,316
37631,415,317
37632,415,317
37633,416,317
37634,414,319
37635,414,318
37636,415,318
37637,417,319
37638,416,318
37639,416,320
37640,418,319
37641,419,319
37642,418,319
37643,418,319
37644,418,320
37645,418,319
37646,418,320
37647,420,319
37648,421,319
37649,420,320
37650,421,320
37651,420,320
37652,421,319
37653,422,318
37654,421,318
37655,422,318
37656,423,318
37657,421,318
37658,420,318
37659,420,319
37660,419,321
37661,418,323
37662,418,326
37663,418,326
37664,420,323
37665,424,318
37666,427,317
37667,425,318
37668,427,317
37669,427,317
37670,427,318
37671,416,319
37672,417,319
37673,420,318
37674,424,315
37675,422,315
37676,426,311
37677,422,309
37678,419,308
37679,420,307
37680,420,302
37681,418,297
37682,424,289
37683,427,288
37684,430,293
37685,433,294
37686,433,290
37687,427,291
37688,425,286
37689,422,280
37690,426,277
37691,422,275
37692,419,276
37693,414,274
37694,418,274
37695,418,273
37696,420,270
37697,425,268
37698,424,269
37699,422,268
37700,421,267
37701,424,265
37702,422,265
37703,419,269
37704,419,269
37705,422,267
37706,422,267
37707,421,271
37708,423,269
37709,422,273
37710,421,272
37711,420,270
37712,420,269
37713,421,269
37714,419,269
37715,418,269
37716,418,269
37717,417,269
37718,417,269
37719,417,269
37720,416,270
37721,417,270
37722,418,270
37723,418,270
37724,418,269
37725,419,269
37726,420,269
37727,419,269
37728,418,270
37729,419,271
37730,417,270
37731,418,270
37732,417,270
37733,417,270
37734,416,271
37735,413,270
37736,412,270
37737,410,270
37738,412,270
37739,411,270
37740,411,270
37741,410,270
37742,414,270
37743,412,270
37744,412,270
37745,411,270
37746,412,270
37747,409,270
37748,410,270
37749,410,271
37750,410,269
37751,407,269
37752,405,270
37753,407,272
37754,408,273
37755,409,273
37756,408,272
37757,406,272
37758,404,272
37759,405,271
37760,407,272
37761,410,272
37762,419,271
37763,420,270
37764,420,271
37765,427,272
37766,428,273
37767,429,274
37768,430,274
37769,431,274
37770,431,274
37771,431,274
37772,431,271
37773,431,270
37774,431,269
37775,432,270
37776,430,270
37777,432,271
37778,434,272
37779,433,275
37780,433,271
37781,432,271
37782,432,273
37783,434,272
37784,435,273
37785,435,275
37786,434,279
37787,434,279
37788,434,280
37789,434,280
37790,433,281
37791,437,278
37792,434,281
37793,434,283
37794,432,284
37795,432,285
37796,431,286
37797,433,288
37798,434,288
37799,434,288
37800,437,289
37801,438,289
37802,439,290
37803,440,290
37804,441,287
37805,440,287
37806,441,285
37807,444,282
37808,443,283
37809,439,280
37810,441,283
37811,441,282
37812,441,283
37813,440,278
37814,440,278
37815,440,278
37816,440,278
37817,440,278
37818,440,278
37819,436,282
37820,436,279
37821,436,281
37822,438,282
37823,438,283
37824,440,285
37825,438,289
37826,435,290
37827,433,293
37828,433,294
37829,432,297
37830,429,299
37831,428,299
37832,430,301
37833,429,302
37834,425,304
37835,422,306
37836,421,308
37837,420,312
37838,414,314
37839,410,319
37840,410,320
37841,403,323
37842,398,327
37843,397,326
37844,400,331
37845,397,334
37846,395,334
37847,396,333
37848,399,331
37849,405,330
37850,405,330
37851,407,333
37852,404,333
37853,407,333
37854,405,333
37855,402,335
37856,402,336
37857,402,336
37858,401,336
37859,400,336
37860,398,337
37861,399,337
37862,400,337
37863,400,338
37864,399,338
37865,397,338
37866,397,338
37867,397,338
37868,396,338
37869,396,338
37870,395,338
37871,397,337
37872,398,337
37873,397,338
37874,396,338
37875,396,338
37876,395,338
37877,395,339
37878,394,339
37879,396,340
37880,396,339
37881,399,338
37882,402,338
37883,403,337
37884,403,336
37885,400,339
37886,398,340
37887,400,340
37888,400,340
37889,399,339
37890,398,338
37891,397,337
37892,397,337
37893,398,336
37894,396,334
37895,395,332
37896,394,332
37897,388,330
37898,397,330
37899,400,332
37900,399,340
37901,398,339
37902,398,339
37903,397,338
37904,396,339
37905,393,338
37906,392,338
37907,391,336
37908,394,339
37909,396,342
37910,395,343
37911,396,344
37912,395,345
37913,395,345
37914,394,345
37915,394,344
37916,394,344
37917,394,344
37918,394,344
37919,395,344
37920,395,343
37921,395,343
37922,395,343
37923,395,344
37924,395,344
37925,394,344
37926,395,343
37927,394,343
37928,394,343
37929,394,343
37930,394,343
37931,394,344
37932,395,344
37933,395,343
37934,395,344
37935,395,344
37936,395,344
37937,396,344
37938,395,344
37939,396,344
37940,396,344
37941,396,344
37942,396,344
37943,396,344
37944,396,344
37945,396,344
37946,396,344
37947,395,344
37948,395,344
37949,395,344
37950,394,344
37951,394,344
37952,393,345
37953,394,343
37954,393,343
37955,390,344
37956,393,344
37957,396,344
37958,397,344
37959,400,344
37960,401,344
37961,403,343
37962,391,348
37963,394,345
37964,392,345
37965,398,343
37966,399,342
37967,404,339
37968,403,338
37969,414,338
37970,413,335
37971,422,330
37972,423,327
37973,423,323
37974,422,316
37975,421,314
37976,422,312
37977,428,306
37978,430,301
37979,431,298
37980,434,294
37981,436,290
37982,440,290
37983,442,288
37984,443,287
37985,441,285
37986,428,282
37987,434,277
37988,433,275
37989,433,275
37990,433,273
37991,434,271
37992,438,269
37993,437,268
37994,439,267
37995,440,264
37996,440,267
37997,440,266
37998,436,267
37999,430,258
38000,434,258
38001,432,254
38002,432,250
38003,429,247
38004,432,246
38005,432,243
38006,430,240
38007,428,238
38008,427,238
38009,428,238
38010,429,237
38011,426,238
38012,424,235
38013,423,232
38014,422,228
38015,416,230
38016,417,231
38017,418,233
38018,418,234
38019,414,237
38020,412,239
38021,417,240
38022,417,240
38023,417,240
38024,419,240
38025,417,241
38026,418,241
38027,417,240
38028,418,242
38029,418,243
38030,417,243
38031,418,244
38032,416,244
38033,418,245
38034,419,245
38035,420,244
38036,420,243
38037,420,242
38038,420,244
38039,423,241
38040,426,237
38041,426,238
38042,427,238
38043,426,238
38044,427,239
38045,427,239
38046,427,240
38047,427,238
38048,427,239
38049,428,240
38050,427,243
38051,428,238
38052,428,238
38053,430,239
38054,430,239
38055,428,239
38056,429,239
38057,430,239
38058,430,240
38059,426,238
38060,424,239
38061,426,239
38062,426,240
38063,428,239
38064,424,239
38065,424,237
38066,422,237
38067,424,235
38068,427,237
38069,425,237
38070,424,240
38071,420,242
38072,416,242
38073,416,243
38074,413,243
38075,411,246
38076,408,248
38077,412,251
38078,411,254
38079,405,252
38080,411,255
38081,409,257
38082,407,257
38083,404,258
38084,400,261
38085,399,259
38086,396,260
38087,394,261
38088,394,261
38089,392,263
38090,389,268
38091,390,268
38092,389,268
38093,383,270
38094,386,271
38095,378,269
38096,378,272
38097,376,272
38098,377,273
38099,379,275
38100,387,272
38101,393,272
38102,394,272
38103,393,272
38104,392,269
38105,391,269
38106,393,267
38107,393,267
38108,393,258
38109,392,259
38110,388,266
38111,388,265
38112,396,265
38113,394,258
38114,390,255
38115,388,255
38116,378,268
38117,376,270
38118,374,269
38119,371,270
38120,371,271
38121,370,265
38122,376,258
38123,372,260
38124,373,258
38125,370,257
38126,374,259
38127,377,258
38128,378,261
38129,382,259
38130,381,261
38131,383,263
38132,384,262
38133,384,262
38134,382,261
38135,383,261
38136,383,262
38137,381,263
38138,379,263
38139,378,271
38140,377,278
38141,373,263
38142,377,264
38143,378,262
38144,377,262
38145,378,265
38146,378,267
38147,378,265
38148,380,264
38149,380,264
38150,379,264
38151,380,265
38152,380,266
38153,380,267
38154,380,267
38155,380,264
38156,380,263
38157,380,265
38158,380,265
38159,381,268
38160,383,268
38161,386,268
38162,387,268
38163,387,268
38164,389,269
38165,388,270
38166,387,268
38167,389,270
38168,388,272
38169,389,275
38170,392,275
38171,386,279
38172,383,279
38173,385,279
38174,387,279
38175,387,280
38176,385,279
38177,383,279
38178,382,279
38179,382,278
38180,383,277
38181,382,277
38182,383,277
38183,384,277
38184,383,277
38185,384,277
38186,384,277
38187,384,277
38188,384,277
38189,384,278
38190,383,278
38191,383,278
38192,383,278
38193,383,278
38194,383,278
38195,383,278
38196,382,278
38197,384,278
38198,384,278
38199,383,278
38200,382,278
38201,382,279
38202,383,278
38203,383,278
38204,383,278
38205,383,277
38206,383,277
38207,383,277
38208,382,277
38209,382,277
38210,382,277
38211,383,276
38212,383,275
38213,382,276
38214,383,275
38215,382,277
38216,381,277
38217,381,277
38218,383,276
38219,383,277
38220,383,278
38221,383,279
38222,382,280
38223,382,280
38224,383,280
38225,382,281
38226,383,280
38227,382,281
38228,382,281
38229,382,281
38230,383,281
38231,384,280
38232,385,280
38233,385,279
38234,385,280
38235,388,280
38236,389,280
38237,393,278
38238,392,277
38239,389,277
38240,379,278
38241,376,277
38242,376,277
38243,375,277
38244,375,274
38245,376,273
38246,375,273
38247,374,278
38248,374,279
38249,375,283
38250,377,284
38251,378,285
38252,380,288
38253,381,288
38254,381,289
38255,382,288
38256,377,290
38257,375,290
38258,380,288
38259,385,286
38260,385,286
38261,388,288
38262,388,288
38263,388,289
38264,393,287
38265,394,288
38266,394,287
38267,396,287
38268,398,287
38269,402,286
38270,404,284
38271,407,284
38272,409,284
38273,408,283
38274,406,286
38275,405,289
38276,402,287
38277,411,287
38278,412,286
38279,410,283
38280,408,282
38281,414,280
38282,426,279
38283,425,277
38284,426,275
38285,431,269
38286,432,268
38287,434,266
38288,435,265
38289,436,262
38290,436,260
38291,429,259
38292,426,256
38293,426,253
38294,426,250
38295,427,248
38296,421,247
38297,423,246
38298,429,240
38299,425,241
38300,426,239
38301,426,238
38302,427,239
38303,427,238
38304,427,238
38305,427,238
38306,426,235
38307,427,235
38308,428,236
38309,428,234
38310,426,231
38311,425,231
38312,423,233
38313,426,236
38314,423,235
38315,420,238
38316,420,238
38317,418,239
38318,417,239
38319,417,240
38320,418,240
38321,420,241
38322,422,243
38323,421,243
38324,425,246
38325,429,248
38326,428,246
38327,428,245
38328,428,245
38329,428,245
38330,427,244
38331,428,245
38332,429,244
38333,429,244
38334,430,243
38335,430,244
38336,431,244
38337,431,243
38338,431,244
38339,430,243
38340,431,242
38341,431,243
38342,433,244
38343,432,240
38344,433,242
38345,430,240
38346,432,243
38347,433,245
38348,430,244
38349,431,249
38350,435,251
38351,434,248
38352,431,249
38353,432,247
38354,433,248
38355,427,249
38356,430,249
38357,432,250
38358,433,245
38359,428,247
38360,417,247
38361,426,245
38362,429,248
38363,428,246
38364,425,245
38365,426,246
38366,424,245
38367,425,245
38368,420,245
38369,421,244
38370,428,244
38371,414,244
38372,402,242
38373,397,242
38374,413,245
38375,415,244
38376,414,244
38377,412,246
38378,409,250
38379,407,253
38380,407,254
38381,406,254
38382,406,254
38383,407,255
38384,408,256
38385,408,257
38386,408,257
38387,409,256
38388,408,252
38389,408,257
38390,408,258
38391,409,258
38392,409,258
38393,410,258
38394,410,259
38395,410,259
38396,410,259
38397,410,259
38398,410,259
38399,410,260
38400,410,259
38401,410,260
38402,410,260
38403,409,260
38404,409,261
38405,409,261
38406,408,261
38407,410,261
38408,408,271
38409,409,263
38410,409,262
38411,408,262
38412,407,261
38413,408,261
38414,408,260
38415,408,260
38416,408,260
38417,408,260
38418,408,260
38419,408,260
38420,408,262
38421,408,262
38422,409,263
38423,409,263
38424,409,261
38425,408,263
38426,407,262
38427,407,262
38428,408,262
38429,408,258
38430,409,260
38431,410,261
38432,412,262
38433,411,260
38434,411,260
38435,413,263
38436,411,263
38437,411,264
38438,411,264
38439,410,265
38440,411,265
38441,411,265
38442,414,265
38443,416,265
38444,416,264
38445,416,264
38446,415,264
38447,416,265
38448,415,265
38449,415,265
38450,415,265
38451,415,264
38452,414,264
38453,415,264
38454,415,264
38455,416,264
38456,415,265
38457,415,264
38458,415,264
38459,415,264
38460,417,265
38461,417,265
38462,417,266
38463,416,266
38464,417,266
38465,416,265
38466,416,264
38467,415,265
38468,414,265
38469,414,265
38470,414,265
38471,410,265
38472,411,264
38473,409,265
38474,408,265
38475,408,264
38476,402,266
38477,403,265
38478,400,264
38479,398,263
38480,397,263
38481,397,263
38482,402,263
38483,409,263
38484,409,262
38485,408,263
38486,408,265
38487,409,267
38488,410,266
38489,411,267
38490,412,267
38491,413,267
38492,412,268
38493,412,267
38494,413,267
38495,414,267
38496,414,271
38497,415,272
38498,415,272
38499,414,273
38500,414,273
38501,414,273
38502,413,273
38503,414,272
38504,414,272
38505,414,272
38506,415,271
38507,414,271
38508,414,271
38509,414,271
38510,414,271
38511,413,271
38512,413,271
38513,410,268
38514,409,268
38515,408,268
38516,412,270
38517,412,270
38518,413,270
38519,413,270
38520,412,268
38521,413,268
38522,413,269
38523,412,268
38524,411,270
38525,412,271
38526,413,271
38527,413,271
38528,414,271
38529,412,271
38530,413,269
38531,412,270
38532,411,270
38533,410,270
38534,410,269
38535,410,269
38536,410,268
38537,409,268
38538,410,266
38539,413,265
38540,415,265
38541,419,263
38542,418,264
38543,422,263
38544,427,262
38545,427,262
38546,433,264
38547,432,260
38548,434,260
38549,438,263
38550,439,263
38551,441,264
38552,441,265
38553,440,266
38554,440,265
38555,439,265
38556,442,261
38557,444,260
38558,443,263
38559,434,262
38560,432,260
38561,427,260
38562,421,258
38563,417,259
38564,407,260
38565,400,260
38566,403,259
38567,400,258
38568,401,260
38569,400,261
38570,401,262
38571,401,264
38572,399,267
38573,398,270
38574,395,275
38575,396,272
38576,397,273
38577,396,274
38578,396,274
38579,398,275
38580,399,273
38581,400,273
38582,401,273
38583,401,273
38584,400,272
38585,399,274
38586,400,273
38587,400,273
38588,399,272
38589,400,273
38590,402,273
38591,398,273
38592,400,273
38593,396,275
38594,394,276
38595,402,275
38596,401,275
38597,397,276
38598,398,274
38599,400,273
38600,401,273
38601,401,272
38602,399,272
38603,397,273
38604,396,272
38605,397,273
38606,396,273
38607,396,273
38608,395,273
38609,395,273
38610,396,272
38611,398,272
38612,398,270
38613,398,268
38614,398,268
38615,400,268
38616,401,268
38617,401,270
38618,402,270
38619,402,271
38620,402,280
38621,399,271
38622,399,275
38623,401,290
38624,399,291
38625,401,292
38626,401,292
38627,401,293
38628,400,294
38629,400,293
38630,397,293
38631,396,293
38632,398,294
38633,399,293
38634,398,293
38635,399,293
38636,398,292
38637,401,293
38638,402,292
38639,406,286
38640,407,292
38641,406,292
38642,401,292
38643,406,293
38644,408,294
38645,405,291
38646,407,294
38647,409,283
38648,409,284
38649,409,288
38650,408,292
38651,406,294
38652,408,289
38653,408,285
38654,408,287
38655,407,292
38656,407,284
38657,405,292
38658,406,292
38659,408,288
38660,409,289
38661,409,292
38662,409,292
38663,409,291
38664,409,292
38665,408,292
38666,409,291
38667,410,292
38668,412,292
38669,412,292
38670,414,291
38671,412,286
38672,415,283
38673,416,274
38674,419,273
38675,420,278
38676,423,274
38677,427,268
38678,430,263
38679,437,257
38680,427,253
38681,425,250
38682,421,249
38683,447,247
38684,443,249
38685,445,251
38686,444,252
38687,444,253
38688,444,254
38689,444,255
38690,442,259
38691,438,260
38692,435,263
38693,433,263
38694,431,264
38695,429,266
38696,429,268
38697,427,269
38698,421,271
38699,414,278
38700,422,282
38701,418,285
38702,419,288
38703,423,288
38704,429,288
38705,426,288
38706,429,290
38707,430,290
38708,430,289
38709,430,289
38710,428,289
38711,428,289
38712,427,289
38713,427,289
38714,427,289
38715,426,289
38716,426,289
38717,428,289
38718,427,289
38719,427,290
38720,428,290
38721,427,290
38722,427,290
38723,428,290
38724,429,290
38725,425,289
38726,425,288
38727,422,287
38728,422,285
38729,421,285
38730,418,286
38731,410,289
38732,408,288
38733,409,287
38734,408,290
38735,411,289
38736,414,289
38737,412,291
38738,410,292
38739,410,293
38740,408,294
38741,408,293
38742,401,293
38743,402,293
38744,399,294
38745,396,299
38746,398,299
38747,396,299
38748,396,299
38749,396,300
38750,400,298
38751,396,297
38752,395,294
38753,397,294
38754,397,295
38755,398,299
38756,398,302
38757,395,304
38758,394,303
38759,395,306
38760,389,307
38761,392,305
38762,390,305
38763,389,306
38764,388,307
38765,385,309
38766,389,310
38767,389,310
38768,389,311
38769,390,312
38770,388,313
38771,388,314
38772,389,315
38773,390,315
38774,390,315
38775,391,315
38776,388,317
38777,389,317
38778,390,316
38779,389,316
38780,390,317
38781,389,316
38782,389,316
38783,388,316
38784,388,315
38785,388,315
38786,387,316
38787,387,316
38788,387,315
38789,388,316
38790,388,317
38791,388,316
38792,389,316
38793,390,317
38794,390,318
38795,390,319
38796,390,319
38797,391,316
38798,392,314
38799,393,313
38800,391,307
38801,391,305
38802,392,305
38803,393,302
38804,396,305
38805,397,306
38806,398,305
38807,403,301
38808,405,299
38809,407,295
38810,409,293
38811,412,290
38812,412,287
38813,414,284
38814,412,283
38815,416,281
38816,417,279
38817,418,277
38818,420,277
38819,422,275
38820,423,274
38821,424,272
38822,424,271
38823,426,273
38824,423,273
38825,418,272
38826,416,272
38827,413,273
38828,408,275
38829,405,276
38830,405,278
38831,407,279
38832,408,280
38833,405,280
38834,403,279
38835,403,280
38836,402,280
38837,403,280
38838,405,280
38839,405,279
38840,406,279
38841,406,279
38842,406,278
38843,406,279
38844,406,279
38845,405,279
38846,406,279
38847,406,279
38848,406,279
38849,407,280
38850,407,280
38851,407,281
38852,405,285
38853,405,281
38854,404,285
38855,404,286
38856,404,285
38857,404,285
38858,403,285
38859,403,286
38860,404,286
38861,405,281
38862,405,282
38863,405,282
38864,404,286
38865,404,286
38866,405,282
38867,406,282
38868,406,282
38869,406,282
38870,406,282
38871,407,282
38872,407,283
38873,407,283
38874,407,283
38875,407,283
38876,407,283
38877,408,283
38878,408,283
38879,409,282
38880,410,282
38881,409,282
38882,409,282
38883,409,282
38884,408,282
38885,407,282
38886,407,283
38887,407,285
38888,407,284
38889,407,283
38890,407,283
38891,407,285
38892,409,286
38893,409,286
38894,408,286
38895,408,287
38896,407,284
38897,407,286
38898,408,286
38899,408,285
38900,408,287
38901,409,289
38902,409,291
38903,409,292
38904,410,293
38905,410,294
38906,410,295
38907,411,297
38908,411,297
38909,411,297
38910,411,298
38911,412,298
38912,411,299
38913,412,300
38914,413,300
38915,413,300
38916,413,299
38917,414,298
38918,414,298
38919,414,296
38920,414,297
38921,415,300
38922,415,301
38923,415,302
38924,415,301
38925,414,300
38926,412,298
38927,413,293
38928,413,292
38929,411,290
38930,413,288
38931,412,288
38932,411,287
38933,412,287
38934,413,287
38935,412,292
38936,414,287
38937,415,289
38938,417,288
38939,415,290
38940,415,291
38941,416,291
38942,415,287
38943,414,287
38944,414,287
38945,414,284
38946,411,283
38947,411,285
38948,411,288
38949,410,293
38950,408,293
38951,402,290
38952,389,292
38953,393,291
38954,387,290
38955,387,292
38956,388,308
38957,389,302
38958,389,302
38959,386,302
38960,384,322
38961,381,316
38962,380,306
38963,378,300
38964,373,299
38965,365,302
38966,365,305
38967,366,304
38968,368,304
38969,366,308
38970,359,309
38971,360,312
38972,370,317
38973,371,320
38974,372,319
38975,374,318
38976,376,318
38977,375,318
38978,375,321
38979,375,323
38980,374,324
38981,381,320
38982,378,324
38983,376,326
38984,376,325
38985,376,322
38986,366,328
38987,368,329
38988,369,331
38989,370,328
38990,372,327
38991,373,328
38992,372,328
38993,372,328
38994,370,328
38995,367,328
38996,366,328
38997,365,328
38998,363,329
38999,364,330
39000,358,326
39001,357,327
39002,353,325
39003,355,329
39004,356,329
39005,355,328
39006,354,328
39007,350,329
39008,350,328
39009,348,328
39010,348,328
39011,349,324
39012,349,323
39013,348,328
39014,349,325
39015,346,325
39016,346,323
39017,346,323
39018,348,322
39019,349,323
39020,350,324
39021,345,323
39022,344,323
39023,347,321
39024,347,321
39025,339,324
39026,348,322
39027,349,321
39028,347,322
39029,349,327
39030,349,328
39031,348,328
39032,348,327
39033,347,329
39034,348,328
39035,346,325
39036,346,327
39037,347,327
39038,348,327
39039,349,327
39040,349,327
39041,348,328
39042,347,329
39043,347,329
39044,347,329
39045,347,331
39046,345,331
39047,345,331
39048,345,330
39049,345,331
39050,344,331
39051,343,331
39052,342,331
39053,342,331
39054,341,331
39055,340,334
39056,340,334
39057,340,334
39058,339,334
39059,339,331
39060,340,331
39061,340,331
39062,341,331
39063,341,331
39064,342,331
39065,342,331
39066,342,331
39067,342,331
39068,344,331
39069,345,331
39070,344,331
39071,343,332
39072,343,332
39073,345,332
39074,348,332
39075,353,332
39076,355,332
39077,359,333
39078,361,333
39079,360,333
39080,361,333
39081,362,333
39082,363,333
39083,366,333
39084,371,333
39085,371,334
39086,367,334
39087,374,334
39088,368,333
39089,371,333
39090,375,335
39091,361,334
39092,371,332
39093,372,329
39094,371,328
39095,370,322
39096,364,321
39097,355,320
39098,352,319
39099,354,322
39100,356,321
39101,356,323
39102,357,321
39103,355,317
39104,353,315
39105,354,314
39106,353,314
39107,351,314
39108,352,314
39109,351,314
39110,351,314
39111,350,314
39112,350,314
39113,351,314
39114,352,314
39115,352,313
39116,353,313
39117,353,313
39118,353,313
39119,352,313
39120,352,315
39121,351,315
39122,352,315
39123,350,313
39124,352,314
39125,354,315
39126,355,316
39127,356,317
39128,355,317
39129,356,320
39130,356,316
39131,358,323
39132,357,323
39133,356,323
39134,356,322
39135,356,316
39136,356,314
39137,355,316
39138,354,316
39139,354,314
39140,355,312
39141,355,311
39142,354,311
39143,355,311
39144,355,310
39145,355,311
39146,354,310
39147,355,313
39148,356,313
39149,356,313
39150,356,313
39151,357,314
39152,358,315
39153,357,316
39154,357,316
39155,357,316
39156,356,317
39157,356,319
39158,357,321
39159,357,320
39160,357,322
39161,357,323
39162,357,323
39163,358,323
39164,358,324
39165,358,324
39166,358,324
39167,357,323
39168,357,323
39169,357,325
39170,357,327
39171,358,329
39172,360,329
39173,363,330
39174,366,331
39175,365,332
39176,368,333
39177,366,335
39178,367,337
39179,368,339
39180,366,341
39181,367,342
39182,370,343
39183,369,344
39184,368,346
39185,369,346
39186,370,345
39187,371,345
39188,372,342
39189,373,338
39190,373,336
39191,372,336
39192,371,339
39193,371,339
39194,371,339
39195,374,338
39196,376,341
39197,376,342
39198,376,342
39199,376,342
39200,377,341
39201,376,343
39202,375,345
39203,378,342
39204,379,342
39205,378,341
39206,378,340
39207,375,342
39208,378,341
39209,376,340
39210,371,343
39211,367,343
39212,352,344
39213,353,345
39214,356,346
39215,356,347
39216,356,347
39217,355,347
39218,356,347
39219,361,346
39220,361,346
39221,361,345
39222,360,345
39223,361,345
39224,361,345
39225,361,345
39226,360,345
39227,360,345
39228,360,345
39229,359,345
39230,358,345
39231,358,345
39232,358,345
39233,358,345
39234,357,345
39235,358,345
39236,356,345
39237,356,345
39238,356,345
39239,356,345
39240,355,345
39241,355,345
39242,356,345
39243,356,345
39244,356,346
39245,354,345
39246,354,345
39247,355,348
39248,354,346
39249,354,348
39250,351,348
39251,352,349
39252,330,349
39253,332,349
39254,327,350
39255,326,351
39256,327,351
39257,326,353
39258,326,353
39259,330,348
39260,325,350
39261,330,346
39262,326,349
39263,325,348
39264,323,348
39265,326,347
39266,324,346
39267,324,348
39268,324,347
39269,329,340
39270,331,340
39271,331,340
39272,333,342
39273,324,348
39274,324,348
39275,330,349
39276,324,348
39277,324,346
39278,323,345
39279,322,344
39280,323,343
39281,324,341
39282,325,342
39283,324,344
39284,322,346
39285,324,349
39286,328,352
39287,329,351
39288,329,351
39289,328,351
39290,327,352
39291,329,352
39292,328,349
39293,323,349
39294,326,348
39295,325,349
39296,325,349
39297,327,349
39298,327,349
39299,327,349
39300,327,350
39301,327,350
39302,333,350
39303,333,350
39304,334,350
39305,333,350
39306,336,350
39307,330,350
39308,328,350
39309,326,350
39310,325,351
39311,324,351
39312,328,351
39313,328,351
39314,333,352
39315,336,352
39316,337,351
39317,338,351
39318,343,350
39319,349,349
39320,352,349
39321,353,348
39322,356,349
39323,357,349
39324,355,350
39325,357,350
39326,358,349
39327,357,348
39328,357,349
39329,354,350
39330,353,349
39331,351,349
39332,352,351
39333,346,351
39334,366,352
39335,374,352
39336,376,352
39337,376,350
39338,379,347
39339,381,343
39340,382,339
39341,379,337
39342,381,336
39343,383,337
39344,385,336
39345,387,334
39346,386,333
39347,390,333
39348,390,331
39349,391,331
39350,394,326
39351,401,322
39352,404,320
39353,405,317
39354,409,310
39355,412,307
39356,413,305
39357,415,303
39358,416,299
39359,417,294
39360,418,293
39361,419,290
39362,423,290
39363,425,291
39364,426,289
39365,429,287
39366,432,285
39367,435,283
39368,431,282
39369,429,282
39370,427,282
39371,413,281
39372,414,280
39373,405,279
39374,405,279
39375,406,279
39376,406,280
39377,409,280
39378,410,281
39379,406,281
39380,406,280
39381,406,280
39382,407,278
39383,410,278
39384,410,278
39385,410,278
39386,408,278
39387,408,278
39388,409,278
39389,409,278
39390,408,278
39391,409,278
39392,407,279
39393,407,278
39394,407,279
39395,409,279
39396,411,279
39397,410,279
39398,411,279
39399,411,279
39400,409,280
39401,407,280
39402,407,280
39403,407,280
39404,408,280
39405,407,280
39406,408,280
39407,411,280
39408,410,280
39409,410,280
39410,410,280
39411,410,281
39412,409,281
39413,409,281
39414,409,281
39415,410,281
39416,409,281
39417,408,281
39418,408,281
39419,407,281
39420,408,281
39421,411,281
39422,415,281
39423,418,281
39424,419,280
39425,419,281
39426,421,281
39427,424,280
39428,424,280
39429,423,280
39430,422,281
39431,422,281
39432,425,282
39433,423,282
39434,426,284
39435,427,282
39436,428,285
39437,427,284
39438,427,285
39439,426,282
39440,427,282
39441,428,283
39442,426,282
39443,422,283
39444,419,284
39445,413,284
39446,410,285
39447,421,285
39448,421,285
39449,416,286
39450,422,286
39451,424,287
39452,427,287
39453,428,287
39454,428,287
39455,429,286
39456,430,286
39457,429,286
39458,429,289
39459,428,296
39460,426,295
39461,427,294
39462,427,295
39463,428,294
39464,429,294
39465,430,293
39466,432,293
39467,429,297
39468,429,298
39469,430,297
39470,430,295
39471,432,295
39472,433,295
39473,434,295
39474,433,296
39475,437,295
39476,440,292
39477,443,292
39478,444,292
39479,445,291
39480,445,293
39481,443,293
39482,446,293
39483,447,294
39484,446,295
39485,442,295
39486,446,296
39487,441,295
39488,442,295
39489,442,298
39490,436,299
39491,434,299
39492,431,302
39493,434,306
39494,436,308
39495,439,307
39496,444,310
39497,442,312
39498,430,313
39499,434,315
39500,425,316
39501,420,317
39502,415,322
39503,414,323
39504,409,325
39505,410,326
39506,411,324
39507,409,324
39508,406,328
39509,407,328
39510,407,333
39511,402,331
39512,398,335
39513,393,333
39514,397,329
39515,401,331
39516,404,327
39517,402,331
39518,401,329
39519,402,329
39520,401,329
39521,401,329
39522,401,329
39523,401,330
39524,400,331
39525,400,332
39526,399,332
39527,399,333
39528,399,333
39529,398,333
39530,398,333
39531,398,333
39532,398,333
39533,397,333
39534,397,333
39535,397,333
39536,396,334
39537,396,334
39538,395,334
39539,397,333
39540,396,333
39541,391,334
39542,389,335
39543,387,336
39544,386,338
39545,386,337
39546,388,339
39547,388,339
39548,387,340
39549,387,341
39550,387,341
39551,385,341
39552,385,342
39553,386,342
39554,384,343
39555,383,342
39556,379,344
39557,381,343
39558,379,343
39559,375,342
39560,374,342
39561,374,342
39562,376,341
39563,375,341
39564,374,339
39565,374,337
39566,371,336
39567,368,334
39568,370,332
39569,377,339
39570,382,339
39571,380,340
39572,380,340
39573,379,338
39574,379,339
39575,375,337
39576,377,340
39577,375,339
39578,378,342
39579,380,347
39580,375,347
39581,379,349
39582,380,348
39583,380,348
39584,379,348
39585,377,348
39586,379,348
39587,379,348
39588,380,348
39589,381,348
39590,380,348
39591,381,348
39592,381,348
39593,380,348
39594,381,348
39595,381,348
39596,380,349
39597,380,349
39598,380,349
39599,381,349
39600,379,347
39601,379,347
39602,379,347
39603,379,347
39604,379,347
39605,380,347
39606,380,347
39607,380,348
39608,380,348
39609,380,348
39610,381,348
39611,380,348
39612,380,348
39613,382,349
39614,379,348
39615,380,348
39616,381,349
39617,381,348
39618,378,348
39619,380,348
39620,382,348
39621,384,348
39622,385,348
39623,388,348
39624,392,349
39625,394,349
39626,395,348
39627,394,348
39628,389,348
39629,388,348
39630,394,348
39631,392,348
39632,393,349
39633,400,345
39634,402,344
39635,402,346
39636,402,341
39637,405,337
39638,401,332
39639,402,328
39640,398,325
39641,399,321
39642,394,319
39643,391,320
39644,394,319
39645,394,318
39646,393,320
39647,397,317
39648,393,320
39649,392,320
39650,390,320
39651,390,320
39652,390,320
39653,389,321
39654,387,322
39655,385,324
39656,385,324
39657,385,325
39658,383,323
39659,380,323
39660,381,323
39661,381,324
39662,381,323
39663,381,323
39664,381,322
39665,382,322
39666,386,322
39667,386,322
39668,386,322
39669,387,321
39670,388,320
39671,389,319
39672,388,317
39673,389,316
39674,390,316
39675,392,320
39676,386,316
39677,388,317
39678,389,318
39679,394,319
39680,388,316
39681,393,320
39682,392,320
39683,394,320
39684,394,320
39685,394,320
39686,396,320
39687,396,320
39688,395,320
39689,393,320
39690,393,320
39691,391,320
39692,387,316
39693,386,317
39694,386,316
39695,386,316
39696,386,317
39697,386,316
39698,385,315
39699,386,315
39700,386,315
39701,385,317
39702,386,316
39703,385,317
39704,386,317
39705,386,317
39706,387,318
39707,387,317
39708,388,317
39709,388,317
39710,388,317
39711,387,316
39712,388,314
39713,389,314
39714,390,317
39715,391,319
39716,392,322
39717,391,321
39718,390,321
39719,389,321
39720,385,320
39721,385,320
39722,388,325
39723,389,330
39724,390,327
39725,391,325
39726,391,325
39727,392,326
39728,394,327
39729,394,330
39730,395,330
39731,395,331
39732,397,333
39733,396,334
39734,394,335
39735,393,337
39736,392,336
39737,389,336
39738,388,337
39739,391,337
39740,391,337
39741,391,338
39742,391,338
39743,396,335
39744,395,334
39745,394,331
39746,392,333
39747,394,328
39748,397,329
39749,399,329
39750,395,335
39751,405,333
39752,410,329
39753,419,326
39754,419,326
39755,419,327
39756,418,327
39757,419,321
39758,418,322
39759,413,322
39760,409,325
39761,409,325
39762,408,325
39763,403,330
39764,401,329
39765,398,334
39766,397,336
39767,395,337
39768,394,338
39769,391,333
39770,389,339
39771,386,337
39772,384,338
39773,382,344
39774,378,344
39775,376,345
39776,377,344
39777,375,344
39778,374,344
39779,367,348
39780,371,345
39781,371,345
39782,367,345
39783,371,346
39784,369,350
39785,367,349
39786,368,349
39787,367,344
39788,368,344
39789,366,344
39790,368,343
39791,372,344
39792,368,340
39793,376,337
39794,373,337
39795,370,339
39796,357,339
39797,355,343
39798,356,342
39799,377,340
39800,377,344
39801,379,346
39802,380,346
39803,382,344
39804,381,344
39805,381,343
39806,381,342
39807,378,347
39808,377,347
39809,378,347
39810,377,348
39811,377,348
39812,375,347
39813,376,347
39814,376,347
39815,376,347
39816,374,347
39817,374,347
39818,373,347
39819,374,348
39820,373,348
39821,373,348
39822,374,348
39823,374,348
39824,376,348
39825,376,348
39826,382,348
39827,385,348
39828,387,348
39829,388,348
39830,389,349
39831,390,338
39832,388,337
39833,384,334
39834,370,330
39835,365,333
39836,367,332
39837,368,331
39838,367,330
39839,367,330
39840,372,330
39841,380,325
39842,380,325
39843,382,326
39844,390,330
39845,391,329
39846,392,341
39847,391,332
39848,394,336
39849,392,325
39850,393,322
39851,396,322
39852,395,323
39853,396,324
39854,399,322
39855,398,318
39856,397,317
39857,398,317
39858,400,315
39859,397,316
39860,396,315
39861,398,309
39862,400,311
39863,402,308
39864,402,304
39865,403,303
39866,403,305
39867,404,303
39868,404,304
39869,404,304
39870,403,303
39871,406,302
39872,404,304
39873,406,307
39874,409,304
39875,407,305
39876,403,307
39877,403,307
39878,404,307
39879,405,306
39880,406,305
39881,406,305
39882,405,303
39883,406,303
39884,406,301
39885,407,299
39886,405,298
39887,408,298
39888,406,298
39889,409,297
39890,409,297
39891,410,298
39892,410,297
39893,407,296
39894,406,298
39895,404,299
39896,407,298
39897,406,298
39898,406,298
39899,408,298
39900,407,300
39901,406,300
39902,406,300
39903,406,300
39904,405,300
39905,406,300
39906,404,299
39907,405,299
39908,405,300
39909,406,301
39910,406,300
39911,406,302
39912,406,302
39913,406,302
39914,405,304
39915,405,306
39916,404,306
39917,405,304
39918,405,305
39919,405,305
39920,406,304
39921,406,305
39922,405,305
39923,406,304
39924,406,305
39925,406,304
39926,406,305
39927,406,304
39928,406,304
39929,406,304
39930,405,304
39931,405,304
39932,405,304
39933,404,304
39934,404,304
39935,405,304
39936,405,306
39937,405,306
39938,405,306
39939,405,307
39940,405,307
39941,406,307
39942,405,307
39943,405,308
39944,405,308
39945,405,308
39946,405,308
39947,404,308
39948,404,308
39949,404,308
39950,404,308
39951,404,308
39952,405,307
39953,406,307
39954,406,308
39955,405,307
39956,406,307
39957,405,307
39958,406,307
39959,406,306
39960,407,307
39961,407,307
39962,407,307
39963,407,306
39964,407,307
39965,407,306
39966,406,307
39967,406,306
39968,406,306
39969,406,306
39970,406,306
39971,405,308
39972,406,308
39973,406,308
39974,405,309
39975,406,307
39976,405,307
39977,405,305
39978,406,306
39979,407,306
39980,407,306
39981,407,308
39982,406,309
39983,407,308
39984,407,307
39985,406,308
39986,407,306
39987,407,308
39988,407,307
39989,407,309
39990,407,310
39991,408,310
39992,408,309
39993,408,309
39994,408,312
39995,409,310
39996,408,310
39997,407,315
39998,408,316
39999,407,316
40000,406,318
40001,408,315
40002,408,316
40003,407,316
40004,406,316
40005,407,317
40006,405,316
40007,406,317
40008,406,318
40009,406,320
40010,406,321
40011,406,320
40012,406,319
40013,405,317
40014,405,317
40015,404,317
40016,404,316
40017,396,316
40018,398,316
40019,398,316
40020,404,316
40021,403,316
40022,402,317
40023,401,316
40024,402,315
40025,399,317
40026,399,317
40027,397,318
40028,397,319
40029,396,319
40030,395,321
40031,392,321
40032,391,323
40033,392,321
40034,391,321
40035,391,322
40036,390,323
40037,387,328
40038,387,327
40039,386,327
40040,385,326
40041,381,323
40042,383,325
40043,382,325
40044,382,325
40045,381,324
40046,382,324
40047,380,321
40048,381,320
40049,379,321
40050,377,322
40051,376,323
40052,376,325
40053,376,326
40054,375,327
40055,375,328
40056,375,328
40057,377,329
40058,377,332
40059,382,329
40060,381,326
40061,382,328
40062,388,329
40063,386,329
40064,387,326
40065,391,326
40066,391,331
40067,382,332
40068,381,331
40069,387,330
40070,386,329
40071,386,328
40072,386,324
40073,385,329
40074,382,327
40075,377,326
40076,380,327
40077,376,327
40078,379,327
40079,375,328
40080,376,328
40081,376,328
40082,376,328
40083,377,328
40084,376,329
40085,375,328
40086,376,328
40087,375,328
40088,375,328
40089,375,324
40090,376,325
40091,378,324
40092,377,323
40093,377,330
40094,377,326
40095,374,326
40096,375,326
40097,375,326
40098,376,326
40099,375,323
40100,378,329
40101,378,325
40102,380,326
40103,383,326
40104,385,326
40105,384,321
40106,386,324
40107,382,327
40108,375,324
40109,372,323
40110,367,322
40111,369,321
40112,369,321
40113,372,321
40114,373,320
40115,364,320
40116,365,321
40117,383,320
40118,383,330
40119,383,321
40120,385,324
40121,387,325
40122,392,323
40123,396,322
40124,398,325
40125,398,325
40126,397,326
40127,402,320
40128,400,321
40129,399,321
40130,398,316
40131,397,319
40132,398,317
40133,397,318
40134,397,315
40135,397,313
40136,399,310
40137,401,312
40138,400,311
40139,399,315
40140,403,315
40141,406,314
40142,406,306
40143,410,304
40144,411,305
40145,409,301
40146,413,296
40147,413,290
40148,414,289
40149,416,289
40150,416,291
40151,417,293
40152,417,290
40153,415,288
40154,414,287
40155,414,286
40156,415,286
40157,414,286
40158,414,287
40159,415,287
40160,414,286
40161,414,286
40162,414,286
40163,414,286
40164,414,287
40165,414,286
40166,413,286
40167,414,286
40168,414,287
40169,414,286
40170,413,285
40171,410,285
40172,413,285
40173,415,286
40174,414,288
40175,413,290
40176,414,290
40177,415,288
40178,414,288
40179,415,287
40180,413,287
40181,416,287
40182,414,286
40183,413,287
40184,410,286
40185,413,285
40186,417,287
40187,418,287
40188,419,287
40189,420,287
40190,420,287
40191,421,286
40192,421,286
40193,421,286
40194,421,286
40195,420,285
40196,419,286
40197,419,285
40198,419,285
40199,418,285
40200,422,285
40201,422,285
40202,422,286
40203,421,285
40204,421,285
40205,420,285
40206,420,285
40207,420,284
40208,419,285
40209,418,285
40210,417,285
40211,416,285
40212,416,285
40213,417,285
40214,416,285
40215,417,285
40216,417,286
40217,417,287
40218,417,287
40219,417,287
40220,417,288
40221,417,289
40222,417,288
40223,417,287
40224,417,288
40225,417,288
40226,417,288
40227,417,288
40228,417,288
40229,418,288
40230,418,288
40231,419,287
40232,419,287
40233,418,285
40234,418,288
40235,418,287
40236,417,286
40237,417,286
40238,417,287
40239,417,287
40240,417,287
40241,417,288
40242,416,287
40243,415,287
40244,415,287
40245,415,287
40246,414,287
40247,414,287
40248,414,288
40249,413,288
40250,412,290
40251,412,290
40252,412,290
40253,412,290
40254,412,290
40255,412,291
40256,412,292
40257,412,292
40258,411,293
40259,411,293
40260,412,292
40261,412,289
40262,412,288
40263,411,289
40264,412,289
40265,412,289
40266,412,288
40267,412,288
40268,419,289
40269,420,290
40270,420,291
40271,420,292
40272,428,291
40273,424,292
40274,424,291
40275,423,291
40276,424,292
40277,424,292
40278,423,292
40279,423,292
40280,425,292
40281,428,292
40282,427,292
40283,431,291
40284,432,290
40285,432,289
40286,433,289
40287,432,290
40288,432,288
40289,432,288
40290,433,289
40291,432,289
40292,431,290
40293,429,291
40294,430,290
40295,430,290
40296,430,291
40297,430,290
40298,427,291
40299,428,291
40300,426,292
40301,424,295
40302,422,298
40303,422,298
40304,421,300
40305,420,303
40306,418,305
40307,417,304
40308,420,304
40309,418,304
40310,414,307
40311,412,307
40312,413,304
40313,413,304
40314,411,304
40315,411,303
40316,413,306
40317,418,308
40318,415,305
40319,418,307
40320,416,310
40321,417,310
40322,419,311
40323,419,308
40324,416,314
40325,414,317
40326,411,320
40327,407,322
40328,409,322
40329,408,324
40330,399,326
40331,409,323
40332,415,321
40333,410,324
40334,406,324
40335,406,323
40336,403,324
40337,403,324
40338,398,328
40339,396,327
40340,402,325
40341,404,326
40342,407,323
40343,405,324
40344,401,325
40345,398,325
40346,389,331
40347,392,330
40348,391,331
40349,391,331
40350,388,333
40351,390,333
40352,389,333
40353,388,333
40354,387,333
40355,386,333
40356,389,331
40357,388,331
40358,386,330
40359,386,331
40360,389,330
40361,387,331
40362,387,333
40363,387,334
40364,388,334
40365,386,334
40366,386,334
40367,386,334
40368,388,334
40369,388,334
40370,388,334
40371,388,334
40372,388,334
40373,388,334
40374,388,334
40375,387,334
40376,388,333
40377,387,333
40378,387,333
40379,387,333
40380,383,333
40381,384,332
40382,390,332
40383,388,332
40384,390,332
40385,391,332
40386,389,332
40387,389,332
40388,389,332
40389,388,332
40390,388,333
40391,387,333
40392,389,332
40393,389,332
40394,390,333
40395,390,332
40396,397,332
40397,398,332
40398,401,332
40399,401,329
40400,397,331
40401,398,327
40402,395,327
40403,392,327
40404,390,324
40405,393,320
40406,391,320
40407,392,321
40408,393,321
40409,392,321
40410,398,320
40411,407,320
40412,411,318
40413,411,317
40414,419,317
40415,425,318
40416,431,318
40417,433,317
40418,436,317
40419,439,313
40420,437,318
40421,437,319
40422,428,309
40423,429,307
40424,427,307
40425,429,306
40426,426,305
40427,423,305
40428,416,309
40429,415,311
40430,414,308
40431,419,315
40432,415,309
40433,413,308
40434,419,314
40435,419,305
40436,420,308
40437,425,305
40438,428,310
40439,429,307
40440,434,305
40441,434,306
40442,434,311
40443,436,304
40444,434,306
40445,442,311
40446,443,310
40447,444,304
40448,446,303
40449,446,305
40450,446,305
40451,424,307
40452,442,308
40453,440,307
40454,440,307
40455,441,307
40456,443,303
40457,444,303
40458,444,301
40459,444,300
40460,444,299
40461,444,299
40462,444,298
40463,444,296
40464,444,294
40465,444,297
40466,444,298
40467,445,302
40468,445,302
40469,445,303
40470,443,303
40471,443,303
40472,443,303
40473,443,303
40474,445,301
40475,444,304
40476,444,304
40477,444,303
40478,446,300
40479,446,301
40480,446,301
40481,446,301
40482,446,301
40483,446,301
40484,444,304
40485,444,304
40486,444,304
40487,445,301
40488,445,301
40489,445,301
40490,445,301
40491,445,301
40492,445,300
40493,444,300
40494,444,300
40495,444,300
40496,444,300
40497,444,301
40498,443,301
40499,443,301
40500,441,305
40501,440,305
40502,440,305
40503,439,305
40504,439,305
40505,438,304
40506,438,304
40507,439,305
40508,439,305
40509,438,305
40510,438,305
40511,439,306
40512,438,306
40513,437,306
40514,437,306
40515,438,306
40516,438,306
40517,438,305
40518,438,305
40519,438,305
40520,439,305
40521,440,305
40522,441,305
40523,440,305
40524,440,305
40525,441,306
40526,440,305
40527,440,306
40528,439,305
40529,440,305
40530,439,305
40531,440,305
40532,439,305
40533,440,305
40534,440,305
40535,440,305
40536,442,304
40537,441,304
40538,441,304
40539,444,302
40540,444,302
40541,444,302
40542,444,302
40543,443,302
40544,443,302
40545,442,303
40546,441,303
40547,441,303
40548,441,303
40549,442,306
40550,441,303
40551,441,303
40552,442,303
40553,442,303
40554,441,303
40555,441,303
40556,443,301
40557,443,301
40558,442,302
40559,441,303
40560,444,301
40561,444,300
40562,444,300
40563,444,300
40564,443,301
40565,444,302
40566,441,304
40567,440,304
40568,437,306
40569,439,305
40570,441,304
40571,440,308
40572,440,308
40573,440,307
40574,440,308
40575,439,309
40576,440,309
40577,433,310
40578,445,311
40579,448,310
40580,446,312
40581,443,313
40582,442,313
40583,444,312
40584,445,311
40585,447,311
40586,447,310
40587,446,310
40588,444,311
40589,445,311
40590,445,310
40591,445,310
40592,445,308
40593,446,310
40594,445,308
40595,445,311
40596,443,307
40597,443,307
40598,442,308
40599,443,308
40600,443,307
40601,443,309
40602,443,307
40603,443,307
40604,442,307
40605,442,307
40606,443,309
40607,442,311
40608,435,312
40609,429,313
40610,427,313
40611,422,314
40612,419,316
40613,420,316
40614,418,316
40615,420,316
40616,421,318
40617,416,319
40618,413,322
40619,412,323
40620,406,321
40621,406,319
40622,406,318
40623,404,319
40624,404,321
40625,402,323
40626,404,324
40627,400,324
40628,396,327
40629,397,328
40630,395,328
40631,393,329
40632,390,329
40633,394,328
40634,392,330
40635,393,332
40636,397,332
40637,398,330
40638,400,331
40639,402,332
40640,401,333
40641,402,333
40642,403,332
40643,401,331
40644,404,331
40645,394,334
40646,395,332
40647,392,333
40648,390,333
40649,386,331
40650,383,330
40651,380,330
40652,379,333
40653,377,333
40654,374,330
40655,371,333
40656,370,335
40657,371,336
40658,367,335
40659,369,335
40660,372,335
40661,373,335
40662,370,334
40663,365,334
40664,349,333
40665,349,333
40666,347,335
40667,341,335
40668,338,334
40669,342,335
40670,343,335
40671,340,335
40672,341,334
40673,345,335
40674,349,334
40675,361,334
40676,370,334
40677,369,334
40678,369,334
40679,367,334
40680,368,333
40681,369,333
40682,371,333
40683,369,332
40684,369,333
40685,370,334
40686,372,334
40687,372,334
40688,372,334
40689,373,334
40690,372,335
40691,371,335
40692,372,335
40693,373,335
40694,369,334
40695,369,332
40696,364,332
40697,357,332
40698,353,333
40699,358,333
40700,350,333
40701,351,334
40702,351,334
40703,352,335
40704,353,334
40705,352,334
40706,352,334
40707,354,334
40708,355,334
40709,355,334
40710,354,334
40711,353,333
40712,350,334
40713,349,334
40714,348,334
40715,352,334
40716,351,334
40717,353,334
40718,353,334
40719,354,334
40720,358,334
40721,373,334
40722,371,334
40723,369,334
40724,367,333
40725,368,334
40726,364,334
40727,364,334
40728,360,334
40729,356,334
40730,370,333
40731,372,333
40732,373,334
40733,374,334
40734,373,334
40735,372,334
40736,372,335
40737,372,334
40738,368,335
40739,370,335
40740,366,335
40741,371,334
40742,372,334
40743,373,334
40744,375,334
40745,376,335
40746,379,333
40747,378,334
40748,378,334
40749,375,335
40750,379,333
40751,382,333
40752,382,333
40753,380,333
40754,382,333
40755,382,333
40756,383,331
40757,383,326
40758,383,329
40759,381,324
40760,382,325
40761,382,325
40762,382,324
40763,382,324
40764,386,324
40765,389,323
40766,391,323
40767,391,323
40768,392,319
40769,394,319
40770,403,321
40771,408,317
40772,409,317
40773,413,319
40774,416,318
40775,420,317
40776,423,317
40777,420,312
40778,422,308
40779,424,309
40780,425,312
40781,428,311
40782,430,311
40783,429,312
40784,430,310
40785,432,309
40786,433,302
40787,435,295
40788,437,289
40789,439,286
40790,439,283
40791,439,280
40792,438,275
40793,439,271
40794,437,269
40795,435,267
40796,438,264
40797,436,261
40798,436,258
40799,437,256
40800,438,254
40801,439,252
40802,439,251
40803,437,252
40804,437,252
40805,440,250
40806,440,252
40807,441,253
40808,444,256
40809,448,262
40810,447,264
40811,447,267
40812,445,256
40813,444,261
40814,441,261
40815,438,265
40816,436,270
40817,434,277
40818,431,276
40819,433,276
40820,434,252
40821,434,251
40822,434,249
40823,433,251
40824,434,256
40825,435,258
40826,435,256
40827,433,255
40828,433,258
40829,434,263
40830,433,265
40831,431,267
40832,430,271
40833,431,273
40834,431,274
40835,431,274
40836,431,273
40837,433,274
40838,432,275
40839,431,276
40840,431,276
40841,430,276
40842,430,275
40843,430,276
40844,430,275
40845,429,277
40846,430,276
40847,430,275
40848,430,275
40849,430,276
40850,431,277
40851,431,281
40852,432,280
40853,432,282
40854,432,285
40855,432,286
40856,432,283
40857,433,281
40858,435,282
40859,433,281
40860,432,282
40861,432,284
40862,431,284
40863,429,284
40864,433,285
40865,433,285
40866,433,286
40867,432,287
40868,433,286
40869,431,287
40870,430,287
40871,431,286
40872,431,287
40873,431,281
40874,434,281
40875,436,279
40876,434,279
40877,440,280
40878,439,279
40879,439,280
40880,438,280
40881,438,285
40882,439,280
40883,436,283
40884,435,279
40885,435,279
40886,434,283
40887,435,289
40888,434,279
40889,433,279
40890,432,283
40891,436,291
40892,437,290
40893,438,290
40894,434,279
40895,433,280
40896,431,279
40897,428,281
40898,426,281
40899,425,285
40900,423,284
40901,421,283
40902,423,284
40903,422,283
40904,421,283
40905,422,283
40906,422,282
40907,420,284
40908,420,284
40909,420,284
40910,420,284
40911,420,285
40912,421,285
40913,420,286
40914,421,286
40915,421,285
40916,421,285
40917,422,284
40918,422,284
40919,422,284
40920,423,283
40921,424,283
40922,423,283
40923,424,282
40924,425,283
40925,425,283
40926,424,283
40927,423,282
40928,423,282
40929,422,282
40930,422,282
40931,421,282
40932,421,283
40933,420,283
40934,421,283
40935,420,284
40936,420,284
40937,421,283
40938,420,285
40939,419,287
40940,419,288
40941,419,286
40942,419,285
40943,422,282
40944,421,284
40945,423,285
40946,421,287
40947,423,289
40948,426,290
40949,427,292
40950,427,292
40951,426,292
40952,425,293
40953,425,292
40954,425,294
40955,425,293
40956,425,293
40957,424,294
40958,425,296
40959,428,297
40960,428,297
40961,428,298
40962,428,298
40963,428,299
40964,427,299
40965,428,299
40966,427,299
40967,430,297
40968,430,299
40969,430,299
40970,429,300
40971,432,302
40972,431,300
40973,431,301
40974,430,303
40975,428,305
40976,430,307
40977,427,309
40978,421,310
40979,422,310
40980,426,310
40981,428,309
40982,431,308
40983,431,308
40984,430,306
40985,430,307
40986,430,306
40987,428,309
40988,430,307
40989,430,308
40990,430,310
40991,431,310
40992,430,310
40993,430,310
40994,428,310
40995,428,310
40996,428,311
40997,430,310
40998,430,310
40999,428,310
41000,428,309
41001,428,309
41002,429,310
41003,427,310
41004,429,310
41005,428,309
41006,428,309
41007,429,310
41008,428,310
41009,427,311
41010,427,310
41011,427,311
41012,427,309
41013,426,311
41014,427,310
41015,426,311
41016,425,310
41017,427,311
41018,426,310
41019,425,309
41020,424,308
41021,425,307
41022,425,306
41023,425,307
41024,425,307
41025,425,305
41026,424,304
41027,426,307
41028,427,307
41029,427,311
41030,427,309
41031,428,307
41032,426,308
41033,428,306
41034,427,309
41035,427,306
41036,426,305
41037,424,305
41038,425,305
41039,424,305
41040,424,306
41041,424,307
41042,424,307
41043,425,306
41044,425,306
41045,425,307
41046,425,307
41047,429,304
41048,429,304
41049,429,304
41050,429,304
41051,429,304
41052,429,304
41053,428,304
41054,429,304
41055,429,304
41056,428,304
41057,429,304
41058,428,304
41059,429,304
41060,429,305
41061,428,305
41062,426,307
41063,425,307
41064,425,306
41065,426,308
41066,425,308
41067,425,308
41068,423,307
41069,424,307
41070,424,308
41071,425,309
41072,427,309
41073,427,309
41074,427,309
41075,428,309
41076,428,309
41077,427,309
41078,426,310
41079,428,311
41080,428,311
41081,431,310
41082,432,306
41083,432,305
41084,431,303
41085,430,305
41086,429,304
41087,431,301
41088,428,301
41089,432,295
41090,433,295
41091,429,293
41092,425,295
41093,425,293
41094,428,294
41095,430,286
41096,433,283
41097,435,278
41098,436,277
41099,438,274
41100,439,272
41101,440,271
41102,442,271
41103,444,268
41104,446,266
41105,449,263
41106,449,263
41107,451,265
41108,449,263
41109,448,263
41110,448,261
41111,447,257
41112,447,255
41113,447,251
41114,449,249
41115,447,250
41116,448,247
41117,444,244
41118,440,243
41119,440,244
41120,428,244
41121,428,244
41122,427,241
41123,426,234
41124,421,233
41125,419,234
41126,422,233
41127,422,234
41128,423,237
41129,417,236
41130,411,238
41131,410,239
41132,412,241
41133,419,242
41134,424,244
41135,425,245
41136,427,245
41137,427,246
41138,428,245
41139,427,246
41140,426,245
41141,425,245
41142,427,246
41143,427,245
41144,427,246
41145,426,245
41146,426,244
41147,425,245
41148,425,246
41149,425,247
41150,425,246
41151,426,246
41152,425,247
41153,423,246
41154,423,246
41155,425,249
41156,424,249
41157,424,248
41158,423,248
41159,422,247
41160,415,249
41161,414,249
41162,415,249
41163,418,250
41164,420,250
41165,419,250
41166,418,251
41167,414,253
41168,414,254
41169,416,255
41170,417,257
41171,417,258
41172,415,259
41173,414,260
41174,419,261
41175,413,261
41176,415,263
41177,412,267
41178,409,269
41179,411,270
41180,416,269
41181,413,271
41182,415,276
41183,410,281
41184,406,288
41185,408,294
41186,406,297
41187,401,303
41188,414,307
41189,410,305
41190,401,311
41191,411,313
41192,418,312
41193,415,315
41194,414,322
41195,413,326
41196,413,328
41197,416,325
41198,420,325
41199,414,326
41200,417,326
41201,426,324
41202,426,324
41203,422,323
41204,416,334
41205,412,334
41206,409,332
41207,403,328
41208,402,326
41209,401,326
41210,402,325
41211,402,323
41212,400,321
41213,390,322
41214,393,320
41215,397,315
41216,394,313
41217,385,318
41218,388,320
41219,385,322
41220,384,323
41221,385,321
41222,385,322
41223,383,321
41224,377,322
41225,381,321
41226,381,321
41227,378,321
41228,376,322
41229,378,322
41230,379,320
41231,382,320
41232,380,320
41233,378,320
41234,382,322
41235,381,322
41236,380,322
41237,380,321
41238,378,322
41239,376,322
41240,375,321
41241,374,321
41242,376,321
41243,375,322
41244,374,322
41245,373,321
41246,377,320
41247,372,320
41248,369,321
41249,369,321
41250,369,321
41251,367,321
41252,368,321
41253,368,320
41254,366,319
41255,363,321
41256,362,321
41257,366,320
41258,357,321
41259,357,321
41260,358,320
41261,359,321
41262,358,321
41263,360,321
41264,362,321
41265,360,322
41266,357,321
41267,360,321
41268,358,322
41269,361,321
41270,365,322
41271,369,322
41272,366,321
41273,368,320
41274,376,320
41275,374,319
41276,379,318
41277,380,318
41278,378,318
41279,379,318
41280,380,318
41281,381,320
41282,381,320
41283,381,320
41284,381,320
41285,381,320
41286,382,319
41287,381,318
41288,380,318
41289,378,318
41290,378,318
41291,379,318
41292,379,317
41293,375,319
41294,372,317
41295,373,317
41296,369,317
41297,372,320
41298,373,318
41299,375,318
41300,377,320
41301,378,319
41302,376,319
41303,376,319
41304,375,319
41305,376,318
41306,372,317
41307,379,317
41308,379,316
41309,379,317
41310,378,318
41311,378,318
41312,377,319
41313,379,319
41314,378,319
41315,383,318
41316,379,318
41317,380,319
41318,379,319
41319,377,318
41320,376,318
41321,378,318
41322,378,318
41323,378,318
41324,378,318
41325,375,318
41326,374,318
41327,374,318
41328,375,318
41329,375,318
41330,375,317
41331,376,318
41332,376,318
41333,381,318
41334,379,318
41335,382,318
41336,385,319
41337,386,319
41338,386,319
41339,385,319
41340,384,319
41341,387,319
41342,391,320
41343,394,320
41344,394,320
41345,394,320
41346,394,321
41347,394,323
41348,394,327
41349,394,326
41350,392,330
41351,391,327
41352,388,328
41353,385,319
41354,385,319
41355,389,318
41356,392,313
41357,393,312
41358,392,312
41359,396,312
41360,400,312
41361,403,309
41362,406,307
41363,407,307
41364,410,303
41365,413,302
41366,416,299
41367,419,295
41368,421,293
41369,424,288
41370,426,284
41371,429,286
41372,430,286
41373,432,280
41374,433,279
41375,436,275
41376,438,272
41377,438,271
41378,438,271
41379,436,270
41380,436,268
41381,430,267
41382,434,265
41383,438,263
41384,441,265
41385,441,259
41386,442,256
41387,443,252
41388,444,248
41389,444,243
41390,445,243
41391,445,244
41392,446,242
41393,446,243
41394,446,243
41395,446,245
41396,435,245
41397,431,248
41398,430,246
41399,429,246
41400,429,246
41401,424,244
41402,425,244
41403,424,241
41404,423,240
41405,424,237
41406,420,232
41407,417,229
41408,417,228
41409,427,226
41410,412,229
41411,409,229
41412,416,227
41413,423,222
41414,430,217
41415,424,221
41416,428,225
41417,430,225
41418,425,228
41419,430,231
41420,417,237
41421,414,243
41422,411,246
41423,411,248
41424,414,248
41425,413,246
41426,409,245
41427,409,245
41428,405,246
41429,402,248
41430,446,248
41431,446,250
41432,445,251
41433,444,252
41434,445,251
41435,407,251
41436,441,251
41437,413,251
41438,402,251
41439,405,251
41440,403,250
41441,402,251
41442,405,251
41443,405,251
41444,404,251
41445,408,251
41446,403,251
41447,403,250
41448,406,250
41449,401,250
41450,401,251
41451,401,249
41452,403,249
41453,406,245
41454,426,243
41455,403,242
41456,403,239
41457,407,237
41458,406,236
41459,410,231
41460,409,229
41461,406,231
41462,408,235
41463,410,234
41464,412,236
41465,417,240
41466,417,242
41467,416,243
41468,418,245
41469,418,247
41470,418,249
41471,419,248
41472,419,248
41473,420,251
41474,423,249
41475,425,251
41476,424,251
41477,422,253
41478,421,253
41479,419,254
41480,420,253
41481,420,255
41482,419,268
41483,420,270
41484,420,259
41485,421,259
41486,421,256
41487,421,262
41488,423,259
41489,423,255
41490,423,257
41491,423,257
41492,425,258
41493,428,260
41494,428,258
41495,429,256
41496,431,265
41497,430,255
41498,426,249
41499,429,250
41500,429,248
41501,430,250
41502,431,251
41503,430,251
41504,432,252
41505,432,252
41506,438,249
41507,444,245
41508,438,249
41509,435,252
41510,437,254
41511,433,254
41512,436,255
41513,429,258
41514,429,256
41515,434,265
41516,436,274
41517,434,265
41518,442,273
41519,440,264
41520,444,261
41521,444,262
41522,443,260
41532,399,276
41533,411,253
41534,422,249
41535,425,250
41536,426,237
41537,430,237
41538,432,237
41539,434,237
41540,436,237
41541,440,237
41542,440,235
41543,440,234
41544,438,232
41545,438,232
41546,442,229
41547,427,230
41548,432,230
41549,430,232
41550,438,234
41551,438,236
41552,440,241
41553,438,240
41554,433,242
41555,430,245
41556,429,247
41557,434,249
41558,433,252
41559,435,251
41560,436,252
41561,435,252
41562,436,254
41563,434,257
41564,435,259
41565,436,260
41566,435,261
41567,434,263
41568,432,265
41569,432,266
41570,432,270
41571,431,271
41572,429,273
41573,427,276
41574,426,282
41575,426,283
41576,427,285
41577,429,288
41578,430,288
41579,430,290
41580,433,291
41581,435,292
41582,435,293
41583,437,293
41584,436,293
41585,435,293
41586,435,293
41587,435,293
41588,440,292
41589,441,292
41590,442,291
41591,444,289
41592,446,289
41593,443,290
41594,445,290
41595,444,290
41596,444,290
41597,444,291
41598,444,291
41599,445,291
41600,441,292
41601,441,292
41602,441,293
41603,442,292
41604,441,292
41605,441,292
41606,442,292
41607,439,293
41608,438,294
41609,437,294
41610,435,295
41611,431,297
41612,430,298
41613,436,296
41614,437,296
41615,438,297
41616,438,297
41617,437,296
41618,434,296
41619,434,296
41620,433,297
41621,432,296
41622,435,295
41623,432,294
41624,432,292
41625,432,290
41626,433,288
41627,432,283
41628,433,281
41629,431,281
41630,430,281
41631,429,281
41632,429,279
41633,427,279
41634,428,280
41635,430,279
41636,431,278
41637,431,278
41638,429,277
41639,430,275
41640,432,273
41641,433,272
41642,436,271
41643,437,271
41644,438,271
41645,440,268
41646,442,269
41647,450,271
41648,450,274
41649,449,273
41650,443,272
41651,443,271
41652,444,271
41653,443,272
41654,443,272
41655,442,271
41656,442,269
41657,443,265
41658,442,265
41659,442,265
41660,443,265
41661,443,265
41662,443,265
41663,443,265
41664,444,269
41665,443,271
41666,442,271
41667,442,270
41668,442,283
41669,442,281
41670,441,272
41671,441,272
41672,441,271
41673,441,272
41674,441,282
41675,439,273
41676,439,273
41677,440,282
41678,440,281
41679,440,281
41680,440,283
41681,440,283
41682,440,281
41683,441,281
41684,441,280
41685,439,272
41686,439,272
41687,439,283
41688,439,283
41689,438,282
41690,437,273
41691,437,273
41692,437,272
41693,437,272
41694,437,272
41695,437,272
41696,437,272
41697,436,273
41698,436,273
41699,436,273
41700,436,273
41701,436,273
41702,436,273
41703,436,273
41704,435,274
41705,435,274
41706,436,274
41707,437,285
41708,437,284
41709,437,284
41710,437,285
41711,437,285
41712,437,285
41713,437,285
41714,436,284
41715,435,274
41716,435,274
41717,436,274
41718,438,285
41719,437,285
41720,436,276
41721,436,274
41722,435,275
41723,433,276
41724,432,277
41725,431,278
41726,429,280
41727,430,283
41728,430,285
41729,429,285
41730,426,284
41731,412,283
41732,429,285
41733,424,285
41734,422,285
41735,426,287
41736,426,288
41737,421,284
41738,424,284
41739,424,283
41740,426,286
41741,425,286
41742,425,286
41743,425,286
41744,424,286
41745,424,286
41746,424,286
41747,424,284
41748,425,284
41749,425,284
41750,424,284
41751,424,284
41752,426,284
41753,425,284
41754,425,284
41755,430,286
41756,430,286
41757,430,286
41758,430,286
41759,430,286
41760,430,286
41761,430,286
41762,430,285
41763,430,285
41764,430,285
41765,430,285
41766,430,285
41767,429,285
41768,429,285
41769,430,285
41770,429,285
41771,429,285
41772,429,285
41773,429,284
41774,429,284
41775,430,284
41776,430,284
41777,430,285
41778,431,285
41779,431,285
41780,430,285
41781,430,285
41782,430,286
41783,431,285
41784,431,285
41785,430,285
41786,430,285
41787,430,286
41788,430,285
41789,429,285
41790,429,285
41791,429,285
41792,429,285
41793,428,284
41794,429,284
41795,427,286
41796,430,285
41797,428,287
41798,428,287
41799,428,288
41800,428,287
41801,428,287
41802,429,287
41803,428,292
41804,429,292
41805,428,293
41806,428,292
41807,427,292
41808,427,294
41809,427,292
41810,427,291
41811,427,291
41812,429,289
41813,429,287
41814,430,286
41815,432,286
41816,431,286
41817,431,285
41818,431,285
41819,431,286
41820,432,287
41821,432,287
41822,431,290
41823,432,290
41824,432,288
41825,434,289
41826,435,288
41827,438,289
41828,439,287
41829,439,287
41830,440,287
41831,442,287
41832,441,289
41833,441,289
41834,441,289
41835,442,290
41836,449,290
41837,445,290
41838,449,292
41839,449,292
41840,449,294
41841,449,295
41842,448,296
41843,446,297
41844,443,300
41845,440,305
41846,438,309
41847,440,308
41848,439,310
41849,436,312
41850,428,315
41851,427,316
41852,426,317
41853,422,318
41854,419,318
41855,415,321
41856,410,322
41857,409,322
41858,408,326
41859,406,328
41860,409,328
41861,411,328
41862,410,327
41863,411,329
41864,411,329
41865,410,331
41866,406,327
41867,408,331
41868,412,330
41869,412,329
41870,413,327
41871,408,326
41872,394,328
41873,400,326
41874,397,327
41875,396,327
41876,403,323
41877,403,322
41878,408,322
41879,400,329
41880,397,329
41881,408,329
41882,399,329
41883,401,331
41884,402,328
41885,403,330
41886,403,329
41887,402,332
41888,402,332
41889,402,332
41890,406,328
41891,403,332
41892,404,332
41893,404,331
41894,404,331
41895,403,331
41896,403,331
41897,406,331
41898,407,331
41899,404,331
41900,404,331
41901,403,332
41902,402,332
41903,403,331
41904,404,332
41905,403,332
41906,404,333
41907,404,333
41908,405,333
41909,409,333
41910,409,335
41911,410,335
41912,413,336
41913,410,335
41914,411,327
41915,416,319
41916,414,322
41917,414,315
41918,415,314
41919,417,309
41920,426,314
41921,430,306
41922,430,301
41923,431,296
41924,435,290
41925,438,286
41926,442,285
41927,443,283
41928,448,282
41929,453,280
41930,455,280
41931,458,278
41932,460,278
41933,462,277
41934,464,274
41935,463,271
41936,463,271
41937,463,269
41938,463,269
41939,461,261
41940,458,258
41941,452,259
41942,450,259
41943,447,260
41944,445,260
41945,444,261
41946,443,262
41947,447,262
41948,450,262
41949,452,263
41950,451,264
41951,452,264
41952,452,264
41953,450,263
41954,452,263
41955,452,266
41956,454,262
41957,456,263
41958,460,264
41959,462,264
41960,463,263
41961,463,263
41962,462,265
41963,462,266
41964,464,268
41965,463,271
41966,464,272
41967,463,272
41968,460,274
41969,460,274
41970,460,275
41971,457,275
41972,455,272
41973,454,270
41974,453,270
41975,452,270
41976,452,269
41977,454,270
41978,454,268
41979,455,267
41980,456,264
41981,457,261
41982,455,257
41983,455,263
41984,453,264
41985,453,266
41986,454,269
41987,456,267
41988,454,266
41989,454,267
41990,455,267
41991,454,266
41992,454,268
41993,455,266
41994,455,265
41995,454,266
41996,454,266
41997,455,266
41998,455,266
41999,455,267
42000,455,283
42001,455,283
42002,455,283
42003,455,282
42004,454,282
42005,454,282
42006,454,275
42007,455,284
42008,456,284
42009,455,284
42010,456,284
42011,456,285
42012,456,284
42013,456,283
42014,456,283
42015,455,282
42016,456,282
42017,456,283
42018,456,283
42019,456,283
42020,456,283
42021,456,282
42022,455,282
42023,456,283
42024,456,282
42025,456,282
42026,456,282
42027,455,282
42028,455,282
42029,455,282
42030,455,282
42031,455,282
42032,455,281
42033,455,282
42034,455,282
42035,455,282
42036,455,281
42037,454,272
42038,454,272
42039,454,270
42040,454,269
42041,454,268
42042,454,270
42043,453,272
42044,453,272
42045,453,277
42046,453,281
42047,452,280
42048,451,274
42049,452,272
42050,451,274
42051,452,273
42052,452,274
42053,451,278
42054,450,280
42055,452,280
42056,452,280
42057,453,279
42058,453,280
42059,453,280
42060,454,281
42061,453,280
42062,455,277
42063,455,276
42064,455,275
42065,456,274
42066,456,273
42067,456,274
42068,457,273
42069,457,274
42070,455,274
42071,454,274
42072,456,275
42073,455,274
42074,455,274
42075,455,273
42076,454,274
42077,455,274
42078,456,274
42079,456,274
42080,455,274
42081,455,274
42082,455,275
42083,456,275
42084,455,277
42085,454,277
42086,454,278
42087,454,279
42088,453,279
42089,452,282
42090,450,282
42091,450,283
42092,449,284
42093,449,284
42094,451,284
42095,451,284
42096,452,284
42097,451,284
42098,451,285
42099,451,285
42100,450,288
42101,448,290
42102,450,290
42103,447,293
42104,446,291
42105,443,294
42106,441,294
42107,440,296
42108,438,296
42109,436,298
42110,435,299
42111,435,297
42112,434,298
42113,433,298
42114,432,300
42115,431,302
42116,429,301
42117,424,301
42118,419,299
42119,419,299
42120,431,299
42121,436,299
42122,427,299
42123,421,301
42124,421,301
42125,422,295
42126,420,296
42127,420,295
42128,420,296
42129,422,297
42130,420,297
42131,422,297
42132,423,295
42133,422,296
42134,423,297
42135,423,295
42136,425,295
42137,425,294
42138,424,295
42139,425,295
42140,425,293
42141,425,293
42142,425,293
42143,424,294
42144,424,294
42145,424,293
42146,424,294
42147,423,294
42148,424,294
42149,424,294
42150,423,294
42151,424,294
42152,424,294
42153,424,294
42154,424,294
42155,422,295
42156,424,295
42157,423,295
42158,423,295
42159,422,295
42160,423,296
42161,423,295
42162,423,295
42163,423,296
42164,423,296
42165,424,296
42166,423,297
42167,423,297
42168,424,297
42169,423,297
42170,422,297
42171,423,297
42172,422,297
42173,422,297
42174,422,297
42175,423,296
42176,425,296
42177,425,295
42178,426,295
42179,424,295
42180,426,296
42181,426,296
42182,426,296
42183,427,296
42184,428,296
42185,427,296
42186,427,296
42187,428,297
42188,427,297
42189,426,297
42190,426,298
42191,426,297
42192,425,297
42193,426,297
42194,426,297
42195,426,297
42196,425,297
42197,425,297
42198,425,297
42199,426,297
42200,425,297
42201,425,297
42202,426,297
42203,426,297
42204,425,298
42205,425,297
42206,425,298
42207,424,300
42208,424,300
42209,423,300
42210,422,301
42211,424,300
42212,423,300
42213,423,300
42214,425,299
42215,426,299
42216,429,299
42217,428,300
42218,428,301
42219,428,302
42220,430,303
42221,429,304
42222,428,303
42223,432,304
42224,433,304
42225,435,302
42226,439,302
42227,439,299
42228,441,298
42229,446,301
42230,445,300
42231,445,301
42232,445,299
42233,444,298
42234,443,299
42235,443,298
42236,445,297
42237,446,294
42238,446,296
42239,443,300
42240,440,297
42241,430,294
42242,425,292
42243,426,293
42244,428,293
42245,427,294
42246,425,294
42247,422,294
42248,422,294
42249,422,296
42250,419,299
42251,419,300
42252,423,300
42253,430,296
42254,431,296
42255,432,294
42256,433,291
42257,433,290
42258,434,289
42259,434,288
42260,433,286
42261,433,285
42262,434,284
42263,436,284
42264,438,286
42265,437,284
42266,439,283
42267,440,281
42268,441,282
42269,442,283
42270,444,287
42271,444,289
42272,444,290
42273,444,291
42274,443,292
42275,443,296
42276,443,296
42277,443,294
42278,445,294
42279,443,292
42280,446,289
42281,448,288
42282,448,286
42283,449,288
42284,447,284
42285,447,283
42286,446,280
42287,447,280
42288,446,281
42289,446,284
42290,443,284
42291,442,283
42292,440,283
42293,439,283
42294,440,283
42295,440,282
42296,440,280
42297,440,281
42298,441,282
42299,440,284
42300,440,285
42301,440,286
42302,440,287
42303,440,287
42304,440,287
42305,440,287
42306,440,287
42307,440,287
42308,440,287
42309,440,286
42310,440,286
42311,439,286
42312,439,286
42313,438,287
42314,437,286
42315,437,286
42316,439,286
42317,438,287
42318,436,287
42319,436,286
42320,437,286
42321,435,287
42322,435,288
42323,435,288
42324,436,290
42325,436,292
42326,437,286
42327,437,289
42328,437,288
42329,438,288
42330,438,291
42331,439,291
42332,439,290
42333,439,290
42334,440,289
42335,440,290
42336,440,290
42337,441,290
42338,441,290
42339,442,291
42340,441,291
42341,443,291
42342,442,290
42343,442,290
42344,442,290
42345,440,288
42346,441,288
42347,442,288
42348,442,288
42349,442,288
42350,442,290
42351,442,290
42352,441,291
42353,442,290
42354,441,289
42355,442,289
42356,442,288
42357,444,289
42358,442,287
42359,443,286
42360,442,289
42361,439,291
42362,436,291
42363,434,292
42364,431,293
42365,428,296
42366,428,295
42367,425,295
42368,425,297
42369,423,297
42370,423,299
42371,422,300
42372,421,301
42373,421,302
42374,420,302
42375,419,302
42376,415,303
42377,412,305
42378,412,306
42379,411,309
42380,416,311
42381,412,314
42382,414,313
42383,414,316
42384,411,318
42385,405,322
42386,402,324
42387,388,328
42388,391,325
42389,388,329
42390,378,336
42391,370,342
42392,367,343
42393,363,344
42394,361,345
42395,362,345
42396,355,344
42397,355,343
42398,354,345
42399,351,344
42400,349,345
42401,349,345
42402,349,346
42403,344,345
42404,344,345
42405,343,341
42406,343,339
42407,348,337
42408,349,337
42409,350,340
42410,356,342
42411,359,340
42412,361,342
42413,359,343
42414,355,343
42415,352,343
42416,348,342
42417,349,343
42418,346,342
42419,348,342
42420,350,340
42421,349,339
42422,344,337
42423,348,337
42424,346,337
42425,346,336
42426,346,336
42427,345,336
42428,340,336
42429,339,337
42430,338,336
42431,339,336
42432,336,335
42433,337,336
42434,339,336
42435,339,336
42436,339,337
42437,342,336
42438,336,336
42439,336,336
42440,337,337
42441,338,337
42442,340,337
42443,343,337
42444,342,338
42445,341,338
42446,343,339
42447,343,339
42448,342,339
42449,344,339
42450,341,339
42451,340,338
42452,339,339
42453,342,339
42454,341,339
42455,342,339
42456,342,339
42457,341,340
42458,342,339
42459,343,339
42460,341,339
42461,341,338
42462,341,338
42463,340,339
42464,340,339
42465,340,339
42466,339,339
42467,340,338
42468,340,338
42469,340,338
42470,340,338
42471,339,338
42472,340,338
42473,336,339
42474,334,339
42475,333,339
42476,340,340
42477,339,339
42478,338,340
42479,334,339
42480,335,339
42481,335,340
42482,336,340
42483,336,340
42484,336,341
42485,334,340
42486,336,340
42487,336,340
42488,334,340
42489,332,340
42490,332,339
42491,333,339
42492,333,339
42493,333,339
42494,331,339
42495,333,340
42496,332,340
42497,334,340
42498,334,340
42499,332,340
42500,331,340
42501,334,340
42502,335,343
42503,333,343
42504,336,345
42505,334,344
42506,335,343
42507,341,344
42508,338,343
42509,342,343
42510,330,342
42511,330,342
42512,331,340
42513,350,335
42514,361,335
42515,362,334
42516,366,334
42517,367,335
42518,367,336
42519,373,333
42520,375,335
42521,380,334
42522,382,332
42523,383,336
42524,380,335
42525,382,334
42526,386,326
42527,386,324
42528,387,325
42529,387,324
42530,393,322
42531,397,319
42532,403,319
42533,409,318
42534,411,316
42535,412,313
42536,411,311
42537,417,310
42538,418,310
42539,421,306
42540,426,303
42541,423,298
42542,419,295
42543,425,294
42544,414,288
42545,411,286
42546,411,289
42547,402,287
42548,410,285
42549,396,283
42550,397,280
42551,418,281
42552,405,279
42553,450,274
42554,448,274
42555,446,274
42556,446,274
42557,445,269
42558,443,268
42559,441,269
42560,443,267
42561,442,270
42562,438,267
42563,437,266
42564,436,265
42565,435,266
42566,434,263
42567,435,261
42568,437,261
42569,440,260
42570,440,260
42571,439,259
42572,439,260
42573,437,262
42574,437,265
42575,439,265
42576,441,264
42577,439,267
42578,441,264
42579,439,265
42580,439,265
42581,440,266
42582,436,265
42583,437,264
42584,438,264
42585,440,265
42586,439,265
42587,438,265
42588,436,265
42589,437,266
42590,437,267
42591,438,266
42592,438,268
42593,438,267
42594,438,267
42595,439,266
42596,439,265
42597,439,266
42598,441,266
42599,443,267
42600,441,265
42601,442,264
42602,444,265
42603,445,265
42604,446,264
42605,447,264
42606,447,264
42607,450,262
42608,449,264
42609,451,263
42610,452,263
42611,451,262
42612,451,262
42613,451,262
42614,451,262
42615,448,260
42616,447,260
42617,450,260
42618,450,260
42619,449,259
42620,449,260
42621,450,262
42622,448,262
42623,446,263
42624,445,263
42625,444,262
42626,445,265
42627,444,269
42628,447,269
42629,446,270
42630,444,272
42631,440,273
42632,442,272
42633,439,272
42634,438,271
42635,439,269
42636,438,267
42637,436,268
42638,435,268
42639,438,266
42640,437,265
42641,438,267
42642,438,267
42643,434,267
42644,429,267
42645,430,267
42646,432,266
42647,433,265
42648,435,266
42649,429,263
42650,433,263
42651,430,263
42652,434,263
42653,429,263
42654,426,263
42655,428,263
42656,429,264
42657,426,269
42658,425,266
42659,409,266
42660,433,264
42661,444,260
42662,443,260
42663,441,261
42664,441,262
42665,437,266
42666,438,265
42667,438,263
42668,437,262
42669,439,262
42670,440,262
42671,437,261
42672,441,265
42673,437,262
42674,436,263
42675,436,262
42676,436,263
42677,436,263
42678,436,265
42679,437,263
42680,436,264
42681,436,264
42682,436,265
42683,436,261
42684,435,276
42685,436,264
42686,436,267
42687,435,272
42688,433,273
42689,434,276
42690,434,279
42691,434,278
42692,434,266
42693,435,268
42694,435,267
42695,434,273
42696,433,278
42697,434,280
42698,431,280
42699,432,281
42700,431,280
42701,433,280
42702,433,281
42703,433,271
42704,434,272
42705,435,271
42706,435,272
42707,437,270
42708,437,269
42709,436,270
42710,437,269
42711,436,270
42712,434,271
42713,434,272
42714,434,271
42715,435,271
42716,433,270
42717,432,273
42718,430,274
42719,427,271
42720,435,267
42721,434,267
42722,433,267
42723,433,265
42724,433,267
42725,433,266
42726,433,266
42727,433,264
42728,433,264
42729,433,264
42730,433,264
42731,433,263
42732,433,264
42733,433,264
42734,433,264
42735,433,265
42736,433,265
42737,432,264
42738,432,265
42739,432,265
42740,432,266
42741,432,267
42742,432,266
42743,431,268
42744,432,267
42745,432,266
42746,432,266
42747,432,265
42748,431,265
42749,432,263
42750,432,264
42751,432,265
42752,432,262
42753,432,263
42754,433,265
42755,433,264
42756,434,265
42757,434,265
42758,435,266
42759,435,266
42760,435,266
42761,436,266
42762,436,266
42763,436,266
42764,436,266
42765,436,266
42766,436,266
42767,436,266
42768,436,266
42769,436,266
42770,436,266
42771,436,266
42772,435,266
42773,436,265
42774,436,265
42775,435,265
42776,435,265
42777,435,264
42778,434,265
42779,434,265
42780,434,265
42781,434,264
42782,434,264
42783,434,265
42784,434,265
42785,433,265
42786,434,264
42787,434,265
42788,432,265
42789,432,265
42790,432,264
42791,432,264
42792,432,266
42793,432,266
42794,431,266
42795,433,267
42796,432,266
42797,429,266
42798,434,266
42799,435,266
42800,435,265
42801,435,266
42802,435,266
42803,435,267
42804,435,266
42805,434,266
42806,434,267
42807,434,269
42808,434,269
42809,433,271
42810,435,270
42811,434,269
42812,437,269
42813,439,271
42814,442,268
42815,443,266
42816,448,262
42817,451,263
42818,451,262
42819,453,263
42820,454,263
42821,455,258
42822,455,254
42823,452,251
42824,451,252
42825,449,251
42826,447,251
42827,446,252
42828,444,248
42829,438,248
42830,437,246
42831,432,244
42832,431,245
42833,428,242
42834,423,240
42835,422,238
42836,417,233
42837,422,230
42838,417,227
42839,414,223
42840,417,222
42841,415,222
42842,414,222
42843,416,221
42844,413,221
42845,413,222
42846,412,220
42847,412,214
42848,410,212
42849,412,209
42850,413,211
42851,409,212
42852,411,219
42853,410,211
42854,412,212
42855,409,217
42856,408,214
42857,408,219
42858,408,220
42859,408,220
42860,412,221
42861,413,221
42862,412,222
42863,412,221
42864,410,221
42865,408,221
42866,409,223
42867,410,225
42868,411,225
42869,411,225
42870,410,226
42871,411,226
42872,413,226
42873,412,226
42874,413,226
42875,415,224
42876,415,221
42877,415,222
42878,415,221
42879,415,220
42880,414,220
42881,414,219
42882,415,220
42883,415,219
42884,415,218
42885,416,219
42886,415,219
42887,416,219
42888,416,219
42889,416,219
42890,416,219
42891,415,218
42892,416,219
42893,416,219
42894,416,219
42895,415,218
42896,415,217
42897,415,217
42898,416,217
42899,414,218
42900,414,217
42901,415,219
42902,414,219
42903,414,221
42904,413,219
42905,414,222
42906,414,224
42907,414,222
42908,414,225
42909,413,229
42910,412,230
42911,416,230
42912,410,233
42913,414,233
42914,416,235
42915,417,239
42916,417,240
42917,412,240
42918,418,239
42919,422,240
42920,428,244
42921,432,245
42922,429,244
42923,426,245
42924,425,246
42925,423,246
42926,422,248
42927,423,247
42928,426,245
42929,428,244
42930,429,240
42931,429,241
42932,428,239
42933,429,238
42934,432,243
42935,432,240
42936,423,243
42937,424,242
42938,425,242
42939,425,242
42940,425,241
42941,423,243
42942,414,237
42943,414,238
42944,424,241
42945,413,237
42946,410,242
42947,423,236
42948,434,243
42949,434,243
42950,432,237
42951,430,235
42952,434,237
42953,426,240
42954,424,240
42955,425,240
42956,424,241
42957,423,241
42958,424,242
42959,424,242
42960,420,242
42961,420,242
42962,421,243
42963,422,243
42964,422,243
42965,423,243
42966,423,243
42967,422,244
42968,422,244
42969,423,244
42970,423,244
42971,423,244
42972,423,245
42973,435,246
42974,435,245
42975,424,246
42976,424,245
42977,424,244
42978,424,246
42979,424,245
42980,426,244
42981,425,260
42982,424,267
42983,424,271
42984,424,271
42985,424,272
42986,425,271
42987,426,270
42988,426,269
42989,425,270
42990,425,269
42991,427,270
42992,425,270
42993,426,270
42994,426,270
42995,425,270
42996,422,269
42997,423,269
42998,422,269
42999,423,269
43000,424,269
43001,423,268
43002,423,267
43003,423,261
43004,422,243
43005,423,242
43006,422,243
43007,423,243
43008,423,243
43009,424,243
43010,424,243
43011,424,245
43012,424,247
43013,423,248
43014,424,246
43015,425,271
43016,421,243
43017,423,242
43018,420,243
43019,420,244
43020,421,243
43021,423,248
43022,423,263
43023,422,262
43024,421,256
43025,421,245
43026,418,243
43027,419,242
43028,419,242
43029,419,244
43030,418,242
43031,418,241
43032,418,241
43033,418,241
43034,418,241
43035,418,241
43036,416,241
43037,416,240
43038,416,240
43039,417,239
43040,417,239
43041,416,240
43042,415,241
43043,410,242
43044,415,241
43045,416,242
43046,410,243
43047,413,243
43048,412,243
43049,419,242
43050,420,242
43051,422,242
43052,423,240
43053,426,240
43054,427,238
43055,430,240
43056,432,242
43057,432,242
43058,433,244
43059,433,246
43060,429,247
43061,430,245
43062,420,245
43063,430,245
43064,414,248
43065,407,243
43066,409,244
43067,409,241
43068,410,239
43069,413,235
43070,417,235
43071,416,231
43072,416,224
43073,415,223
43074,419,224
43075,421,216
43076,418,219
43077,415,213
43078,415,211
43079,413,210
43080,413,209
43081,408,207
43082,408,208
43083,407,205
43084,409,200
43085,408,199
43086,408,197
43087,408,200
43088,408,199
43089,406,200
43090,407,197
43091,401,199
43092,401,201
43093,400,203
43094,402,204
43095,401,208
43096,402,210
43097,399,208
43098,399,206
43099,403,206
43100,406,244
43101,408,239
43102,406,238
43103,404,240
43104,403,238
43105,402,224
43106,399,212
43107,400,206
43108,400,206
43109,399,205
43110,401,209
43111,400,213
43112,400,215
43113,399,218
43114,400,218
43115,400,221
43116,401,221
43117,402,221
43118,405,219
43119,405,218
43120,406,219
43121,405,220
43122,406,218
43123,413,216
43124,417,218
43125,420,218
43126,422,218
43127,423,217
43128,421,216
43129,421,216
43130,422,213
43131,423,213
43132,425,216
43133,425,212
43134,425,218
43135,424,232
43136,424,211
43137,425,209
43138,426,208
43139,425,206
43140,427,207
43141,427,226
43142,427,225
43143,428,216
43144,427,220
43145,427,234
43146,426,232
43147,425,231
43148,426,206
43149,425,203
43150,425,204
43151,426,208
43152,425,204
43153,426,203
43154,426,202
43155,426,203
43156,427,204
43157,427,207
43158,427,205
43159,426,206
43160,426,207
43161,426,208
43162,426,208
43163,426,208
43164,426,209
43165,426,209
43166,426,209
43167,426,209
43168,426,209
43169,426,210
43170,427,210
43171,427,210
43172,427,210
43173,427,210
43174,427,209
43175,428,210
43176,428,216
43177,428,223
43178,428,229
43179,428,228
43180,429,231
43181,429,227
43182,428,222
43183,428,213
43184,430,222
43185,429,209
43186,428,205
43187,429,201
43188,430,206
43189,431,207
43190,431,209
43191,431,209
43192,432,208
43193,431,208
43194,431,208
43195,430,205
43196,432,203
43197,431,206
43198,431,206
43199,431,209
43200,432,210
43201,432,210
43202,432,210
43203,430,209
43204,429,209
43205,430,209
43206,429,209
43207,431,209
43208,431,209
43209,431,210
43210,430,209
43211,430,208
43212,430,208
43213,429,207
43214,428,208
43215,428,212
43216,427,212
43217,426,214
43218,426,218
43219,427,219
43220,426,219
43221,426,217
43222,426,221
43223,425,222
43224,423,224
43225,421,225
43226,418,228
43227,418,228
43228,418,230
43229,417,231
43230,416,234
43231,418,237
43232,422,238
43233,423,240
43234,425,244
43235,427,249
43236,429,250
43237,435,252
43238,439,252
43239,439,254
43240,438,257
43241,437,257
43242,438,258
43243,439,259
43244,438,260
43245,439,259
43246,438,261
43247,439,262
43248,439,263
43249,439,263
43250,437,264
43251,436,268
43252,433,268
43253,431,270
43254,427,272
43255,423,273
43256,423,277
43257,422,277
43258,422,278
43259,420,280
43260,419,280
43261,421,279
43262,417,279
43263,417,278
43264,420,277
43265,426,277
43266,426,274
43267,429,276
43268,430,276
43269,434,274
43270,432,273
43271,431,272
43272,428,272
43273,426,272
43274,419,273
43275,420,273
43276,419,273
43277,418,274
43278,418,271
43279,418,272
43280,417,272
43281,415,273
43282,412,273
43283,411,270
43284,407,273
43285,402,272
43286,416,270
43287,419,267
43288,415,266
43289,415,264
43290,414,266
43291,415,267
43292,414,265
43293,407,265
43294,409,264
43295,411,265
43296,410,263
43297,411,263
43298,410,263
43299,412,263
43300,411,264
43301,410,267
43302,409,268
43303,409,266
43304,418,264
43305,422,265
43306,419,263
43307,419,263
43308,419,263
43309,419,263
43310,420,263
43311,421,264
43312,416,266
43313,415,266
43314,413,268
43315,413,267
43316,419,255
43317,419,255
43318,422,259
43319,428,247
43320,428,251
43321,426,245
43322,428,243
43323,426,258
43324,433,262
43325,435,263
43326,442,262
43327,443,261
43328,446,260
43329,446,260
43330,449,261
43331,450,259
43332,452,259
43333,454,258
43334,454,259
43335,455,258
43336,453,260
43337,450,259
43338,449,260
43339,451,236
43340,455,238
43341,458,240
43342,454,240
43343,450,243
43344,447,244
43345,444,246
43346,440,244
43347,437,243
43348,438,245
43349,438,247
43350,433,249
43351,438,248
43352,436,250
43353,435,252
43354,437,252
43355,442,253
43356,444,255
43357,447,251
43358,449,250
43359,451,252
43360,454,248
43361,455,247
43362,458,248
43363,459,245
43364,460,246
43365,462,248
43366,463,248
43367,465,248
43368,466,247
43369,466,247
43370,465,246
43371,464,246
43372,465,245
43373,465,243
43374,466,240
43375,464,240
43376,464,239
43377,464,240
43378,463,240
43379,462,241
43380,462,240
43381,462,238
43382,463,236
43383,463,236
43384,460,251
43385,460,257
43386,460,247
43387,463,238
43388,463,236
43389,463,236
43390,463,235
43391,463,236
43392,464,235
43393,466,236
43394,466,237
43395,466,237
43396,466,240
43397,466,242
43398,466,236
43399,466,236
43400,466,237
43401,466,238
43402,466,238
43403,466,239
43404,466,239
43405,466,240
43406,465,238
43407,464,238
43408,463,239
43409,463,240
43410,463,240
43411,462,240
43412,463,239
43413,463,239
43414,462,242
43415,461,242
43416,462,241
43417,462,242
43418,462,243
43419,462,241
43420,462,242
43421,462,242
43422,462,242
43423,462,241
43424,462,241
43425,462,242
43426,460,243
43427,461,240
43428,461,241
43429,462,241
43430,462,243
43431,462,242
43432,462,242
43433,462,241
43434,462,242
43435,463,241
43436,462,241
43437,462,242
43438,463,242
43439,464,240
43440,460,237
43441,461,236
43442,460,242
43443,460,238
43444,463,235
43445,462,236
43446,461,232
43447,457,232
43448,453,239
43449,452,238
43450,450,241
43451,448,240
43452,441,240
43453,436,241
43454,438,242
43455,423,241
43456,426,240
43457,433,240
43458,436,240
43459,428,240
43460,438,239
43461,431,240
43462,430,240
43463,429,240
43464,426,242
43465,427,243
43466,437,243
43467,440,241
43468,441,242
43469,441,241
43470,440,242
43471,441,241
43472,441,241
43473,441,241
43474,441,242
43475,441,242
43476,442,242
43477,441,241
43478,441,241
43479,441,241
43480,443,241
43481,442,240
43482,442,240
43483,441,240
43484,441,242
43485,441,242
43486,442,241
43487,441,241
43488,441,240
43489,441,242
43490,441,241
43491,441,240
43492,440,241
43493,440,242
43494,439,242
43495,440,243
43496,440,243
43497,439,243
43498,439,243
43499,439,243
43500,440,243
43501,440,243
43502,440,243
43503,440,243
43504,441,244
43505,442,245
43506,442,245
43507,443,246
43508,441,245
43509,438,244
43510,429,244
43511,430,244
43512,424,245
43513,423,245
43514,423,244
43515,423,244
43516,444,244
43517,446,244
43518,444,244
43519,440,241
43520,444,242
43521,448,243
43522,449,243
43523,449,244
43524,449,245
43525,449,244
43526,447,244
43527,450,244
43528,450,244
43529,450,244
43530,451,244
43531,451,244
43532,450,244
43533,452,245
43534,451,245
43535,450,245
43536,449,246
43537,448,245
43538,449,246
43539,449,246
43540,449,246
43541,451,246
43542,451,246
43543,451,246
43544,450,243
43545,450,243
43546,448,245
43547,448,247
43548,448,248
43549,451,249
43550,441,250
43551,426,248
43552,425,249
43553,432,249
43554,428,249
43555,421,248
43556,429,250
43557,429,249
43558,428,250
43559,452,249
43560,457,247
43561,425,246
43562,458,244
43563,463,241
43564,469,238
43565,470,235
43566,472,235
43567,473,232
43568,474,230
43569,474,229
43570,475,232
43571,476,232
43572,474,235
43573,473,235
43574,471,240
43575,470,241
43576,471,243
43577,468,250
43578,467,254
43579,466,255
43580,464,259
43581,462,262
43582,461,260
43583,462,264
43584,461,264
43585,458,262
43586,456,263
43587,454,264
43588,454,263
43589,454,263
43590,453,261
43591,453,259
43592,453,260
43593,453,262
43594,453,266
43595,453,268
43596,453,270
43597,452,273
43598,450,274
43599,451,275
43600,448,279
43601,445,280
43602,442,282
43603,437,286
43604,435,287
43605,434,286
43606,430,289
43607,425,289
43608,434,289
43609,440,284
43610,445,283
43611,446,279
43612,447,280
43613,447,280
43614,448,279
43615,448,279
43616,449,279
43617,449,279
43618,449,279
43619,449,281
43620,449,287
43621,449,288
43622,448,291
43623,447,288
43624,447,290
43625,446,287
43626,446,287
43627,447,289
43628,443,294
43629,445,294
43630,445,294
43631,445,292
43632,445,291
43633,441,293
43634,441,294
43635,438,296
43636,440,296
43637,440,295
43638,442,295
43639,443,295
43640,444,294
43641,447,293
43642,449,294
43643,450,288
43644,452,285
43645,453,279
43646,454,278
43647,456,276
43648,458,272
43649,459,268
43650,460,265
43651,462,265
43652,462,263
43653,463,259
43654,465,267
43655,464,250
43656,468,248
43657,469,247
43658,468,248
43659,470,259
43660,471,245
43661,475,239
43662,479,239
43663,479,237
43664,481,237
43665,482,235
43666,482,245
43667,483,245
43668,482,239
43669,481,242
43670,481,242
43671,480,242
43672,478,239
43673,478,237
43674,478,240
43675,480,237
43676,479,239
43677,478,237
43678,477,243
43679,478,236
43680,481,231
43681,481,231
43682,481,228
43683,483,226
43684,484,226
43685,484,221
43686,482,226
43687,484,220
43688,483,221
43689,482,221
43690,482,220
43691,482,221
43692,480,221
43693,481,222
43694,482,223
43695,482,225
43696,482,226
43697,481,226
43698,481,225
43699,481,224
43700,481,224
43701,481,223
43702,481,223
43703,481,223
43704,481,224
43705,481,224
43706,482,223
43707,481,223
43708,481,223
43709,481,222
43710,481,221
43711,482,220
43712,482,221
43713,482,220
43714,482,221
43715,482,221
43716,483,222
43717,483,222
43718,483,222
43719,482,221
43720,482,222
43721,483,222
43722,483,221
43723,483,221
43724,482,222
43725,482,222
43726,482,222
43727,481,222
43728,481,223
43729,481,222
43730,481,222
43731,481,222
43732,481,222
43733,481,222
43734,481,222
43735,481,222
43736,481,221
43737,481,221
43738,481,221
43739,481,224
43740,480,221
43741,481,221
43742,481,221
43743,481,222
43744,481,222
43745,481,222
43746,483,223
43747,482,222
43748,482,222
43749,482,222
43750,482,220
43751,483,223
43752,483,222
43753,483,223
43754,483,223
43755,483,223
43756,483,224
43757,483,224
43758,482,223
43759,482,223
43760,482,223
43761,482,223
43762,481,221
43763,481,221
43764,481,222
43765,481,222
43766,481,222
43767,482,222
43768,481,222
43769,481,223
43770,481,223
43771,482,225
43772,481,224
43773,481,223
43774,481,222
43775,481,222
43776,481,222
43777,481,222
43778,481,222
43779,482,224
43780,482,224
43781,482,224
43782,481,222
43783,481,223
43784,482,225
43785,482,225
43786,482,223
43787,482,223
43788,482,222
43789,481,222
43790,482,222
43791,482,223
43792,483,222
43793,483,222
43794,483,222
43795,483,222
43796,484,224
43797,483,226
43798,483,227
43799,483,233
43800,483,238
43801,483,238
43802,483,238
43803,482,239
43804,481,238
43805,480,234
43806,480,234
43807,478,229
43808,478,230
43809,478,227
43810,478,222
43811,479,228
43812,479,229
43813,479,225
43814,480,222
43815,479,225
43816,480,225
43817,481,225
43818,481,225
43819,481,226
43820,481,227
43821,482,229
43822,482,228
43823,477,224
43824,476,221
43825,466,221
43826,473,221
43827,475,227
43828,475,227
43829,467,224
43830,476,227
43831,468,225
43832,480,219
43833,474,219
43834,477,220
43835,473,221
43836,477,226
43837,473,226
43838,470,228
43839,472,232
43840,471,233
43841,472,231
43842,471,233
43843,471,239
43844,468,240
43845,464,244
43846,464,244
43847,466,250
43848,463,252
43849,463,254
43850,459,254
43851,459,262
43852,457,266
43853,456,271
43854,455,275
43855,453,279
43856,452,283
43857,451,287
43858,448,294
43859,449,296
43860,439,307
43861,444,310
43862,442,312
43863,441,314
43864,425,320
43865,424,323
43866,428,328
43867,400,344
43868,397,343
43869,400,346
43870,398,347
43871,397,348
43872,395,349
43873,389,345
43874,377,340
43875,379,336
43876,385,339
43877,391,340
43878,398,339
43879,399,339
43880,401,340
43881,401,340
43882,401,341
43883,402,341
43884,403,342
43885,403,342
43886,403,342
43887,403,343
43888,403,343
43889,403,343
43890,404,343
43891,403,344
43892,402,345
43893,405,346
43894,404,347
43895,405,346
43896,405,346
43897,405,347
43898,405,349
43899,404,350
43900,404,349
43901,406,347
43902,411,346
43903,411,344
43904,412,342
43905,415,337
43906,414,337
43907,414,335
43908,419,335
43909,421,327
43910,425,323
43911,428,320
43912,428,318
43913,430,318
43914,429,318
43915,427,318
43916,425,315
43917,416,317
43918,414,318
43919,415,318
43920,413,313
43921,412,311
43922,411,309
43923,411,309
43924,415,308
43925,412,309
43926,412,308
43927,416,306
43928,418,305
43929,416,305
43930,414,304
43931,418,304
43932,419,305
43933,423,306
43934,423,306
43935,416,306
43936,398,303
43937,398,300
43938,415,304
43939,411,299
43940,403,296
43941,404,297
43942,399,296
43943,413,304
43944,415,304
43945,415,305
43946,413,305
43947,412,305
43948,412,305
43949,412,305
43950,413,306
43951,413,307
43952,412,306
43953,413,306
43954,414,306
43955,415,306
43956,416,305
43957,415,306
43958,414,306
43959,414,307
43960,416,305
43961,415,307
43962,416,305
43963,415,307
43964,415,307
43965,414,307
43966,414,307
43967,414,307
43968,413,307
43969,414,307
43970,414,307
43971,413,307
43972,412,307
43973,412,307
43974,412,307
43975,412,307
43976,411,307
43977,410,308
43978,409,307
43979,395,304
43980,399,305
43981,403,307
43982,410,309
43983,413,307
43984,413,308
43985,415,308
43986,417,309
43987,420,308
43988,422,307
43989,424,308
43990,424,308
43991,423,308
43992,414,310
43993,418,308
43994,418,305
43995,420,305
43996,424,307
43997,424,303
43998,430,302
43999,432,297
44000,435,295
44001,438,291
44002,435,291
44003,429,291
44004,432,290
44005,434,288
44006,430,283
44007,436,281
44008,439,278
44009,439,276
44010,440,276
44011,439,272
44012,440,270
44013,439,267
44014,439,267
44015,441,262
44016,439,263
44017,438,264
44018,434,261
44019,426,260
44020,425,262
44021,424,261
44022,429,259
44023,430,258
44024,429,257
44025,427,258
44026,427,258
44027,424,257
44028,426,258
44029,426,256
44030,427,256
44031,427,258
44032,428,258
44033,432,257
44034,429,260
44035,429,260
44036,429,260
44037,430,259
44038,428,258
44039,430,260
44040,429,259
44041,429,258
44042,429,258
44043,429,260
44044,427,259
44045,427,261
44046,428,258
44047,427,258
44048,423,259
44049,426,258
44050,424,260
44051,423,260
44052,422,260
44053,423,260
44054,419,258
44055,419,258
44056,421,258
44057,416,260
44058,415,260
44059,414,260
44060,415,261
44061,412,261
44062,411,261
44063,413,261
44064,415,261
44065,415,261
44066,413,260
44067,417,260
44068,416,260
44069,415,261
44070,410,260
44071,409,260
44072,411,260
44073,413,259
44074,414,259
44075,413,259
44076,412,260
44077,411,260
44078,411,260
44079,410,259
44080,409,259
44081,409,260
44082,409,261
44083,409,261
44084,409,261
44085,410,262
44086,412,262
44087,414,262
44088,414,263
44089,422,262
44090,421,261
44091,413,263
44092,430,263
44093,434,262
44094,435,262
44095,436,263
44096,437,262
44097,440,262
44098,443,262
44099,437,262
44100,436,263
44101,435,264
44102,436,263
44103,437,264
44104,437,263
44105,437,263
44106,434,263
44107,408,262
44108,406,261
44109,402,259
44110,404,259
44111,426,256
44112,432,258
44113,442,263
44114,445,266
44115,444,265
44116,445,268
44117,445,272
44118,444,275
44119,445,275
44120,445,275
44121,447,273
44122,446,273
44123,448,274
44124,449,272
44125,448,267
44126,448,265
44127,449,266
44128,448,266
44129,447,266
44130,445,266
44131,445,266
44132,445,267
44133,444,267
44134,440,271
44135,441,271
44136,444,270
44137,443,272
44138,443,270
44139,439,272
44140,439,272
44141,443,274
44142,434,278
44143,432,279
44144,432,277
44145,431,279
44146,429,281
44147,428,281
44148,427,283
44149,426,284
44150,426,286
44151,426,287
44152,428,288
44153,430,289
44154,428,293
44155,427,295
44156,425,297
44157,417,300
44158,416,300
44159,417,300
44160,397,304
44161,396,308
44162,402,308
44163,399,308
44164,403,310
44165,396,315
44166,417,316
44167,417,317
44168,415,321
44169,417,323
44170,418,321
44171,421,319
44172,420,321
44173,419,323
44174,415,324
44175,413,328
44176,402,332
44177,405,331
44178,409,331
44179,404,335
44180,402,335
44181,404,334
44182,404,337
44183,402,338
44184,403,339
44185,404,339
44186,403,341
44187,403,341
44188,403,341
44189,403,341
44190,404,344
44191,405,344
44192,402,343
44193,402,343
44194,402,343
44195,400,343
44196,401,340
44197,401,341
44198,401,341
44199,401,340
44200,402,340
44201,399,341
44202,399,342
44203,400,342
44204,402,342
44205,406,340
44206,406,343
44207,406,344
44208,404,346
44209,403,347
44210,403,348
44211,402,348
44212,398,348
44213,398,348
44214,396,348
44215,396,346
44216,398,346
44217,397,345
44218,397,344
44219,397,343
44220,397,342
44221,396,341
44222,402,345
44223,404,347
44224,405,347
44225,402,347
44226,399,350
44227,400,346
44228,400,346
44229,399,343
44230,399,343
44231,399,349
44232,399,351
44233,398,351
44234,398,351
44235,398,352
44236,399,350
44237,400,350
44238,400,351
44239,399,351
44240,399,352
44241,399,352
44242,400,352
44243,400,351
44244,400,351
44245,401,351
44246,400,351
44247,400,351
44248,400,351
44249,400,350
44250,402,349
44251,402,349
44252,402,348
44253,402,349
44254,403,349
44255,402,349
44256,404,349
44257,403,349
44258,403,349
44259,404,349
44260,404,349
44261,404,350
44262,404,349
44263,405,349
44264,405,349
44265,405,349
44266,403,349
44267,403,349
44268,403,348
44269,403,348
44270,403,349
44271,404,349
44272,404,348
44273,403,349
44274,402,349
44275,400,349
44276,400,350
44277,402,349
44278,407,349
44279,407,349
44280,406,351
44281,405,351
44282,402,351
44283,403,351
44284,405,347
44285,404,347
44286,403,349
44287,401,349
44288,403,349
44289,409,351
44290,410,351
44291,411,349
44292,417,344
44293,417,341
44294,419,339
44295,416,338
44296,414,338
44297,413,327
44298,416,334
44299,418,335
44300,425,313
44301,428,315
44302,431,309
44303,431,309
44304,435,308
44305,438,299
44306,438,294
44307,441,292
44308,438,291
44309,441,288
44310,440,287
44311,437,289
44312,435,288
44313,435,287
44314,434,287
44315,433,285
44316,433,285
44317,432,286
44318,432,285
44319,431,287
44320,432,287
44321,428,288
44322,426,287
44323,426,288
44324,424,289
44325,426,288
44326,426,288
44327,427,288
44328,426,288
44329,425,288
44330,426,287
44331,425,287
44332,426,287
44333,427,288
44334,427,288
44335,427,287
44336,427,287
44337,426,287
44338,419,287
44339,419,287
44340,426,286
44341,428,287
44342,428,287
44343,429,287
44344,428,287
44345,429,285
44346,430,285
44347,430,285
44348,430,284
44349,430,285
44350,431,285
44351,431,285
44352,431,285
44353,429,285
44354,429,284
44355,428,284
44356,428,284
44357,429,285
44358,429,284
44359,429,285
44360,429,284
44361,430,284
44362,430,284
44363,430,284
44364,430,284
44365,431,285
44366,431,285
44367,431,285
44368,431,285
44369,431,285
44370,431,285
44371,431,286
44372,431,285
44373,431,285
44374,431,285
44375,431,286
44376,431,285
44377,431,285
44378,431,285
44379,431,284
44380,430,284
44381,430,283
44382,430,283
44383,430,284
44384,430,284
44385,430,284
44386,430,284
44387,430,284
44388,430,284
44389,430,285
44390,429,285
44391,430,287
44392,431,289
44393,431,288
44394,432,290
44395,434,290
44396,433,290
44397,435,291
44398,437,292
44399,437,293
44400,439,291
44401,438,292
44402,438,293
44403,444,294
44404,443,294
44405,446,294
44406,447,294
44407,446,294
44408,448,293
44409,445,293
44410,447,292
44411,446,293
44412,447,292
44413,448,292
44414,448,293
44415,448,292
44416,447,294
44417,450,294
44418,448,293
44419,448,294
44420,446,295
44421,448,293
44422,451,290
44423,449,288
44424,449,289
44425,447,287
44426,447,289
44427,447,290
44428,448,290
44429,452,292
44430,450,295
44431,449,300
44432,447,300
44433,446,304
44434,443,309
44435,438,310
44436,434,312
44437,428,311
44438,425,312
44439,423,314
44440,418,317
44441,414,317
44442,413,318
44443,412,319
44444,411,324
44445,407,325
44446,402,331
44447,404,332
44448,396,327
44449,393,328
44450,394,331
44451,394,331
44452,393,332
44453,389,332
44454,386,333
44455,394,334
44456,392,336
44457,390,338
44458,391,335
44459,399,332
44460,400,332
44461,390,329
44462,389,330
44463,388,331
44464,392,330
44465,393,331
44466,397,333
44467,398,332
44468,397,332
44469,398,333
44470,399,333
44471,399,333
44472,399,335
44473,399,335
44474,399,335
44475,397,335
44476,397,335
44477,396,335
44478,396,336
44479,395,336
44480,395,336
44481,396,336
44482,395,336
44483,394,336
44484,395,336
44485,395,336
44486,395,336
44487,395,336
44488,395,336
44489,395,336
44490,394,337
44491,393,338
44492,393,338
44493,393,338
44494,393,338
44495,394,339
44496,395,339
44497,395,340
44498,394,339
44499,395,339
44500,395,340
44501,395,341
44502,395,342
44503,397,341
44504,397,342
44505,397,346
44506,397,346
44507,396,347
44508,397,347
44509,398,347
44510,393,346
44511,395,344
44512,392,345
44513,392,346
44514,392,344
44515,393,344
44516,396,343
44517,397,343
44518,399,345
44519,396,345
44520,393,347
44521,392,342
44522,393,341
44523,388,333
44524,387,334
44525,388,329
44526,388,326
44527,387,330
44528,388,328
44529,388,333
44530,388,326
44531,387,337
44532,388,347
44533,389,348
44534,388,349
44535,388,349
44536,388,349
44537,388,349
44538,388,349
44539,388,349
44540,387,349
44541,388,350
44542,388,350
44543,388,349
44544,388,348
44545,388,349
44546,387,349
44547,387,349
44548,387,349
44549,387,349
44550,387,349
44551,387,349
44552,388,349
44553,388,349
44554,388,349
44555,388,348
44556,387,349
44557,391,348
44558,391,348
44559,392,348
44560,393,348
44561,392,348
44562,389,349
44563,388,349
44564,384,349
44565,384,350
44566,384,350
44567,385,350
44568,391,350
44569,394,350
44570,394,351
44571,394,351
44572,394,352
44573,395,351
44574,396,351
44575,396,351
44576,397,352
44577,393,351
44578,392,351
44579,392,351
44580,398,350
44581,402,350
44582,403,352
44583,405,353
44584,405,352
44585,406,346
44586,411,342
44587,414,338
44588,411,339
44589,409,334
44590,410,327
44591,412,322
44592,412,320
44593,412,313
44594,416,309
44595,420,304
44596,423,299
44597,426,297
44598,429,293
44599,433,291
44600,434,288
44601,436,287
44602,440,282
44603,446,280
44604,449,278
44605,450,279
44606,454,275
44607,450,273
44608,445,273
44609,443,270
44610,440,263
44611,440,261
44612,442,262
44613,441,262
44614,441,254
44615,440,250
44616,441,249
44617,437,244
44618,432,245
44619,436,246
44620,434,243
44621,432,241
44622,432,241
44623,433,234
44624,432,230
44625,432,228
44626,425,227
44627,426,224
44628,425,224
44629,419,225
44630,422,224
44631,425,221
44632,425,219
44633,425,214
44634,425,220
44635,425,224
44636,428,225
44637,429,224
44638,429,227
44639,430,230
44640,431,232
44641,433,232
44642,432,232
44643,433,232
44644,434,233
44645,434,233
44646,432,234
44647,431,233
44648,430,232
44649,431,233
44650,428,231
44651,428,231
44652,429,231
44653,429,231
44654,429,231
44655,428,231
44656,428,231
44657,429,231
44658,429,231
44659,429,231
44660,430,232
44661,430,232
44662,429,232
44663,429,232
44664,429,232
44665,429,234
44666,429,233
44667,428,233
44668,428,231
44669,428,230
44670,431,228
44671,431,229
44672,431,229
44673,432,227
44674,430,227
44675,424,226
44676,429,225
44677,432,226
44678,436,225
44679,436,224
44680,438,222
44681,440,221
44682,440,217
44683,440,215
44684,439,215
44685,433,213
44686,441,215
44687,445,217
44688,445,217
44689,444,214
44690,444,215
44691,446,215
44692,444,216
44693,434,216
44694,437,216
44695,447,215
44696,448,216
44697,450,216
44698,451,217
44699,451,218
44700,450,218
44701,450,218
44702,449,219
44703,449,220
44704,449,220
44705,450,222
44706,448,222
44707,447,222
44708,448,221
44709,453,221
44710,454,221
44711,453,221
44712,450,224
44713,448,225
44714,447,224
44715,447,221
44716,445,222
44717,442,226
44718,443,226
44719,443,228
44720,442,227
44721,442,226
44722,441,227
44723,441,229
44724,441,227
44725,441,234
44726,441,233
44727,442,227
44728,441,235
44729,440,227
44730,440,228
44731,440,240
44732,440,236
44733,441,245
44734,439,243
44735,439,244
44736,439,245
44737,440,234
44738,440,234
44739,439,234
44740,439,234
44741,439,232
44742,439,231
44743,439,232
44744,440,234
44745,440,234
44746,440,234
44747,440,234
44748,440,234
44749,440,234
44750,440,238
44751,441,239
44752,441,234
44753,441,235
44754,442,240
44755,443,233
44756,445,233
44757,447,231
44758,449,234
44759,449,236
44760,448,229
44761,447,230
44762,447,230
44763,443,229
44764,442,229
44765,442,230
44766,441,232
44767,440,233
44768,440,233
44769,438,235
44770,437,238
44771,438,240
44772,437,244
44773,435,242
44774,433,245
44775,432,248
44776,433,253
44777,434,255
44778,438,256
44779,440,257
44780,441,257
44781,442,259
44782,442,260
44783,442,260
44784,443,261
44785,443,258
44786,445,259
44787,446,252
44788,446,252
44789,446,251
44790,446,251
44791,446,251
44792,445,251
44793,445,252
44794,445,254
44795,444,254
44796,444,256
44797,442,259
44798,442,260
44799,442,259
44800,443,260
44801,443,260
44802,442,260
44803,442,260
44804,442,260
44805,442,260
44806,442,259
44807,442,259
44808,441,259
44809,441,258
44810,442,257
44811,441,257
44812,441,258
44813,440,258
44814,440,258
44815,441,257
44816,441,257
44817,441,257
44818,441,256
44819,440,257
44820,441,257
44821,441,257
44822,441,260
44823,441,262
44824,441,262
44825,441,263
44826,442,266
44827,440,266
44828,440,266
44829,439,265
44830,439,265
44831,440,268
44832,439,263
44833,438,263
44834,439,262
44835,440,261
44836,441,261
44837,442,262
44838,441,261
44839,443,264
44840,443,266
44841,443,266
44842,442,265
44843,442,265
44844,441,265
44845,442,264
44846,442,264
44847,443,266
44848,443,267
44849,444,266
44850,444,269
44851,443,269
44852,444,269
44853,443,267
44854,444,267
44855,444,267
44856,444,267
44857,445,267
44858,445,267
44859,445,267
44860,445,267
44861,445,267
44862,444,267
44863,443,268
44864,443,269
44865,443,269
44866,442,270
44867,442,267
44868,441,268
44869,441,268
44870,441,267
44871,440,267
44872,441,266
44873,441,267
44874,442,266
44875,442,266
44876,442,268
44877,442,267
44878,442,269
44879,443,270
44880,442,267
44881,443,268
44882,443,268
44883,442,268
44884,442,270
44885,443,269
44886,445,271
44887,444,273
44888,441,272
44889,442,266
44890,444,264
44891,443,262
44892,445,265
44893,442,265
44894,437,262
44895,436,260
44896,445,262
44897,436,261
44898,438,259
44899,439,258
44900,440,258
44901,444,257
44902,446,256
44903,446,250
44904,448,254
44905,448,254
44906,447,258
44907,443,258
44908,440,260
44909,437,260
44910,433,258
44911,432,262
44912,430,260
44913,427,258
44914,427,258
44915,425,256
44916,423,258
44917,412,256
44918,412,256
44919,413,253
44920,409,252
44921,408,250
44922,405,250
44923,416,251
44924,416,247
44925,414,248
44926,413,246
44927,413,251
44928,411,252
44929,413,253
44930,417,253
44931,414,254
44932,416,253
44933,410,259
44934,411,259
44935,410,260
44936,411,261
44937,412,261
44938,411,261
44939,411,261
44940,409,261
44941,409,261
44942,410,262
44943,410,261
44944,409,261
44945,418,261
44946,425,262
44947,427,262
44948,428,263
44949,427,262
44950,427,262
44951,427,262
44952,427,262
44953,425,261
44954,427,262
44955,427,263
44956,426,263
44957,426,263
44958,426,264
44959,425,263
44960,425,262
44961,425,262
44962,424,263
44963,409,263
44964,406,263
44965,411,263
44966,423,261
44967,421,261
44968,420,261
44969,423,261
44970,426,262
44971,427,262
44972,428,263
44973,429,263
44974,430,264
44975,427,265
44976,428,266
44977,428,266
44978,427,264
44979,428,264
44980,427,264
44981,428,263
44982,429,263
44983,430,265
44984,430,268
44985,429,267
44986,428,266
44987,428,267
44988,431,266
44989,433,265
44990,432,267
44991,432,270
44992,432,271
44993,434,272
44994,434,275
44995,434,274
44996,434,274
44997,434,273
44998,435,271
44999,435,273
45000,435,274
45001,435,274
45002,436,275
45003,435,276
45004,434,276
45005,434,270
45006,433,269
45007,435,267
45008,435,267
45009,435,268
45010,434,268
45011,434,267
45012,434,267
45013,434,268
45014,434,269
45015,434,269
45016,434,269
45017,433,268
45018,433,269
45019,434,270
45020,433,270
45021,433,269
45022,433,268
45023,433,269
45024,433,269
45025,432,268
45026,432,270
45027,433,263
45028,432,263
45029,431,265
45030,428,267
45031,426,268
45032,422,267
45033,421,269
45034,421,269
45035,419,272
45036,418,275
45037,416,277
45038,417,282
45039,414,284
45040,412,285
45041,409,286
45042,408,286
45043,404,287
45044,410,290
45045,414,292
45046,414,293
45047,412,295
45048,411,298
45049,404,297
45050,400,299
45051,396,300
45052,392,300
45053,388,303
45054,385,304
45055,383,304
45056,371,307
45057,389,307
45058,387,308
45059,386,309
45060,383,310
45061,381,310
45062,380,312
45063,380,310
45064,376,313
45065,375,313
45066,384,312
45067,387,310
45068,393,309
45069,397,310
45070,394,310
45071,396,314
45072,399,311
45073,403,310
45074,401,311
45075,404,312
45076,410,310
45077,408,317
45078,408,317
45079,400,322
45080,397,320
45081,398,320
45082,398,319
45083,397,319
45084,404,318
45085,395,321
45086,396,321
45087,395,322
45088,395,322
45089,395,323
45090,394,323
45091,392,325
45092,391,324
45093,391,323
45094,390,325
45095,392,327
45096,391,327
45097,391,328
45098,390,328
45099,389,330
45100,390,325
45101,391,327
45102,396,329
45103,401,326
45104,407,327
45105,408,323
45106,409,323
45107,409,317
45108,411,316
45109,409,316
45110,409,314
45111,410,313
45112,424,314
45113,432,310
45114,435,311
45115,432,307
45116,436,301
45117,437,299
45118,441,295
45119,441,296
45120,441,293
45121,442,292
45122,444,288
45123,445,288
45124,447,288
45125,448,284
45126,449,282
45127,449,278
45128,444,274
45129,451,271
45130,453,271
45131,453,269
45132,453,269
45133,452,269
45134,452,268
45135,457,265
45136,459,264
45137,459,264
45138,460,264
45139,459,264
45140,458,272
45141,460,263
45142,459,264
45143,460,264
45144,460,264
45145,460,267
45146,461,264
45147,461,269
45148,461,269
45149,461,270
45150,461,270
45151,459,271
45152,459,272
45153,459,272
45154,459,272
45155,459,271
45156,459,270
45157,459,269
45158,459,269
45159,459,267
45160,459,267
45161,459,266
45162,459,266
45163,458,265
45164,459,264
45165,459,261
45166,461,266
45167,461,266
45168,462,268
45169,462,268
45170,462,268
45171,462,269
45172,461,269
45173,461,269
45174,461,268
45175,461,268
45176,461,269
45177,461,269
45178,460,268
45179,460,269
45180,460,269
45181,460,269
45182,459,269
45183,459,269
45184,459,268
45185,459,269
45186,459,268
45187,458,268
45188,458,268
45189,458,268
45190,458,268
45191,458,267
45192,458,267
45193,457,266
45194,458,267
45195,458,266
45196,458,267
45197,457,268
45198,457,264
45199,458,265
45200,458,267
45201,458,266
45202,457,266
45203,456,266
45204,456,267
45205,457,262
45206,454,264
45207,455,263
45208,457,266
45209,457,269
45210,457,269
45211,455,267
45212,453,269
45213,450,267
45214,450,267
45215,449,268
45216,449,267
45217,451,267
45218,452,268
45219,453,267
45220,452,265
45221,451,264
45222,450,261
45223,450,258
45224,448,254
45225,448,251
45226,447,254
45227,445,251
45228,445,248
45229,445,248
45230,444,246
45231,441,247
45232,438,245
45233,434,244
45234,436,246
45235,436,247
45236,437,246
45237,436,243
45238,434,245
45239,437,245
45240,434,245
45241,435,245
45242,434,246
45243,432,246
45244,432,245
45245,431,246
45246,431,246
45247,430,245
45248,430,246
45249,429,246
45250,430,245
45251,430,245
45252,429,245
45253,429,245
45254,428,245
45255,428,245
45256,428,245
45257,429,245
45258,429,245
45259,428,245
45260,428,245
45261,428,245
45262,429,245
45263,429,245
45264,429,245
45265,427,245
45266,428,245
45267,428,246
45268,426,246
45269,426,245
45270,425,245
45271,422,244
45272,420,245
45273,419,245
45274,420,245
45275,420,244
45276,418,243
45277,422,244
45278,422,244
45279,421,244
45280,421,245
45281,422,245
45282,423,245
45283,423,245
45284,423,245
45285,422,244
45286,423,245
45287,426,245
45288,426,245
45289,425,244
45290,424,245
45291,424,245
45292,422,244
45293,422,245
45294,421,243
45295,425,242
45296,427,242
45297,428,243
45298,431,242
45299,432,243
45300,430,243
45301,431,243
45302,433,243
45303,430,243
45304,432,242
45305,437,242
45306,436,242
45307,440,242
45308,439,242
45309,443,242
45310,439,241
45311,434,241
45312,437,243
45313,434,243
45314,439,243
45315,441,242
45316,446,242
45317,449,243
45318,451,243
45319,452,243
45320,453,243
45321,453,242
45322,453,243
45323,451,245
45324,450,245
45325,449,244
45326,454,242
45327,454,241
45328,455,240
45329,455,241
45330,453,240
45331,450,240
45332,450,242
45333,450,241
45334,451,241
45335,452,242
45336,450,240
45337,435,243
45338,432,243
45339,432,242
45340,438,244
45341,431,244
45342,439,244
45343,439,243
45344,449,243
45345,449,242
45346,448,243
45347,449,243
45348,450,243
45349,449,243
45350,451,245
45351,450,243
45352,451,243
45353,453,246
45354,453,247
45355,451,249
45356,450,252
45357,449,257
45358,450,257
45359,449,262
45360,447,263
45361,446,265
45362,446,266
45363,448,263
45364,447,265
45365,442,262
45366,440,266
45367,440,268
45368,441,265
45369,443,264
45370,449,266
45371,450,267
45372,450,267
45373,451,267
45374,451,268
45375,452,268
45376,451,269
45377,446,268
45378,447,273
45379,446,274
45380,446,272
45381,445,271
45382,445,271
45383,444,271
45384,445,270
45385,447,271
45386,446,271
45387,445,272
45388,445,272
45389,445,272
45390,445,271
45391,446,271
45392,446,271
45393,447,271
45394,445,270
45395,445,271
45396,444,271
45397,446,272
45398,444,271
45399,444,271
45400,443,271
45401,443,272
45402,443,271
45403,442,270
45404,440,268
45405,440,269
45406,446,268
45407,447,266
45408,445,266
45409,431,263
45410,427,262
45411,429,257
45412,431,257
45413,437,256
45414,433,257
45415,417,262
45416,415,262
45417,429,259
45418,411,263
45419,413,263
45420,413,263
45421,414,263
45422,428,260
45423,429,259
45424,414,263
45425,434,260
45426,435,262
45427,437,258
45428,437,258
45429,436,259
45430,436,262
45431,434,264
45432,432,268
45433,431,266
45434,432,268
45435,432,265
45436,429,266
45437,433,265
45438,434,265
45439,436,266
45440,435,267
45441,433,263
45442,437,268
45443,436,267
45444,432,264
45445,438,266
45446,437,267
45447,439,268
45448,438,267
45449,437,269
45450,438,268
45451,432,269
45452,436,269
45453,438,267
45454,439,266
45455,439,266
45456,439,266
45457,438,267
45458,438,267
45459,436,269
45460,437,268
45461,436,269
45462,435,268
45463,429,268
45464,425,268
45465,423,268
45466,429,268
45467,426,268
45468,427,269
45469,432,269
45470,438,269
45471,439,270
45472,439,269
45473,441,270
45474,442,270
45475,442,269
45476,443,270
45477,441,269
45478,441,269
45479,439,269
45480,437,269
45481,438,269
45482,439,271
45483,443,274
45484,442,275
45485,444,272
45486,447,271
45487,448,267
45488,449,265
45489,449,263
45490,450,262
45491,449,262
45492,448,259
45493,445,257
45494,446,248
45495,445,247
45496,444,244
45497,447,242
45498,445,239
45499,447,241
45500,444,241
45501,441,239
45502,437,238
45503,433,239
45504,430,239
45505,429,234
45506,427,230
45507,428,228
45508,426,227
45509,426,225
45510,429,221
45511,428,222
45512,428,221
45513,428,220
45514,429,222
45515,430,224
45516,431,225
45517,430,225
45518,424,227
45519,426,227
45520,423,228
45521,423,231
45522,424,232
45523,423,233
45524,423,234
45525,421,235
45526,423,232
45527,423,231
45528,422,229
45529,423,228
45530,422,227
45531,421,225
45532,423,225
45533,424,225
45534,426,226
45535,426,226
45536,426,225
45537,428,225
45538,429,225
45539,430,225
45540,430,225
45541,430,226
45542,428,226
45543,428,227
45544,428,227
45545,431,226
45546,430,226
45547,432,224
45548,432,224
45549,432,224
45550,432,223
45551,433,223
45552,432,221
45553,429,217
45554,433,219
45555,429,218
45556,431,218
45557,432,221
45558,430,217
45559,430,214
45560,432,218
45561,433,215
45562,432,215
45563,432,215
45564,431,217
45565,433,217
45566,434,216
45567,434,217
45568,432,217
45569,428,217
45570,425,216
45571,424,217
45572,425,215
45573,424,214
45574,425,214
45575,425,216
45576,423,215
45577,424,215
45578,425,215
45579,425,215
45580,425,213
45581,426,214
45582,436,212
45583,436,211
45584,439,213
45585,441,213
45586,442,215
45587,443,214
45588,444,214
45589,444,214
45590,444,215
45591,445,218
45592,445,220
45593,444,215
45594,446,216
45595,447,215
45596,445,217
45597,445,217
45598,446,217
45599,446,216
45600,449,219
45601,449,221
45602,451,225
45603,451,224
45604,451,224
45605,451,224
45606,454,225
45607,456,229
45608,457,232
45609,457,234
45610,456,234
45611,456,235
45612,456,235
45613,456,236
45614,455,236
45615,456,233
45616,456,233
45617,456,236
45618,456,238
45619,456,241
45620,455,239
45621,456,240
45622,457,243
45623,455,242
45624,456,247
45625,457,237
45626,458,237
45627,456,239
45628,456,239
45629,457,238
45630,455,236
45631,459,235
45632,458,236
45633,458,236
45634,457,237
45635,457,234
45636,456,237
45637,455,235
45638,455,234
45639,454,234
45640,454,236
45641,453,235
45642,452,237
45643,451,238
45644,449,240
45645,448,238
45646,448,241
45647,448,239
45648,447,239
45649,448,238
45650,449,239
45651,447,239
45652,447,238
45653,448,239
45654,447,238
45655,447,239
45656,448,239
45657,449,241
45658,449,241
45659,449,243
45660,447,243
45661,447,244
45662,447,245
45663,447,245
45664,446,246
45665,447,248
45666,446,245
45667,447,244
45668,447,244
45669,447,245
45670,446,244
45671,446,244
45672,446,245
45673,447,245
45674,446,245
45675,447,245
45676,447,245
45677,446,246
45678,446,246
45679,445,246
45680,446,245
45681,446,245
45682,446,243
45683,446,241
45684,445,240
45685,446,238
45686,447,235
45687,445,236
45688,446,235
45689,446,240
45690,447,243
45691,448,245
45692,448,246
45693,448,246
45694,448,246
45695,448,245
45696,448,244
45697,448,246
45698,448,247
45699,448,249
45700,448,266
45701,448,258
45702,448,268
45703,449,267
45704,448,268
45705,448,254
45706,447,253
45707,447,252
45708,447,251
45709,446,253
45710,446,252
45711,446,252
45712,446,251
45713,445,251
45714,444,252
45715,441,253
45716,443,253
45717,446,252
45718,446,253
45719,446,253
45720,445,254
45721,445,254
45722,445,254
45723,445,253
45724,445,252
45725,445,252
45726,445,252
45727,446,253
45728,446,252
45729,445,253
45730,445,253
45731,444,253
45732,442,253
45733,431,253
45734,444,253
45735,444,253
45736,444,253
45737,447,252
45738,447,252
45739,446,252
45740,446,252
45741,447,252
45742,447,252
45743,448,252
45744,447,252
45745,447,252
45746,447,252
45747,446,252
45748,446,255
45749,445,254
45750,442,254
45751,447,253
45752,447,254
45753,444,258
45754,446,257
45755,443,259
45756,445,258
45757,446,258
45758,441,257
45759,436,254
45760,433,252
45761,434,251
45762,430,254
45763,429,250
45764,429,246
45765,428,244
45766,428,243
45767,427,249
45768,425,253
45769,425,256
45770,422,259
45771,419,256
45772,418,254
45773,418,253
45774,419,250
45775,420,251
45776,418,248
45777,417,246
45778,419,244
45779,418,240
45780,422,240
45781,423,232
45782,427,235
45783,428,234
45784,429,237
45785,432,237
45786,430,239
45787,434,231
45788,434,227
45789,437,236
45790,435,232
45791,431,229
45792,432,236
45793,440,230
45794,446,228
45795,457,176
45796,459,167
45797,455,167
45798,454,167
45799,454,166
45800,452,172
45801,451,169
45802,450,164
45803,450,162
45804,450,163
45805,447,162
45806,447,162
45807,448,162
45808,448,163
45809,450,164
45810,448,165
45811,447,165
45812,446,166
45813,447,166
45814,448,201
45815,451,206
45816,451,204
45817,450,201
45818,450,194
45819,451,185
45820,452,192
45821,452,185
45822,452,186
45823,452,186
45824,452,186
45825,452,186
45826,452,186
45827,451,185
45828,451,186
45829,451,186
45830,452,186
45831,451,186
45832,451,187
45833,450,191
45834,450,194
45835,449,189
45836,449,191
45837,448,196
45838,446,207
45839,444,202
45840,443,198
45841,431,200
45842,439,201
45843,429,205
45844,428,203
45845,427,207
45846,427,209
45847,426,209
45848,426,206
45849,425,202
45850,424,200
45851,424,201
45852,425,199
45853,426,198
45854,428,194
45855,431,191
45856,430,186
45857,431,186
45858,429,192
45859,428,199
45860,429,204
45861,430,197
45862,431,197
45863,433,187
45864,436,185
45865,437,183
45866,437,182
45867,437,182
45868,438,180
45869,434,179
45870,435,179
45871,435,177
45872,435,176
45873,433,177
45874,433,175
45875,432,177
45876,432,179
45877,433,192
45878,432,181
45879,431,175
45880,433,169
45881,431,173
45882,433,172
45883,429,174
45884,428,175
45885,432,176
45886,435,176
45887,433,170
45888,434,168
45889,434,170
45890,435,169
45891,435,168
45892,434,164
45893,432,166
45894,432,164
45895,431,164
45896,431,165
45897,432,167
45898,431,164
45899,430,164
45900,430,165
45901,432,167
45902,432,166
45903,432,163
45904,432,163
45905,432,163
45906,431,161
45907,433,157
45908,432,154
45909,432,152
45910,425,217
45911,425,213
45912,423,209
45913,421,213
45914,426,188
45915,430,169
45916,429,157
45917,431,153
45918,429,148
45919,428,154
45920,427,161
45921,426,165
45922,425,166
45923,425,168
45924,424,168
45925,425,167
45926,425,166
45927,425,166
45928,425,167
45929,424,171
45930,425,172
45931,425,172
45932,424,173
45933,424,174
45934,425,173
45935,425,174
45936,426,173
45937,429,170
45938,429,168
45939,430,169
45940,432,168
45941,434,168
45942,435,164
45943,437,165
45944,438,162
45945,439,161
45946,441,158
45947,441,158
45948,441,157
45949,442,155
45950,442,158
45951,440,154
45952,439,154
45953,440,155
45954,440,156
45955,440,157
45956,439,158
45957,440,159
45958,438,157
45959,438,158
45960,441,158
45961,441,159
45962,439,160
45963,440,159
45964,440,160
45965,441,163
45966,442,176
45967,441,165
45968,435,158
45969,434,159
45970,447,220
45971,448,221
45972,452,227
45973,453,227
45974,455,228
45975,431,238
45976,434,234
45977,459,230
45978,448,231
45979,465,235
45980,468,237
45981,465,233
45982,463,265
45983,463,269
45984,463,272
45985,468,231
45986,466,235
45987,466,272
45988,467,272
45989,467,270
45990,468,267
45991,469,237
45992,469,272
45993,468,272
45994,468,272
45995,469,273
45996,468,274
45997,470,277
45998,469,277
45999,469,278
46000,470,279
46001,469,282
46002,468,281
46003,468,282
46004,468,282
46005,467,282
46006,468,252
46007,465,286
46008,465,283
46009,463,283
46010,465,285
46011,464,236
46012,464,234
46013,464,232
46014,463,242
46015,465,269
46016,464,258
46017,465,266
46018,465,271
46019,466,271
46020,464,249
46021,465,235
46022,468,261
46023,469,276
46024,469,245
46025,469,278
46026,468,277
46027,469,275
46028,467,253
46029,466,258
46030,467,249
46031,465,240
46032,465,252
46033,466,252
46034,466,255
46035,465,256
46036,467,259
46037,469,265
46038,469,255
46039,469,255
46040,469,259
46041,469,260
46042,468,253
46043,469,256
46044,458,60
46045,468,267
46046,468,244
46047,468,224
46048,467,232
46049,467,233
46050,467,232
46051,467,223
46052,466,240
46053,466,229
46054,466,229
46055,465,229
46056,466,279
46057,465,254
46058,465,260
46059,465,229
46060,466,224
46061,467,227
46062,467,225
46063,467,225
46064,467,224
46065,466,231
46066,467,232
46067,466,279
46068,466,280
46069,466,283
46070,466,279
46071,465,278
46072,465,269
46073,467,247
46074,467,244
46075,466,234
46076,466,237
46077,465,275
46078,467,272
46079,467,261
46080,467,235
46081,467,236
46082,467,237
46083,467,238
46084,468,234
46085,462,230
46086,462,231
46087,462,235
46088,459,238
46089,468,239
46090,463,237
46091,459,235
46092,461,235
46093,457,235
46094,454,233
46095,452,231
46096,448,229
46097,451,226
46098,451,222
46099,447,212
46100,448,217
46101,444,198
46102,443,186
46103,445,191
46104,444,194
46105,440,195
46106,433,196
46107,438,195
46108,437,198
46109,433,198
46110,436,200
46111,435,198
46112,429,195
46113,423,191
46114,422,188
46115,420,189
46116,419,188
46117,427,186
46118,426,187
46119,426,185
46120,425,184
46121,425,182
46122,428,181
46123,425,181
46124,423,180
46125,421,182
46126,417,181
46127,416,182
46128,415,183
46129,414,185
46130,412,193
46131,413,198
46132,412,197
46133,411,193
46134,412,194
46135,413,194
46136,415,194
46137,416,194
46138,416,196
46139,418,198
46140,418,197
46141,419,195
46142,418,195
46143,420,194
46144,421,193
46145,423,193
46146,425,194
46147,426,193
46148,425,191
46149,425,191
46150,429,192
46151,436,192
46152,434,196
46153,432,195
46154,433,194
46155,432,192
46156,432,193
46157,433,196
46158,434,193
46159,433,193
46160,434,195
46161,432,197
46162,435,196
46163,432,196
46164,435,195
46165,435,197
46166,431,196
46167,431,196
46168,434,194
46169,435,195
46170,435,195
46171,435,194
46172,435,195
46173,435,194
46174,436,195
46175,436,194
46176,436,195
46177,436,194
46178,436,194
46179,437,194
46180,437,194
46181,437,194
46182,437,194
46183,437,194
46184,437,194
46185,437,194
46186,437,194
46187,438,193
46188,438,193
46189,438,194
46190,438,194
46191,438,193
46192,438,193
46193,438,193
46194,438,193
46195,438,193
46196,436,194
46197,439,194
46198,439,193
46199,439,193
46200,441,192
46201,441,193
46202,441,194
46203,440,194
46204,440,193
46205,440,192
46206,441,193
46207,440,194
46208,440,193
46209,442,192
46210,441,190
46211,441,191
46212,442,189
46213,441,191
46214,443,191
46215,442,191
46216,443,192
46217,442,191
46218,443,194
46219,442,193
46220,442,194
46221,442,195
46222,441,195
46223,441,196
46224,441,196
46225,442,197
46226,440,196
46227,439,195
46228,439,195
46229,438,193
46230,436,191
46231,436,192
46232,436,191
46233,435,186
46234,431,185
46235,431,184
46236,434,187
46237,442,202
46238,444,232
46239,443,231
46240,441,229
46241,444,229
46242,450,235
46243,448,237
46244,455,236
46245,458,242
46246,458,242
46247,454,244
46248,444,244
46249,437,243
46250,427,243
46251,425,248
46252,434,250
46253,433,263
46254,431,254
46255,428,269
46256,424,259
46257,420,290
46258,416,292
46259,415,293
46260,418,291
46261,416,288
46262,420,284
46263,420,281
46264,418,280
46265,416,286
46266,420,286
46267,415,287
46268,413,287
46269,417,289
46270,415,289
46271,419,288
46272,420,290
46273,424,290
46274,420,290
46275,421,289
46276,419,292
46277,424,288
46278,428,289
46279,425,292
46280,423,292
46281,425,293
46282,423,293
46283,423,293
46284,421,295
46285,421,294
46286,420,291
46287,418,292
46288,419,292
46289,418,292
46290,409,294
46291,393,295
46292,388,296
46293,387,296
46294,387,297
46295,398,298
46296,402,298
46297,398,295
46298,389,301
46299,398,303
46300,399,305
46301,387,309
46302,402,314
46303,381,314
46304,405,317
46305,387,315
46306,381,317
46307,380,320
46308,384,321
46309,391,324
46310,391,325
46311,387,325
46312,388,327
46313,391,329
46314,384,328
46315,390,327
46316,389,324
46317,389,320
46318,396,271
46319,395,276
46320,398,323
46321,398,323
46322,399,323
46323,399,324
46324,397,324
46325,397,322
46326,397,323
46327,396,323
46328,396,323
46329,395,324
46330,396,323
46331,400,323
46332,398,324
46333,405,324
46334,402,325
46335,401,325
46336,394,324
46337,398,326
46338,395,326
46339,395,325
46340,386,318
46341,392,286
46342,389,321
46343,390,323
46344,390,321
46345,392,320
46346,390,320
46347,386,322
46348,387,324
46349,394,326
46350,389,324
46351,399,269
46352,403,266
46353,403,266
46354,399,267
46355,395,270
46356,405,264
46357,404,270
46358,399,269
46359,394,267
46360,393,265
46361,405,264
46362,411,264
46363,417,266
46364,421,266
46365,423,269
46366,431,273
46367,432,272
46368,434,272
46369,440,269
46370,442,269
46371,445,268
46372,446,329
46373,449,297
46374,451,264
46375,438,265
46376,438,261
46377,427,264
46378,430,264
46379,443,262
46380,446,260
46381,448,256
46382,448,254
46383,446,254
46384,438,250
46385,430,248
46386,434,244
46387,436,245
46388,436,246
46389,433,245
46390,429,232
46391,429,244
46392,430,238
46393,430,239
46394,430,235
46395,430,233
46396,429,234
46397,429,231
46398,429,231
46399,430,229
46400,429,230
46401,429,228
46402,427,228
46403,424,226
46404,423,227
46405,423,228
46406,422,226
46407,425,229
46408,427,230
46409,427,230
46410,428,229
46411,429,228
46412,430,227
46413,430,224
46414,431,222
46415,433,223
46416,433,224
46417,434,225
46418,435,225
46419,434,226
46420,436,228
46421,436,229
46422,439,227
46423,439,227
46424,435,227
46425,434,229
46426,433,230
46427,426,230
46428,428,229
46429,435,229
46430,428,227
46431,411,174
46432,413,176
46433,419,175
46434,422,174
46435,421,172
46436,422,171
46437,421,167
46438,422,166
46439,422,166
46440,421,165
46441,420,165
46442,419,165
46443,419,165
46444,420,165
46445,417,164
46446,418,164
46447,419,164
46448,419,164
46449,419,164
46450,419,164
46451,419,164
46452,420,166
46453,420,165
46454,430,168
46455,419,165
46456,411,165
46457,429,219
46458,411,163
46459,410,163
46460,412,161
46461,435,219
46462,435,220
46463,411,163
46464,414,165
46465,416,167
46466,416,169
46467,411,169
46468,409,170
46469,413,169
46470,411,168
46471,406,168
46472,406,168
46473,405,168
46474,405,169
46475,407,168
46476,412,168
46477,411,169
46478,410,168
46479,417,169
46480,417,175
46481,420,184
46482,429,185
46483,427,190
46484,429,190
46485,430,229
46486,431,209
46487,425,181
46488,417,179
46489,417,178
46490,425,183
46491,426,183
46492,427,179
46493,427,180
46494,427,180
46495,426,178
46496,425,176
46497,424,180
46498,417,178
46499,423,176
46500,426,178
46501,427,179
46502,427,179
46503,428,180
46504,424,177
46505,423,176
46506,422,175
46507,423,177
46508,423,185
46509,422,176
46510,420,174
46511,421,175
46512,421,175
46513,417,177
46514,420,174
46515,421,175
46516,421,173
46517,422,174
46518,423,177
46519,422,179
46520,425,181
46521,423,204
46522,415,174
46523,429,227
46524,429,230
46525,425,187
46526,428,233
46527,410,176
46528,409,174
46529,411,174
46530,414,173
46531,418,171
46532,439,230
46533,443,230
46534,432,231
46535,432,230
46536,437,235
46537,437,234
46538,439,230
46539,441,230
46540,444,231
46541,454,227
46542,454,225
46543,447,222
46544,447,222
46545,446,220
46546,442,222
46547,444,221
46548,450,223
46549,443,220
46550,444,221
46551,441,220
46552,442,223
46553,447,223
46554,447,221
46555,447,221
46556,446,221
46557,444,221
46558,442,221
46559,440,220
46560,438,221
46561,431,223
46562,438,223
46563,441,224
46564,450,224
46565,452,222
46566,453,221
46567,450,217
46568,449,216
46569,453,218
46570,453,220
46571,452,221
46572,452,227
46573,450,233
46574,448,237
46575,447,235
46576,447,236
46577,448,235
46578,448,236
46579,449,233
46580,449,235
46581,448,236
46582,448,237
46583,449,234
46584,448,238
46585,448,241
46586,447,244
46587,447,247
46588,447,247
46589,447,247
46590,448,246
46591,450,247
46592,450,254
46593,448,256
46594,447,239
46595,451,240
46596,451,239
46597,448,237
46598,448,243
46599,449,240
46600,447,239
46601,449,239
46602,444,239
46603,448,239
46604,440,239
46605,448,245
46606,449,247
46607,451,246
46608,445,242
46609,448,243
46610,450,243
46611,449,244
46612,446,243
46613,447,244
46614,440,250
46615,420,248
46616,413,250
46617,418,250
46618,411,249
46619,407,250
46620,408,250
46621,413,250
46622,427,250
46623,408,247
46624,407,246
46625,396,250
46626,396,247
46627,393,250
46628,403,247
46629,411,246
46630,412,244
46631,408,247
46632,401,249
46633,401,248
46634,403,248
46635,403,246
46636,396,245
46637,396,245
46638,395,246
46639,395,248
46640,392,253
46641,392,274
46642,392,263
46643,389,289
46644,395,248
46645,393,248
46646,399,247
46647,416,247
46648,399,247
46649,400,247
46650,394,249
46651,395,249
46652,392,249
46653,392,249
46654,392,249
46655,391,250
46656,391,250
46657,393,250
46658,396,250
46659,397,252
46660,392,253
46661,393,254
46662,396,253
46663,396,257
46664,417,259
46665,418,261
46666,419,262
46667,419,265
46668,418,260
46669,422,267
46670,396,266
46671,404,265
46672,410,259
46673,421,258
46674,434,257
46675,420,192
46676,422,192
46677,422,190
46678,450,252
46679,450,252
46680,448,248
46681,446,250
46682,448,251
46683,447,248
46684,449,247
46685,450,251
46686,428,189
46687,436,186
46688,426,187
46689,423,186
46690,422,187
46691,420,188
46692,419,189
46693,421,188
46694,416,189
46695,416,188
46696,416,188
46697,416,187
46698,416,187
46699,418,187
46700,421,188
46701,422,188
46702,433,262
46703,439,262
46704,441,259
46705,425,186
46706,425,184
46707,426,184
46708,428,184
46709,428,185
46710,430,184
46711,433,185
46712,442,192
46713,439,191
46714,436,186
46715,432,181
46716,431,176
46717,434,249
46718,434,248
46719,432,249
46720,433,251
46721,431,252
46722,432,251
46723,432,250
46724,438,315
46725,434,246
46726,434,246
46727,433,246
46728,431,245
46729,430,246
46730,431,245
46731,430,246
46732,431,246
46733,432,246
46734,432,246
46735,432,247
46736,434,246
46737,434,245
46738,434,244
46739,435,244
46740,436,244
46741,436,244
46742,436,243
46743,423,169
46744,423,169
46745,422,170
46746,426,238
46747,423,169
46748,426,222
46749,422,172
46750,434,232
46751,434,232
46752,434,251
46753,425,250
46754,433,249
46755,434,247
46756,429,249
46757,432,247
46758,433,247
46759,432,246
46760,433,244
46761,425,165
46762,432,241
46763,431,238
46764,429,239
46765,420,234
46766,421,234
46767,418,167
46768,416,167
46769,426,243
46770,426,242
46771,418,168
46772,425,240
46773,425,243
46774,426,244
46775,426,244
46776,430,255
46777,429,272
46778,430,249
46779,430,302
46780,430,297
46783,426,244
46784,427,245
46785,425,246
46786,427,247
46787,429,247
46788,425,245
46789,428,243
46790,424,242
46791,428,244
46792,426,243
46793,425,242
46794,426,244
46795,426,242
46796,424,246
46797,422,244
46798,428,244
46799,428,250
46800,432,298
46801,429,296
46802,431,295
46803,432,291
46804,432,286
46805,434,279
46806,435,280
46807,440,281
46808,440,281
46809,439,278
46810,435,262
46811,428,294
46812,431,247
46813,430,247
46814,426,247
46815,425,247
46816,425,248
46817,427,298
46818,427,248
46819,426,298
46820,426,298
46821,426,248
46822,426,249
46823,427,300
46824,426,299
46825,427,299
46826,425,300
46827,429,300
46828,429,299
46829,427,299
46830,426,299
46831,425,298
46832,427,298
46833,431,247
46834,437,246
46835,427,295
46836,428,295
46837,424,294
46838,424,293
46839,425,293
46840,427,293
46841,424,294
46842,419,295
46843,421,296
46844,429,295
46845,426,295
46846,426,295
46847,422,294
46848,419,294
46849,420,296
46850,420,296
46851,419,297
46852,419,297
46853,418,299
46854,415,301
46855,416,302
46856,413,304
46857,418,306
46858,419,308
46859,419,308
46860,417,308
46861,414,305
46862,416,309
46863,415,309
46864,419,253
46865,418,250
46866,416,251
46867,417,255
46868,416,254
46869,416,254
46870,417,253
46871,416,248
46872,420,245
46873,419,246
46874,417,245
46875,419,256
46876,417,246
46877,415,245
46878,414,245
46879,410,249
46880,408,249
46881,409,250
46882,406,247
46883,405,246
46884,405,244
46885,407,246
46886,404,246
46887,408,243
46888,407,243
46889,393,247
46890,393,245
46891,392,245
46892,399,244
46893,419,170
46894,416,243
46895,438,244
46896,431,244
46897,430,247
46898,407,252
46899,426,249
46900,397,251
46901,393,257
46902,393,259
46903,388,295
46904,389,275
46905,391,257
46906,389,253
46907,388,253
46908,424,245
46909,424,248
46910,424,249
46911,426,247
46912,425,251
46913,424,253
46914,423,261
46915,424,240
46916,423,240
46917,417,242
46918,418,241
46919,421,242
46920,446,266
46921,427,263
46922,427,261
46923,424,264
46924,424,263
46925,423,262
46926,423,264
46927,423,265
46928,423,263
46929,423,242
46930,422,247
46931,422,252
46932,422,255
46933,422,255
46934,422,257
46935,422,241
46936,421,255
46937,421,259
46940,423,254
46943,422,271
46952,424,269
46953,424,285
46954,424,271
46955,423,273
46956,423,268
46957,425,255
46958,421,258
46959,424,252
46960,424,252
46961,424,253
46962,422,252
46963,412,251
46964,417,254
46965,414,244
46966,406,253
46967,408,241
46968,413,240
46969,418,239
46970,420,233
46971,423,228
46972,424,230
46973,423,228
46974,424,227
46975,429,233
46976,430,228
46977,426,235
46978,429,226
46979,428,226
46980,441,227
46981,417,189
46982,428,235
46983,434,232
46984,424,189
46985,437,220
46986,439,219
46987,440,227
46988,440,218
46989,438,210
46990,429,222
46991,436,224
46992,438,222
46993,437,223
46994,435,223
46995,431,224
46996,432,229
46997,430,230
46998,431,230
46999,430,230
47000,429,230
47001,427,232
47002,427,237
47003,432,239
47004,423,243
47005,429,244
47006,399,188
47007,432,244
47008,435,244
47009,444,242
47010,441,243
47011,437,243
47012,436,244
47013,435,244
47014,435,247
47015,431,241
47016,433,241
47017,437,240
47018,435,237
47019,437,238
47020,438,239
47021,432,227
47022,428,226
47023,431,225
47024,431,219
47025,434,224
47026,433,218
47027,431,212
47028,428,213
47029,434,223
47030,434,217
47031,438,213
47032,438,209
47033,432,203
47034,433,196
47035,429,197
47036,429,196
47037,430,196
47038,429,193
47039,427,192
47040,425,191
47041,427,189
47042,427,190
47043,435,190
47044,436,189
47045,435,188
47046,434,187
47047,430,188
47048,432,188
47049,432,186
47050,432,186
47051,434,185
47052,434,186
47053,432,186
47054,433,187
47055,432,188
47056,431,187
47057,432,189
47058,431,193
47059,430,194
47060,431,194
47061,431,195
47062,430,196
47063,430,196
47064,431,195
47065,432,194
47066,432,192
47067,431,188
47068,427,184
47069,432,181
47070,432,182
47071,429,182
47072,427,181
47073,427,185
47074,430,187
47075,434,188
47076,433,188
47077,431,187
47078,427,186
47079,427,186
47080,427,185
47081,426,185
47082,427,185
47083,427,185
47084,428,185
47085,427,185
47086,428,186
47087,428,185
47088,429,185
47089,429,185
47090,431,185
47091,434,185
47092,437,185
47093,428,184
47094,430,185
47095,426,182
47096,427,181
47097,425,179
47098,429,179
47099,434,176
47100,435,175
47101,433,173
47102,436,220
47103,436,221
47104,434,224
47105,438,225
47106,444,224
47107,443,222
47108,445,220
47109,452,222
47110,453,221
47111,455,221
47112,452,223
47113,452,223
47114,455,223
47115,456,221
47116,450,239
47117,448,241
47118,443,227
47119,446,220
47120,444,220
47121,445,221
47122,444,221
47123,439,223
47124,443,221
47125,446,222
47126,445,222
47127,442,222
47128,433,225
47129,435,225
47130,435,225
47131,439,225
47132,440,223
47133,436,225
47134,439,223
47135,439,226
47136,431,225
47137,433,223
47138,433,227
47139,430,254
47140,434,239
47141,435,260
47142,432,226
47143,432,228
47144,434,226
47145,430,229
47146,431,224
47147,438,222
47148,446,277
47149,437,280
47150,440,224
47151,442,227
47152,445,232
47153,435,289
47154,436,251
47155,433,294
47156,430,297
47157,429,299
47158,418,302
47159,420,303
47160,416,305
47161,416,306
47162,418,306
47163,419,307
47164,418,307
47165,417,307
47166,416,309
47167,415,251
47168,417,302
47169,415,286
47170,417,286
47171,416,289
47172,420,303
47173,423,259
47174,425,263
47175,423,258
47176,423,258
47177,397,263
47178,425,261
47179,399,259
47180,410,259
47181,406,247
47182,406,262
47183,405,263
47184,409,263
47185,409,264
47186,419,244
47187,418,244
47188,411,258
47189,411,258
47190,411,260
47191,408,255
47192,406,239
47193,407,250
47194,405,255
47195,396,268
47196,395,268
47197,396,269
47198,396,270
47199,396,267
47200,396,267
47201,395,267
47202,395,267
47203,395,267
47204,395,269
47205,395,268
47206,394,268
47207,395,268
47208,394,268
47209,395,268
47210,396,271
47211,396,264
47212,398,261
47213,396,263
47214,394,260
47215,394,257
47216,395,251
47217,395,258
47218,394,246
47219,396,248
47220,398,247
47221,399,257
47222,409,262
47223,403,261
47224,406,265
47225,408,263
47226,407,263
47227,420,260
47228,422,247
47229,423,245
47230,423,239
47231,426,237
47232,429,240
47233,433,238
47234,437,245
47235,445,238
47236,454,240
47237,454,241
47238,450,242
47239,448,240
47240,451,242
47241,449,242
47242,450,244
47243,451,244
47244,454,244
47245,455,244
47246,455,243
47247,458,243
47248,456,243
47249,455,241
47250,455,240
47251,454,237
47252,451,241
47253,454,242
47254,454,240
47255,456,239
47256,453,240
47257,452,237
47258,447,237
47259,447,237
47260,447,237
47261,449,236
47262,448,235
47263,433,237
47264,426,235
47265,431,235
47266,433,237
47267,437,237
47268,437,234
47269,439,232
47270,446,232
47271,445,232
47272,443,230
47273,441,229
47274,439,227
47275,441,227
47276,441,227
47277,442,227
47278,442,226
47279,441,227
47280,452,226
47281,447,226
47282,447,226
47283,454,224
47284,454,223
47285,451,222
47286,452,222
47287,448,224
47288,448,225
47289,447,225
47290,448,225
47291,448,224
47292,442,222
47293,443,223
47294,444,223
47295,446,222
47296,447,221
47297,447,221
47298,447,221
47299,447,221
47300,446,210
47301,445,206
47302,444,204
47303,443,182
47304,441,190
47305,440,189
47306,441,189
47307,443,178
47308,440,179
47309,441,178
47310,444,174
47311,446,176
47312,447,176
47313,447,177
47314,447,179
47315,447,178
47316,448,177
47317,448,177
47318,448,177
47319,447,176
47320,447,176
47321,447,177
47322,447,178
47323,448,179
47324,448,178
47325,447,178
47326,447,179
47327,447,180
47328,447,180
47329,447,182
47330,447,185
47331,447,183
47332,446,179
47333,446,177
47334,446,177
47335,446,177
47336,446,178
47337,447,177
47338,447,179
47339,447,175
47340,447,176
47341,447,175
47342,447,174
47343,447,173
47344,445,172
47345,443,171
47346,442,172
47347,440,172
47348,439,172
47349,440,171
47350,440,172
47351,440,172
47352,442,172
47353,440,172
47354,439,172
47355,440,172
47356,441,172
47357,437,171
47358,438,169
47359,441,218
47360,441,217
47361,443,217
47362,437,216
47363,440,221
47364,441,219
47365,444,219
47366,445,219
47367,440,253
47368,439,250
47369,443,223
47370,443,220
47371,443,220
47372,441,253
47373,440,240
47374,442,221
47375,441,221
47376,454,223
47377,453,224
47378,453,226
47379,454,228
47380,451,231
47381,450,232
47382,447,246
47383,452,235
47384,452,236
47385,452,232
47386,451,236
47387,451,235
47388,452,238
47389,452,239
47390,452,242
47391,453,242
47392,453,242
47393,454,244
47394,452,245
47395,452,248
47396,449,249
47397,448,251
47398,447,255
47399,449,257
47400,439,254
47401,426,270
47402,429,305
47403,446,258
47404,424,281
47405,424,270
47406,416,287
47407,390,286
47408,387,288
47409,396,286
47410,400,292
47411,374,300
47412,375,303
47413,376,301
47414,381,302
47415,407,297
47416,404,295
47417,410,292
47418,410,290
47419,402,292
47420,400,293
47421,390,288
47422,390,283
47423,400,284
47424,398,283
47425,402,283
47426,407,288
47427,404,287
47428,408,292
47429,404,289
47430,400,286
47431,406,287
47432,401,288
47433,395,292
47434,402,294
47435,401,300
47436,402,300
47437,401,299
47438,402,299
47439,402,298
47440,402,299
47441,402,298
47442,403,299
47443,403,301
47444,405,299
47445,405,298
47446,405,298
47447,406,299
47448,405,297
47449,404,298
47450,404,297
47451,406,297
47452,407,297
47453,406,297
47454,408,297
47455,406,297
47456,407,295
47457,408,295
47458,411,296
47459,407,297
47460,407,296
47461,407,294
47462,416,299
47463,408,295
47464,407,303
47465,410,305
47466,415,308
47467,413,306
47468,414,306
47469,417,307
47470,421,307
47471,406,307
47472,422,289
47473,418,293
47474,417,298
47475,423,295
47476,427,296
47477,433,271
47478,418,305
47479,413,307
47480,423,308
47481,424,291
47482,420,308
47483,421,308
47484,418,308
47485,424,288
47486,429,267
47487,429,266
47488,425,288
47489,424,293
47490,430,278
47491,427,271
47492,427,281
47493,429,270
47494,427,280
47495,426,287
47496,424,299
47497,427,296
47498,424,298
47499,421,296
47500,420,297
47501,420,296
47502,419,295
47503,413,295
47504,413,297
47505,412,301
47506,416,294
47507,422,294
47508,421,296
47509,423,301
47510,421,299
47511,410,305
47512,413,307
47513,413,308
47514,404,309
47515,404,309
47516,408,309
47517,413,309
47518,416,310
47519,414,317
47520,405,321
47521,403,322
47522,404,324
47523,404,325
47524,404,325
47525,403,328
47526,399,327
47527,386,329
47528,387,329
47529,387,329
47530,387,327
47531,389,327
47532,397,326
47533,401,326
47534,401,326
47535,398,328
47536,396,326
47537,404,328
47538,402,328
47539,407,329
47540,408,328
47541,409,327
47542,409,328
47543,409,274
47544,409,271
47545,409,272
47546,406,277
47547,407,273
47548,411,273
47549,413,273
47550,416,277
47551,417,277
47552,419,269
47553,418,329
47554,419,270
47555,420,272
47556,424,271
47557,415,268
47558,414,266
47559,415,265
47560,417,264
47561,437,264
47562,435,260
47563,432,258
47564,438,255
47565,439,254
47566,448,248
47567,444,249
47568,447,247
47569,446,244
47570,441,244
47571,445,241
47572,447,240
47573,446,236
47574,445,236
47575,440,233
47576,437,232
47577,426,230
47578,418,213
47579,422,217
47580,420,210
47581,417,206
47582,417,203
47583,416,203
47584,416,203
47585,417,202
47586,416,201
47587,413,200
47588,416,200
47589,416,202
47590,418,200
47591,419,197
47592,420,196
47593,419,197
47594,414,198
47595,413,199
47596,415,199
47597,415,200
47598,416,199
47599,416,199
47600,415,201
47601,413,201
47602,413,203
47603,412,205
47604,413,208
47605,413,212
47606,413,212
47607,414,213
47608,415,213
47609,414,211
47610,415,210
47611,415,208
47612,417,208
47613,421,206
47614,421,201
47615,422,200
47616,424,200
47617,426,194
47618,426,188
47619,426,186
47620,426,189
47621,429,185
47622,428,187
47623,429,188
47624,429,192
47625,430,190
47626,429,185
47627,429,185
47628,429,184
47629,429,185
47630,429,185
47631,430,184
47632,430,184
47633,430,184
47634,430,184
47635,431,184
47636,431,183
47637,430,183
47638,430,184
47639,430,184
47640,430,181
47641,430,181
47642,431,182
47643,432,183
47644,433,183
47645,431,183
47646,431,181
47647,430,177
47648,427,174
47649,427,173
47650,425,171
47651,424,169
47652,424,220
47653,425,229
47654,431,227
47655,431,230
47656,431,229
47657,431,229
47658,424,228
47659,420,230
47660,419,162
47661,427,235
47662,426,245
47663,424,243
47664,422,246
47665,416,252
47666,419,299
47667,423,302
47668,423,298
47669,426,304
47670,423,303
47671,425,301
47672,423,300
47673,419,298
47674,416,294
47675,414,281
47676,417,294
47677,416,294
47678,425,296
47679,430,299
47680,425,239
47681,422,242
47682,417,241
47683,417,246
47684,411,241
47685,407,243
47686,403,245
47687,419,244
47688,421,243
47689,417,243
47690,414,241
47691,415,234
47692,414,232
47693,411,243
47694,404,240
47695,416,233
47696,430,235
47697,430,234
47698,428,231
47699,425,243
47700,420,246
47701,412,254
47702,397,258
47703,427,260
47704,429,259
47705,424,260
47706,422,257
47707,424,255
47708,423,254
47709,422,256
47710,422,251
47711,422,257
47712,423,257
47713,421,257
47714,421,256
47715,420,257
47716,420,256
47717,420,257
47718,420,257
47719,420,257
47720,419,258
47721,420,259
47722,420,252
47723,420,259
47724,420,258
47725,418,248
47726,422,250
47727,424,241
47728,423,235
47729,422,234
47730,422,235
47731,421,240
47732,423,241
47733,422,238
47734,422,238
47735,420,238
47736,419,238
47737,420,241
47738,408,251
47739,423,242
47740,423,238
47741,424,246
47742,418,249
47743,412,254
47744,419,253
47745,432,241
47746,437,239
47747,427,239
47748,425,240
47749,422,240
47750,424,240
47751,438,231
47752,439,231
47753,439,233
47754,440,238
47755,439,267
47756,439,263
47757,438,252
47758,424,256
47759,438,256
47760,433,248
47761,432,238
47762,434,234
47763,435,235
47764,431,236
47765,436,236
47766,435,227
47767,432,238
47768,425,237
47769,425,238
47770,426,238
47771,426,239
47772,426,239
47773,426,239
47774,426,239
47775,425,239
47776,425,239
47777,424,238
47778,424,238
47779,424,238
47780,423,238
47781,424,238
47782,423,238
47783,426,238
47784,425,237
47785,426,237
47786,426,238
47787,419,239
47788,420,240
47789,418,240
47790,424,229
47791,425,241
47792,420,231
47793,420,232
47794,420,232
47795,419,233
47796,411,239
47797,415,240
47798,417,240
47799,417,240
47800,413,240
47801,415,240
47802,414,240
47803,428,239
47804,436,234
47805,438,235
47806,435,235
47807,440,236
47808,441,235
47809,440,235
47810,439,235
47811,428,238
47812,426,238
47813,421,238
47814,421,239
47815,422,239
47816,421,251
47817,421,239
47818,422,239
47819,420,240
47820,423,233
47821,415,233
47822,413,234
47823,398,238
47824,399,240
47825,397,242
47826,407,244
47827,412,243
47828,414,281
47829,411,244
47830,411,244
47831,415,243
47832,416,245
47833,415,246
47834,416,248
47835,396,249
47836,398,249
47837,404,249
47838,407,247
47839,403,249
47840,399,248
47841,400,250
47842,401,250
47843,400,247
47844,400,248
47845,399,248
47846,399,249
47847,398,252
47848,397,253
47849,399,251
47850,398,252
47851,398,253
47852,399,252
47853,398,255
47854,406,253
47855,409,253
47856,400,194
47857,413,246
47858,422,242
47859,423,239
47860,426,238
47861,428,236
47862,428,239
47863,431,239
47864,432,239
47865,430,240
47866,431,238
47867,434,227
47868,435,198
47869,435,227
47870,433,196
47871,434,207
47872,434,209
47873,436,208
47874,435,200
47875,436,209
47876,436,206
47877,440,212
47878,426,212
47879,432,214
47880,435,216
47881,434,215
47882,438,213
47883,435,209
47884,426,209
47885,427,206
47886,422,208
47887,431,209
47888,430,206
47889,436,211
47890,427,212
47891,430,215
47892,425,216
47893,425,216
47894,432,216
47895,429,216
47896,428,215
47897,422,215
47898,418,216
47899,418,217
47900,423,220
47901,422,222
47902,425,222
47903,422,223
47904,428,219
47905,424,218
47906,421,214
47907,427,210
47908,430,211
47909,432,209
47910,432,208
47911,432,205
47912,430,202
47913,429,205
47914,430,204
47915,431,199
47916,430,197
47917,426,195
47918,425,195
47919,425,195
47920,429,195
47921,431,191
47922,428,185
47923,431,182
47924,426,176
47925,423,178
47926,426,181
47927,434,183
47928,434,182
47929,432,185
47930,431,184
47931,431,184
47932,434,184
47933,434,191
47934,430,184
47935,429,184
47936,428,185
47937,428,183
47938,433,179
47939,429,180
47940,430,180
47941,428,178
47942,429,178
47943,431,176
47944,425,177
47945,430,177
47946,426,175
47947,428,175
47948,427,174
47949,426,175
47950,425,175
47951,426,174
47952,420,174
47953,422,175
47954,427,175
47955,425,175
47956,425,175
47957,427,175
47958,424,175
47959,423,175
47960,426,176
47961,426,175
47962,425,175
47963,424,175
47964,423,175
47965,423,175
47966,423,176
47967,423,175
47968,423,175
47969,424,175
47970,424,176
47971,423,176
47972,422,175
47973,421,175
47974,422,176
47975,422,176
47976,422,175
47977,421,175
47978,423,176
47979,424,176
47980,424,176
47981,426,176
47982,430,176
47983,430,177
47984,433,177
47985,432,177
47986,432,176
47987,426,177
47988,429,178
47989,432,177
47990,429,177
47991,424,177
47992,424,178
47993,420,177
47994,424,177
47995,430,176
47996,424,176
47997,423,176
47998,425,172
47999,430,173
48000,435,170
48001,435,170
48002,438,173
48003,437,170
48004,440,170
48005,443,217
48006,449,218
48007,449,218
48008,450,215
48009,448,217
48010,448,215
48011,441,176
48012,436,181
48013,422,179
48014,424,179
48015,427,180
48016,421,178
48017,421,173
48018,427,173
48019,422,172
48020,416,171
48021,412,171
48022,412,172
48023,408,172
48024,413,172
48025,415,171
48026,415,170
48027,411,171
48028,409,171
48029,408,170
48030,410,170
48031,413,171
48032,429,232
48033,429,232
48034,427,234
48035,430,235
48036,431,237
48037,422,173
48038,436,237
48039,434,237
48040,435,286
48041,428,283
48042,434,282
48043,433,277
48044,433,243
48045,432,246
48046,441,248
48047,434,250
48048,438,249
48049,446,244
48050,443,243
48051,444,245
48052,444,268
48053,443,276
48054,446,279
48055,441,232
48056,437,237
48057,440,236
48058,431,247
48059,433,244
48060,434,251
48061,434,239
48062,436,245
48063,435,233
48064,429,237
48065,429,241
48066,426,244
48067,427,246
48068,426,249
48069,424,250
48070,422,255
48071,422,254
48072,421,258
48073,420,258
48074,419,259
48075,419,260
48076,422,261
48077,433,260
48078,422,260
48079,416,254
48080,419,253
48081,418,252
48082,421,243
48083,424,247
48084,429,248
48085,435,249
48086,433,249
48087,437,229
48088,444,228
48089,442,229
48090,446,231
48091,444,232
48092,443,240
48093,446,239
48094,444,239
48095,445,242
48096,447,239
48097,447,239
48098,447,241
48099,447,235
48100,447,233
48101,446,234
48102,445,235
48103,443,237
48104,444,236
48105,446,235
48106,447,254
48107,448,247
48108,449,251
48109,447,258
48110,447,237
48111,448,240
48112,447,238
48113,428,236
48114,424,229
48115,430,232
48116,421,236
48117,422,232
48118,424,237
48119,424,248
48120,424,246
48121,423,250
48122,422,253
48123,415,254
48124,411,240
48125,408,230
48126,411,246
48127,407,249
48128,411,236
48129,418,236
48130,416,243
48131,417,244
48132,420,244
48133,419,245
48134,413,243
48135,430,241
48136,433,240
48137,419,237
48138,424,238
48139,423,237
48140,424,233
48141,423,222
48142,425,239
48143,425,238
48144,404,238
48145,393,230
48146,410,233
48147,402,222
48148,405,214
48149,424,216
48150,435,215
48151,439,211
48152,434,214
48153,426,253
48154,423,220
48155,433,226
48156,441,225
48157,437,249
48158,438,248
48159,434,246
48160,434,247
48161,441,243
48162,441,231
48163,440,221
48164,442,221
48165,443,221
48166,443,222
48167,444,224
48168,443,226
48169,432,227
48170,420,239
48171,428,238
48172,428,228
48173,433,237
48174,432,234
48175,428,236
48176,427,232
48177,438,223
48178,445,220
48179,445,218
48180,444,219
48181,444,218
48182,443,218
48183,442,218
48184,444,219
48185,444,222
48186,443,225
48187,442,224
48188,443,226
48189,442,223
48190,442,224
48191,442,226
48192,442,226
48193,441,229
48194,443,229
48195,443,227
48196,443,226
48197,443,225
48198,443,226
48199,443,225
48200,443,224
48201,443,224
48202,443,224
48203,443,224
48204,444,223
48205,444,224
48206,444,224
48207,444,224
48208,443,223
48209,443,223
48210,444,223
48211,443,224
48212,443,223
48213,444,223
48214,443,223
48215,443,223
48216,443,223
48217,443,224
48218,443,223
48219,444,223
48220,443,223
48221,443,224
48222,443,224
48223,443,224
48224,443,223
48225,443,223
48226,443,224
48227,443,223
48228,443,223
48229,443,223
48230,443,223
48231,443,223
48232,444,223
48233,444,224
48234,446,224
48235,446,224
48236,446,224
48237,446,224
48238,445,224
48239,445,224
48240,444,224
48241,444,224
48242,444,225
48243,444,225
48244,444,224
48245,444,225
48246,444,226
48247,443,225
48248,443,229
48249,443,225
48250,442,225
48251,443,226
48252,443,228
48253,444,229
48254,443,231
48255,442,231
48256,442,232
48257,443,229
48258,444,230
48259,443,230
48260,443,232
48261,442,236
48262,442,232
48263,442,226
48264,443,225
48265,444,224
48266,443,225
48267,443,223
48268,444,224
48269,445,225
48270,444,224
48271,444,226
48272,445,226
48273,446,226
48274,445,239
48275,444,236
48276,444,238
48277,445,236
48278,445,239
48279,446,237
48280,446,236
48281,446,241
48282,445,228
48283,447,224
48284,446,233
48285,449,222
48286,445,221
48287,444,220
48288,443,223
48289,441,226
48290,439,233
48291,431,236
48292,438,238
48293,438,239
48294,436,241
48295,426,242
48296,430,243
48297,436,256
48298,436,253
48299,436,259
48300,422,266
48301,429,268
48302,428,262
48303,426,273
48304,426,268
48305,423,265
48306,420,274
48307,416,280
48308,418,280
48309,416,281
48310,412,278
48311,414,282
48312,416,289
48313,414,287
48314,413,290
48315,411,289
48316,411,289
48317,401,293
48318,391,296
48319,387,299
48320,387,303
48321,383,304
48322,386,302
48323,383,304
48324,385,305
48325,381,306
48326,376,307
48327,380,306
48328,378,306
48329,373,307
48330,368,308
48331,361,311
48332,358,311
48333,352,315
48334,349,314
48335,347,314
48336,346,315
48337,346,313
48338,346,312
48339,347,311
48340,346,311
48341,346,311
48342,345,313
48343,343,313
48344,345,312
48345,343,312
48346,343,313
48347,342,312
48348,342,313
48349,341,312
48350,341,312
48351,340,313
48352,340,313
48353,341,313
48354,341,313
48355,341,314
48356,341,314
48357,341,314
48358,341,314
48359,340,314
48360,336,314
48361,336,314
48362,337,314
48363,336,315
48364,336,315
48365,336,314
48366,337,314
48367,334,315
48368,334,315
48369,334,315
48370,334,314
48371,335,313
48372,335,313
48373,333,313
48374,331,313
48375,330,312
48376,329,312
48377,334,315
48378,333,315
48379,330,314
48380,336,314
48381,338,314
48382,331,312
48383,334,315
48384,334,317
48385,329,317
48386,328,318
48387,325,318
48388,324,321
48389,325,320
48390,321,321
48391,322,320
48392,325,318
48393,324,318
48394,327,317
48395,328,316
48396,325,317
48397,327,315
48398,326,314
48399,322,315
48400,325,316
48401,324,315
48402,324,314
48403,324,314
48404,324,314
48405,322,314
48406,320,315
48407,326,314
48408,319,316
48409,320,316
48410,319,316
48411,316,316
48412,315,317
48413,314,318
48414,313,317
48415,312,317
48416,314,318
48417,315,318
48418,315,319
48419,319,318
48420,317,316
48421,318,317
48422,320,317
48423,319,317
48424,317,316
48425,318,318
48426,316,317
48427,316,317
48428,316,317
48429,320,318
48430,320,319
48431,317,316
48432,318,316
48433,316,317
48434,318,316
48435,321,316
48436,320,316
48437,320,316
48438,323,316
48439,319,317
48440,322,317
48441,323,316
48442,328,316
48443,333,317
48444,334,318
48445,340,318
48446,342,318
48447,338,320
48448,339,320
48449,341,320
48450,337,321
48451,340,321
48452,343,322
48453,345,323
48454,346,318
48455,347,313
48456,344,310
48457,348,308
48458,348,308
48459,353,306
48460,355,305
48461,358,306
48462,360,304
48463,359,301
48464,364,304
48465,364,300
48466,367,300
48467,369,298
48468,372,305
48469,376,306
48470,380,305
48471,382,302
48472,385,300
48473,392,304
48474,391,303
48475,395,305
48476,395,309
48477,395,312
48478,396,314
48479,387,315
48480,397,312
48481,400,303
48482,396,239
48483,401,240
48484,403,235
48485,404,231
48486,405,227
48487,411,230
48488,408,220
48489,420,230
48490,423,205
48491,438,217
48492,426,210
48493,403,148
48494,420,180
48495,421,183
48496,418,173
48497,408,162
48498,406,162
48499,406,163
48500,404,163
48501,401,158
48502,402,154
48503,400,155
48504,400,154
48505,415,168
48506,401,155
48507,401,157
48508,402,156
48509,401,155
48510,400,152
48511,400,151
48512,415,165
48513,406,151
48514,403,151
48515,404,151
48516,420,183
48517,418,171
48518,422,176
48519,434,196
48520,421,175
48521,420,171
48522,421,174
48523,419,172
48524,408,150
48525,408,149
48526,419,181
48527,421,184
48528,419,172
48529,419,176
48530,428,197
48531,435,212
48532,435,213
48533,431,214
48534,409,151
48535,409,150
48536,425,197
48537,410,177
48538,413,174
48539,408,163
48540,396,145
48541,395,148
48542,400,147
48543,404,147
48544,414,186
48545,401,147
48546,420,188
48547,415,181
48548,433,206
48549,431,206
48550,433,205
48551,433,206
48552,436,204
48553,436,203
48554,426,190
48555,422,190
48556,422,192
48557,423,191
48558,425,193
48559,423,192
48560,419,192
48561,423,190
48562,430,191
48563,427,191
48564,430,191
48565,432,192
48566,433,190
48567,419,192
48568,418,190
48569,419,191
48570,420,190
48571,434,188
48572,425,195
48573,415,191
48574,412,192
48575,413,191
48576,414,193
48577,414,194
48578,415,193
48579,413,192
48580,407,191
48581,416,193
48582,417,195
48583,428,191
48584,433,193
48585,428,193
48586,418,197
48587,415,201
48588,410,194
48589,411,193
48590,420,193
48591,410,193
48592,416,195
48593,409,195
48594,407,197
48595,407,199
48596,415,202
48597,424,207
48598,418,208
48599,421,208
48600,408,207
48601,412,210
48602,412,213
48603,420,210
48604,421,211
48605,395,219
48606,420,213
48607,395,219
48608,422,223
48609,424,224
48610,418,222
48611,423,222
48612,433,225
48613,436,227
48614,442,227
48615,440,221
48616,443,219
48617,438,213
48618,436,193
48619,437,213
48620,432,206
48621,429,191
48622,417,189
48623,421,211
48624,411,206
48625,412,202
48626,425,215
48627,416,225
48628,412,222
48629,438,220
48630,438,215
48631,438,214
48632,439,201
48633,435,193
48634,434,191
48635,434,187
48636,427,190
48637,434,189
48638,428,197
48639,435,215
48640,429,189
48641,435,219
48642,434,205
48643,436,189
48644,429,219
48645,444,220
48646,444,199
48647,443,199
48648,442,189
48649,439,187
48650,440,207
48651,436,214
48652,441,217
48653,442,216
48654,444,212
48655,445,215
48656,446,187
48657,434,185
48658,426,185
48659,438,187
48660,444,190
48661,444,208
48662,446,183
48663,441,183
48664,440,186
48665,440,185
48666,441,184
48667,444,186
48668,445,186
48669,448,186
48670,446,187
48671,446,186
48672,445,187
48673,445,187
48674,439,188
48675,443,189
48676,437,191
48677,435,190
48678,436,189
48679,437,190
48680,439,191
48681,442,194
48682,442,191
48683,442,192
48684,443,192
48685,444,194
48686,441,195
48687,440,196
48688,445,198
48689,444,197
48690,442,197
48691,444,198
48692,444,195
48693,445,196
48694,436,199
48695,441,218
48696,444,213
48697,445,214
48698,445,223
48699,441,233
48700,442,234
48701,443,235
48702,437,224
48703,444,224
48704,430,217
48705,432,217
48706,429,197
48707,430,190
48708,442,192
48709,439,210
48710,428,211
48711,427,186
48712,425,188
48713,431,191
48714,431,191
48715,425,192
48716,434,195
48717,435,213
48718,429,196
48719,428,196
48721,429,195
48722,434,180
48723,420,146
48724,429,151
48725,439,152
48726,441,164
48727,438,169
48728,433,179
48729,434,183
48730,433,190
48731,430,191
48732,425,189
48733,423,189
48734,427,189
48735,420,189
48736,428,190
48737,422,189
48738,427,189
48739,427,188
48740,426,188
48741,426,188
48742,425,188
48743,426,187
48744,426,186
48745,426,183
48746,428,183
48747,428,184
48748,428,183
48749,426,185
48750,426,187
48751,425,189
48752,426,189
48753,431,191
48754,431,188
48755,430,187
48756,426,185
48757,430,180
48758,426,186
48759,426,188
48760,427,192
48761,430,190
48762,425,196
48763,421,192
48764,419,194
48765,421,196
48766,417,196
48767,415,197
48768,416,198
48769,416,197
48770,417,194
48771,417,195
48772,418,194
48773,419,195
48774,417,192
48775,419,191
48776,419,190
48777,419,187
48778,420,185
48779,418,184
48780,419,183
48781,417,182
48782,416,182
48783,415,183
48784,417,185
48785,417,185
48786,419,185
48787,420,184
48788,417,181
48789,419,182
48790,419,182
48791,417,180
48792,417,178
48793,418,179
48794,419,180
48795,419,179
48796,419,179
48797,419,178
48798,419,179
48799,419,179
48800,419,180
48801,419,178
48802,419,179
48803,418,180
48804,418,177
48805,418,178
48806,418,178
48807,418,178
48808,418,179
48809,419,180
48810,418,179
48811,419,180
48812,417,179
48813,417,178
48814,419,178
48815,419,177
48816,419,179
48817,419,178
48818,419,178
48819,419,178
48820,419,179
48821,419,178
48822,419,176
48823,420,176
48824,420,178
48825,418,178
48826,418,179
48827,420,180
48828,418,179
48829,418,178
48830,418,178
48831,418,178
48832,418,179
48833,418,179
48834,420,179
48835,418,179
48836,419,180
48837,419,180
48838,419,180
48839,420,180
48840,418,180
48841,420,182
48842,420,182
48843,420,182
48844,420,183
48845,420,184
48846,421,184
48847,424,185
48848,426,185
48849,436,186
48850,430,186
48851,425,186
48852,423,185
48853,422,185
48854,429,185
48855,427,186
48856,419,187
48857,427,186
48858,419,186
48859,419,187
48860,418,186
48861,419,185
48862,419,185
48863,424,186
48864,422,185
48865,418,184
48866,418,185
48867,423,184
48868,423,185
48869,422,187
48870,424,187
48871,422,189
48872,421,192
48873,422,192
48874,422,191
48875,421,191
48876,420,191
48877,419,194
48878,419,195
48879,419,194
48880,420,194
48881,420,196
48882,420,199
48883,422,192
48884,422,204
48885,422,207
48886,422,210
48887,427,215
48888,428,219
48889,429,220
48890,429,223
48891,429,226
48892,431,229
48893,426,232
48894,417,237
48895,434,236
48896,416,239
48897,408,237
48898,432,242
48899,433,237
48900,435,242
48901,447,245
48902,445,269
48903,441,265
48904,444,269
48905,443,271
48906,442,270
48907,442,251
48908,440,259
48909,443,244
48910,443,241
48911,444,239
48912,444,239
48913,444,243
48914,443,246
48915,439,251
48916,435,256
48917,426,248
48918,425,251
48919,424,250
48920,429,253
48921,425,253
48922,416,246
48923,426,241
48924,432,243
48925,423,307
48926,424,295
48927,425,297
48928,429,253
48929,432,266
48930,433,230
48931,433,228
48932,428,229
48933,428,230
48934,427,226
48935,426,225
48936,426,229
48937,423,229
48938,424,231
48939,418,226
48940,419,226
48941,417,228
48942,415,227
48943,409,222
48944,408,222
48945,409,221
48946,413,222
48947,411,223
48948,412,223
48949,414,224
48950,412,225
48951,412,227
48952,415,228
48953,416,229
48954,417,230
48955,419,230
48956,419,230
48957,418,231
48958,419,234
48959,418,233
48960,417,229
48961,422,230
48962,423,232
48963,415,229
48964,426,234
48965,428,255
48966,423,244
48967,398,234
48968,406,234
48969,421,235
48970,429,241
48971,433,239
48972,434,240
48973,440,241
48974,441,237
48975,439,239
48976,436,242
48977,446,240
48978,447,242
48979,449,244
48980,451,241
48981,450,238
48982,446,235
48983,450,230
48984,448,229
48985,447,229
48986,452,224
48987,452,223
48988,448,223
48989,446,225
48990,451,229
48991,450,229
48992,450,228
48993,433,164
48994,443,229
48995,442,229
48996,438,231
48997,438,233
48998,442,232
48999,443,232
49000,449,229
49001,448,233
49002,448,235
49003,449,235
49004,442,236
49005,441,235
49006,434,236
49007,436,239
49008,436,234
49009,440,233
49010,441,234
49011,440,233
49012,445,234
49013,439,230
49014,436,228
49015,436,226
49016,437,225
49017,436,221
49018,436,221
49019,441,217
49020,441,219
49021,440,217
49022,439,218
49023,438,217
49024,438,218
49025,440,218
49026,441,218
49027,441,218
49028,443,218
49029,444,218
49030,444,218
49031,443,217
49032,442,217
49033,444,217
49034,440,215
49035,439,215
49036,440,216
49037,438,215
49038,430,167
49039,433,166
49040,434,165
49041,437,166
49042,443,166
49043,442,164
49044,442,165
49045,442,168
49046,442,213
49047,442,213
49048,441,166
49049,436,165
49050,438,168
49051,435,213
49052,439,215
49053,438,216
49054,436,216
49055,436,216
49056,438,221
49057,438,218
49058,439,217
49059,439,217
49060,439,217
49061,439,216
49062,438,217
49063,438,217
49064,436,218
49065,435,219
49066,433,219
49067,437,218
49068,436,219
49069,435,219
49070,436,219
49071,436,219
49072,437,219
49073,435,219
49074,435,219
49075,435,219
49076,436,219
49077,436,219
49078,436,218
49079,437,218
49080,443,220
49081,441,220
49082,442,220
49083,446,220
49084,444,219
49085,446,217
49086,448,218
49087,451,219
49088,449,218
49089,447,220
49090,446,219
49091,448,219
49092,447,226
49093,451,223
49094,453,224
49095,453,221
49096,455,224
49097,457,226
49098,459,229
49099,458,228
49100,457,240
49101,456,242
49102,455,236
49103,455,233
49104,455,235
49105,455,236
49106,455,236
49107,458,238
49108,456,238
49109,457,243
49110,456,243
49111,457,243
49112,460,228
49113,462,223
49114,463,223
49115,464,224
49116,462,225
49117,461,224
49118,460,225
49119,458,237
49120,458,235
49121,453,235
49122,454,237
49123,453,243
49124,452,238
49125,453,233
49126,451,231
49127,448,229
49128,447,229
49129,449,229
49130,449,230
49131,449,231
49132,450,233
49133,450,234
49134,450,234
49135,451,236
49136,450,233
49137,451,230
49138,453,232
49139,452,233
49140,449,237
49141,448,239
49142,447,242
49143,446,245
49144,446,239
49145,445,241
49146,445,239
49147,440,248
49148,443,249
49149,445,248
49150,445,250
49151,446,246
49152,448,246
49153,448,244
49154,449,245
49155,448,246
49156,446,248
49157,446,249
49158,445,248
49159,445,250
49160,444,255
49161,443,253
49162,443,254
49163,441,252
49164,440,252
49165,437,253
49166,433,252
49167,425,247
49168,428,257
49169,430,257
49170,424,259
49171,423,251
49172,422,254
49173,422,250
49174,427,260
49175,429,260
49176,441,254
49177,447,253
49178,449,257
49179,453,259
49180,452,254
49181,452,261
49182,451,262
49183,451,254
49184,451,259
49185,451,249
49186,452,260
49187,451,271
49188,450,268
49189,449,267
49190,450,265
49191,451,262
49192,451,260
49193,451,260
49194,451,261
49195,449,262
49196,446,261
49197,446,263
49198,448,265
49199,449,266
49200,450,266
49201,450,267
49202,451,266
49203,451,266
49204,451,266
49205,452,268
49206,453,269
49207,451,267
49208,451,268
49209,452,268
49210,452,268
49211,453,268
49212,454,271
49213,454,271
49214,454,273
49215,453,270
49216,455,269
49217,454,258
49218,453,259
49219,454,262
49220,454,261
49221,454,263
49222,454,262
49223,451,259
49224,454,262
49225,451,259
49226,451,257
49227,447,258
49228,451,256
49229,451,257
49230,451,256
49231,453,260
49232,454,259
49233,454,260
49234,454,261
49235,451,255
49236,452,255
49237,447,255
49238,447,255
49239,448,256
49240,448,256
49241,448,255
49242,448,256
49243,450,256
49244,450,256
49245,448,256
49246,448,257
49247,450,254
49248,450,255
49249,451,255
49250,451,251
49251,450,251
49252,450,249
49253,450,249
49254,450,250
49255,450,250
49256,449,250
49257,449,253
49258,449,253
49259,448,253
49260,448,253
49261,449,254
49262,448,253
49263,448,255
49264,447,251
49265,447,251
49266,446,250
49267,447,251
49268,448,251
49269,447,251
49270,448,251
49271,447,251
49272,449,251
49273,449,251
49274,448,252
49275,448,251
49276,448,254
49277,447,254
49278,447,256
49279,446,257
49280,446,257
49281,447,256
49282,445,257
49283,445,257
49284,445,255
49285,434,256
49286,435,256
49287,442,256
49288,438,262
49289,445,272
49290,451,241
49291,450,240
49292,449,237
49293,450,236
49294,450,234
49295,445,237
49296,442,273
49297,439,230
49298,439,239
49299,432,225
49300,423,227
49301,422,227
49302,423,229
49303,435,231
49304,431,228
49305,437,229
49306,443,223
49307,443,221
49308,442,221
49309,447,221
49310,446,221
49311,443,225
49312,435,227
49313,426,231
49314,429,234
49315,432,237
49316,430,238
49317,429,241
49318,430,243
49319,436,245
49320,437,246
49321,438,248
49322,436,248
49323,431,247
49324,436,246
49325,439,244
49326,438,245
49327,440,242
49328,437,239
49329,438,239
49330,441,236
49331,434,235
49332,432,234
49333,433,234
49334,433,232
49335,438,231
49336,436,232
49337,435,232
49338,433,232
49339,433,232
49340,438,231
49341,435,231
49342,439,231
49343,439,231
49344,433,230
49345,433,229
49346,434,228
49347,434,228
49348,431,229
49349,431,230
49350,430,230
49351,429,229
49352,431,230
49353,431,230
49354,431,229
49355,431,229
49356,432,229
49357,433,229
49358,432,229
49359,432,229
49360,430,229
49361,429,228
49362,428,228
49363,427,228
49364,428,228
49365,430,228
49366,431,228
49367,430,228
49368,431,228
49369,431,228
49370,427,227
49371,427,228
49372,427,227
49373,427,228
49374,436,228
49375,438,228
49376,440,229
49377,440,230
49378,442,230
49379,442,229
49380,442,228
49381,443,230
49382,444,229
49383,444,231
49384,443,231
49385,444,231
49386,447,232
49387,444,228
49388,444,230
49389,439,271
49390,442,246
49391,444,231
49392,443,248
49393,427,261
49394,433,260
49395,433,257
49396,438,258
49397,437,250
49398,436,249
49399,424,258
49400,423,260
49401,415,264
49402,417,268
49403,419,270
49404,429,266
49405,430,265
49406,427,263
49407,421,256
49408,418,258
49409,418,256
49410,417,252
49411,417,251
49412,414,253
49413,415,255
49414,419,255
49415,415,261
49416,422,273
49417,417,277
49418,397,279
49419,397,279
49420,395,280
49421,396,278
49422,401,276
49423,409,276
49424,418,277
49425,417,274
49426,418,274
49427,416,276
49428,420,282
49429,422,282
49430,414,278
49431,413,277
49432,412,277
49433,410,274
49434,409,275
49435,408,274
49436,408,276
49437,407,275
49438,408,273
49439,409,273
49440,411,275
49441,410,275
49442,410,275
49443,409,276
49444,406,277
49445,406,276
49446,403,276
49447,404,278
49448,405,278
49449,402,280
49450,399,279
49451,397,281
49452,398,281
49453,404,281
49454,409,278
49455,406,280
49456,406,281
49457,419,282
49458,412,282
49459,433,283
49460,428,284
49461,444,283
49462,441,281
49463,427,266
49464,428,269
49465,421,280
49466,428,286
49467,407,283
49468,410,282
49469,407,281
49470,406,282
49471,412,283
49472,413,282
49473,411,282
49474,409,283
49475,427,287
49476,412,284
49477,416,283
49478,417,287
49479,415,288
49480,413,288
49481,416,288
49482,416,289
49483,416,289
49484,416,290
49485,412,290
49486,412,289
49487,415,290
49488,425,288
49489,434,292
49490,434,292
49491,438,293
49492,440,296
49493,440,298
49494,439,294
49495,434,289
49496,437,292
49497,437,291
49498,436,290
49499,437,288
49500,436,289
49501,434,289
49502,434,290
49503,438,288
49504,437,288
49505,416,283
49506,439,288
49507,438,286
49508,437,284
49509,436,285
49510,436,287
49511,437,286
49512,437,283
49513,437,291
49514,438,286
49515,404,282
49516,403,282
49517,406,282
49518,404,282
49519,404,282
49520,410,281
49521,410,281
49522,406,281
49523,406,280
49524,410,281
49525,411,282
49526,411,282
49527,406,282
49528,405,283
49529,403,283
49530,433,287
49531,436,286
49532,432,286
49533,429,287
49534,433,288
49535,430,288
49536,432,289
49537,437,293
49538,427,288
49539,431,277
49540,440,301
49541,440,296
49542,436,294
49543,433,289
49544,432,289
49545,436,289
49546,434,285
49547,433,285
49548,433,284
49549,435,285
49550,417,284
49551,412,285
49552,415,284
49553,412,284
49554,411,284
49555,414,280
49556,416,277
49557,415,278
49558,417,280
49559,436,290
49560,402,279
49561,403,279
49562,404,279
49563,407,281
49564,401,282
49565,437,289
49566,401,281
49567,402,281
49568,401,281
49569,401,281
49570,398,282
49571,398,282
49572,399,282
49573,398,281
49574,398,282
49575,397,283
49576,400,282
49577,434,288
49578,436,289
49579,437,289
49580,438,288
49581,403,282
49582,438,287
49583,402,283
49584,401,282
49585,405,283
49586,406,284
49587,438,289
49588,436,288
49589,429,287
49590,432,285
49591,422,286
49592,431,285
49593,420,284
49594,425,287
49595,418,295
49596,420,296
49597,416,300
49598,413,299
49599,416,299
49600,408,298
49601,410,298
49602,407,300
49603,438,303
49604,445,301
49605,445,256
49606,434,252
49607,427,249
49608,422,247
49609,427,248
49610,426,247
49611,449,246
49612,352,292
49613,444,240
49614,442,238
49615,441,232
49616,441,232
49617,431,174
49618,438,228
49619,441,227
49620,433,227
49621,423,185
49622,421,184
49623,421,184
49624,434,193
49625,431,192
49626,429,193
49627,423,177
49628,426,174
49629,427,177
49630,428,178
49631,427,178
49632,427,179
49633,427,179
49634,426,180
49635,428,187
49636,426,178
49637,423,178
49638,424,177
49639,426,177
49640,424,179
49641,425,189
49642,426,197
49643,427,204
49644,427,207
49645,422,170
49646,420,170
49647,419,171
49648,422,207
49649,423,204
49650,428,208
49651,428,208
49652,428,208
49653,429,208
49654,430,209
49655,429,177
49656,428,173
49657,423,171
49658,429,182
49659,429,183
49660,428,192
49661,427,196
49662,428,191
49663,428,197
49664,427,174
49665,426,171
49666,426,175
49667,426,174
49668,426,173
49669,426,172
49670,427,177
49671,426,176
49672,426,175
49673,428,183
49674,428,176
49675,430,204
49676,428,169
49677,427,167
49678,428,198
49679,429,215
49680,429,209
49681,439,216
49682,434,174
49683,432,162
49684,431,159
49685,432,156
49686,433,154
49687,434,213
49688,428,214
49689,432,216
49690,442,216
49691,441,217
49692,433,216
49693,431,215
49694,435,210
49695,428,207
49696,426,211
49697,423,201
49698,449,209
49699,430,214
49700,435,215
49701,455,207
49702,455,203
49703,455,202
49704,454,206
49705,452,211
49706,452,207
49707,452,222
49708,453,224
49709,452,226
49710,452,227
49711,450,229
49712,451,230
49713,451,229
49714,450,231
49715,451,231
49716,454,231
49717,453,232
49718,453,232
49719,454,231
49720,453,231
49721,453,232
49722,453,232
49723,446,232
49724,444,232
49725,442,232
49726,444,232
49727,449,231
49728,448,231
49729,447,231
49730,448,231
49731,446,231
49732,446,232
49733,445,232
49734,444,232
49735,446,230
49736,447,231
49737,440,234
49738,443,233
49739,436,219
49740,441,234
49741,440,231
49742,434,231
49743,438,231
49744,439,206
49745,439,217
49746,439,221
49747,438,229
49748,442,229
49749,446,229
49750,448,230
49751,448,227
49752,449,226
49753,445,229
49754,445,230
49755,439,228
49756,439,221
49757,444,213
49758,451,208
49759,451,211
49760,452,210
49761,452,210
49762,452,211
49763,453,211
49764,453,211
49765,451,209
49766,449,203
49767,449,201
49768,447,198
49769,450,198
49770,450,198
49771,445,200
49772,447,199
49773,445,201
49774,447,201
49775,448,202
49776,449,202
49777,442,203
49778,442,204
49779,441,205
49780,440,206
49781,438,271
49782,442,206
49783,441,211
49784,437,271
49785,437,271
49786,437,271
49787,437,271
49788,437,271
49789,438,271
49790,439,271
49791,440,270
49792,441,270
49793,439,271
49794,438,271
49795,439,271
49796,437,274
49797,438,272
49798,438,272
49799,438,272
49800,443,273
49801,452,276
49802,444,273
49803,441,273
49804,441,274
49805,445,204
49806,443,204
49807,445,200
49808,442,204
49809,438,204
49810,443,199
49811,422,198
49812,435,199
49813,431,196
49814,436,274
49815,441,274
49816,441,273
49817,406,264
49818,406,264
49819,406,267
49820,405,267
49821,405,269
49822,428,273
49823,452,229
49824,452,247
49825,453,233
49826,445,226
49827,448,219
49828,449,215
49829,448,214
49830,443,220
49831,445,216
49832,448,208
49833,442,214
49834,439,213
49835,445,213
49836,445,213
49837,442,210
49838,444,204
49839,443,207
49840,446,210
49841,442,214
49842,442,214
49843,443,215
49844,442,216
49845,418,217
49846,412,205
49847,410,207
49848,409,223
49849,409,225
49850,410,207
49851,416,206
49852,418,207
49853,446,214
49854,450,213
49855,454,217
49856,454,221
49857,452,224
49858,454,279
49859,448,226
49860,446,227
49861,444,226
49862,447,222
49863,441,223
49864,424,225
49865,423,225
49866,424,223
49867,428,217
49868,433,214
49869,435,185
49870,434,206
49871,433,215
49872,429,216
49873,427,220
49874,428,220
49875,430,198
49876,424,199
49877,427,202
49878,416,218
49879,418,199
49880,419,199
49881,419,193
49882,416,192
49883,417,192
49884,416,196
49885,415,193
49886,418,191
49887,414,209
49888,411,200
49889,408,202
49890,409,207
49891,407,189
49892,407,190
49893,410,206
49894,410,184
49895,410,192
49896,407,196
49897,404,194
49898,401,199
49899,401,201
49900,403,204
49901,403,205
49902,402,205
49903,400,208
49904,402,210
49905,402,211
49906,403,213
49907,401,217
49908,401,219
49909,400,218
49910,400,217
49911,403,216
49912,403,220
49913,403,223
49914,402,223
49915,401,217
49916,401,216
49917,402,212
49918,402,213
49919,404,210
49920,404,212
49921,403,217
49922,404,215
49923,407,216
49924,407,215
49925,408,216
49926,408,218
49927,408,219
49928,408,220
49929,408,221
49930,408,221
49931,410,222
49932,408,221
49933,408,220
49934,407,219
49935,406,219
49936,408,220
49937,408,220
49938,408,220
49939,408,220
49940,408,220
49941,408,219
49942,408,219
49943,408,219
49944,408,219
49945,407,219
49946,406,217
49947,407,217
49948,407,218
49949,407,218
49950,407,218
49951,408,218
49952,407,217
49953,407,217
49954,407,217
49955,409,218
49956,410,218
49957,410,217
49958,410,217
49959,409,216
49960,409,215
49961,407,216
49962,407,216
49963,408,216
49964,408,216
49965,408,217
49966,408,217
49967,407,217
49968,407,217
49969,407,216
49970,407,216
49971,409,218
49972,408,218
49973,410,216
49974,410,212
49975,413,211
49976,415,210
49977,416,207
49978,414,197
49979,415,195
49980,416,186
49981,414,183
49982,410,177
49983,402,171
49984,402,168
49985,402,172
49986,399,210
49987,407,211
49988,420,212
49989,418,213
49990,422,215
49991,426,215
49992,431,220
49993,432,220
49994,429,223
49995,431,224
49996,426,227
49997,429,226
49998,428,224
49999,423,229
50000,425,244
50001,424,249
50002,427,251
50003,431,230
50004,432,230
50005,432,232
50006,447,236
50007,452,240
50008,453,234
50009,453,229
50010,452,227
50011,452,227
50012,447,228
50013,430,230
50014,419,230
50015,421,228
50016,420,228
50017,424,234
50018,419,228
50019,428,229
50020,427,230
50021,428,236
50022,427,238
50023,432,249
50024,444,245
50025,432,243
50026,432,238
50027,434,230
50028,441,228
50029,436,230
50030,433,237
50031,434,257
50032,424,232
50033,422,231
50034,425,231
50035,415,230
50036,417,233
50037,418,234
50038,419,237
50039,419,238
50040,421,226
50041,420,226
50042,421,234
50043,433,230
50044,437,229
50045,448,223
50046,451,223
50047,451,236
50048,449,254
50049,448,250
50050,442,254
50051,434,257
50052,443,257
50053,446,256
50054,446,232
50055,447,236
50056,446,222
50057,444,242
50058,440,245
50059,442,244
50060,443,244
50061,443,236
50062,443,227
50063,443,228
50064,441,242
50065,425,235
50066,418,245
50067,443,249
50068,441,250
50069,441,250
50070,426,250
50071,438,249
50072,439,248
50073,441,250
50074,435,249
50075,437,249
50076,444,251
50077,440,240
50078,440,242
50079,444,252
50080,437,251
50081,430,240
50082,436,231
50083,433,227
50084,430,229
50085,433,229
50086,430,222
50087,448,232
50088,448,228
50089,447,226
50090,447,230
50091,447,229
50092,429,228
50093,447,236
50094,447,229
50095,435,231
50096,441,243
50097,444,247
50098,443,246
50099,408,243
50100,402,253
50101,414,253
50102,405,247
50103,403,234
50104,401,235
50105,402,242
50106,437,254
50107,437,233
50108,437,248
50109,439,250
50110,439,240
50111,442,241
50112,452,240
50113,454,240
50114,457,239
50115,463,231
50116,465,229
50117,469,231
50118,468,233
50119,466,236
50120,462,238
50121,462,238
50122,460,235
50123,456,229
50124,445,215
50125,447,220
50126,448,212
50127,436,209
50128,444,208
50129,437,208
50130,436,207
50131,430,204
50132,429,206
50133,430,207
50134,428,202
50135,429,203
50136,424,200
50137,425,197
50138,425,195
50139,426,194
50140,425,194
50141,427,196
50142,428,196
50143,428,198
50144,429,198
50145,429,201
50146,430,202
50147,434,202
50148,435,204
50149,435,205
50150,434,206
50151,438,204
50152,439,204
50153,442,203
50154,436,204
50155,429,202
50156,428,202
50157,429,203
50158,422,202
50159,420,207
50160,420,206
50161,421,206
50162,422,208
50163,422,207
50164,423,207
50165,421,206
50166,423,207
50167,418,207
50168,418,206
50169,419,204
50170,419,201
50171,419,204
50172,417,203
50173,419,203
50174,418,202
50175,418,203
50176,417,202
50177,417,200
50178,417,199
50179,417,200
50180,418,199
50181,418,198
50182,417,197
50183,418,197
50184,418,198
50185,418,198
50186,420,199
50187,419,199
50188,419,199
50189,419,199
50190,419,199
50191,419,199
50192,418,199
50193,418,199
50194,418,199
50195,418,201
50196,419,201
50197,420,201
50198,420,201
50199,420,202
50200,420,202
50201,420,203
50202,419,202
50203,419,202
50204,419,201
50205,417,200
50206,419,203
50207,419,203
50208,417,201
50209,418,199
50210,419,200
50211,419,199
50212,419,197
50213,419,198
50214,420,197
50215,421,193
50216,422,191
50217,422,190
50218,421,189
50219,422,190
50220,421,187
50221,421,187
50222,420,187
50223,421,181
50224,422,178
50225,424,175
50226,426,176
50227,431,207
50228,431,186
50229,437,210
50230,438,217
50231,437,216
50232,435,214
50233,435,212
50234,436,211
50235,441,210
50236,444,205
50237,445,204
50238,439,176
50239,437,174
50240,438,175
50241,427,169
50242,436,176
50243,436,172
50244,437,171
50245,435,170
50246,435,170
50247,436,170
50248,436,169
50249,437,168
50250,437,170
50251,443,199
50252,439,180
50253,441,181
50254,442,182
50255,442,180
50256,440,194
50257,441,188
50258,447,193
50259,447,192
50260,447,187
50261,439,181
50262,439,182
50263,438,183
50264,438,177
50265,438,170
50266,439,174
50267,439,169
50268,440,175
50269,440,173
50270,441,176
50271,443,196
50272,444,192
50273,444,188
50274,445,194
50275,445,194
50276,446,192
50277,446,197
50278,445,190
50279,446,201
50280,448,182
50281,447,179
50282,447,176
50283,447,173
50284,447,169
50285,449,170
50286,448,172
50287,449,186
50288,449,172
50289,450,190
50290,450,173
50291,449,171
50292,447,172
50293,450,203
50294,449,199
50295,448,201
50296,446,199
50297,443,199
50298,443,195
50299,442,195
50300,441,188
50301,441,185
50302,441,181
50303,439,192
50304,442,194
50305,445,206
50306,450,209
50307,444,193
50308,449,208
50309,448,192
50310,450,189
50311,453,190
50312,451,191
50313,452,186
50314,451,188
50315,452,190
50316,453,190
50317,451,188
50318,450,186
50319,450,186
50320,449,186
50321,450,187
50322,450,187
50323,448,187
50324,447,187
50325,447,187
50326,449,187
50327,450,187
50328,450,186
50329,450,186
50330,449,186
50331,449,186
50332,449,187
50333,450,187
50334,450,187
50335,450,187
50336,449,187
50337,449,187
50338,449,187
50339,449,187
50340,449,186
50341,447,187
50342,448,187
50343,448,186
50344,448,186
50345,448,186
50346,448,187
50347,447,186
50348,445,185
50349,443,186
50350,444,187
50351,444,192
50352,443,193
50353,441,191
50354,443,190
50355,442,187
50356,444,181
50357,444,179
50358,445,185
50359,446,187
50360,446,190
50361,448,186
50362,446,182
50363,448,184
50364,449,183
50365,448,183
50366,447,182
50367,448,188
50368,448,187
50369,446,197
50370,445,206
50371,444,203
50372,443,205
50373,443,205
50374,443,206
50375,444,201
50376,444,205
50377,447,188
50378,447,187
50379,447,187
50380,447,188
50381,446,198
50382,446,196
50383,445,194
50384,446,191
50385,444,188
50386,446,189
50387,444,189
50388,444,189
50389,444,191
50390,444,193
50391,445,189
50392,447,194
50393,447,194
50394,447,193
50395,447,194
50396,448,192
50397,447,197
50398,447,197
50399,447,197
50400,447,192
50401,445,194
50402,445,194
50403,446,190
50404,448,195
50405,449,197
50406,449,189
50407,451,204
50408,449,192
50409,438,195
50410,446,196
50411,433,192
50412,428,164
50413,414,184
50414,419,193
50415,426,202
50416,421,211
50417,435,207
50418,441,208
50419,435,206
50420,433,205
50421,432,204
50422,431,203
50423,427,203
50424,432,203
50425,420,201
50426,425,199
50427,425,199
50428,421,200
50429,422,200
50430,422,199
50431,421,197
50432,419,196
50433,421,195
50434,422,193
50435,423,190
50436,417,188
50437,420,187
50438,416,185
50439,417,184
50440,420,185
50441,417,184
50442,414,212
50443,417,182
50444,417,186
50445,419,214
50446,425,214
50447,427,211
50448,431,202
50449,427,202
50450,426,206
50451,426,199
50452,421,196
50453,419,194
50454,421,195
50455,421,192
50456,423,192
50457,422,192
50458,421,194
50459,423,195
50460,429,192
50461,424,194
50462,420,201
50463,405,206
50464,415,205
50465,413,200
50466,420,195
50467,420,196
50468,421,195
50469,419,197
50470,418,194
50471,420,194
50472,420,195
50473,421,195
50474,419,194
50475,420,196
50476,423,194
50477,425,194
50478,425,192
50479,422,193
50480,428,198
50481,428,199
50482,424,193
50483,423,192
50484,423,194
50485,422,199
50486,422,198
50487,420,199
50488,420,199
50489,421,200
50490,420,201
50491,418,201
50492,416,197
50493,417,205
50494,416,209
50495,418,208
50496,422,217
50497,423,218
50498,420,214
50499,420,215
50500,422,212
50501,421,212
50502,422,215
50503,422,218
50504,426,212
50505,426,209
50506,428,211
50507,426,217
50508,426,220
50509,424,220
50510,425,216
50511,422,223
50512,426,214
50513,428,218
50514,428,218
50515,425,207
50516,419,188
50517,422,183
50518,420,186
50519,421,185
50520,421,186
50521,421,188
50522,419,189
50523,418,187
50524,418,184
50525,419,183
50526,420,183
50527,423,177
50528,425,174
50529,425,173
50530,422,172
50531,423,172
50532,421,166
50533,422,166
50534,427,164
50535,429,162
50536,431,160
50537,429,159
50538,431,159
50539,433,158
50540,435,161
50541,431,161
50542,431,164
50543,432,168
50544,429,165
50545,432,172
50546,431,172
50547,430,170
50548,429,170
50549,429,171
50550,427,171
50551,427,172
50552,427,172
50553,424,174
50554,422,180
50555,421,173
50556,421,173
50557,421,172
50558,420,174
50559,421,175
50560,421,175
50561,421,172
50562,421,170
50563,425,174
50564,423,173
50565,425,174
50566,426,174
50567,430,173
50568,429,173
50569,431,174
50570,433,176
50571,433,183
50572,434,175
50573,433,175
50574,434,172
50575,435,171
50576,434,167
50577,433,165
50578,434,165
50579,432,163
50580,431,162
50581,433,163
50582,433,161
50583,433,162
50584,433,161
50585,435,163
50586,435,162
50587,435,161
50588,434,160
50589,438,159
50590,437,156
50591,443,149
50592,439,152
50593,439,164
50594,437,146
50595,436,150
50596,434,182
50597,430,181
50598,429,181
50599,433,185
50600,425,185
50601,431,184
50602,437,184
50603,435,190
50604,430,186
50605,432,187
50606,432,185
50607,432,188
50608,434,188
50609,434,190
50610,434,191
50611,434,187
50612,433,185
50613,435,184
50614,431,181
50615,431,182
50616,428,181
50617,433,180
50618,433,180
50619,432,182
50620,432,181
50621,432,183
50622,433,180
50623,432,177
50624,434,175
50625,434,175
50626,434,175
50627,433,178
50628,430,174
50629,430,174
50630,430,174
50631,430,172
50632,431,171
50633,432,175
50634,427,172
50635,428,174
50636,430,158
50637,427,142
50638,425,135
50639,423,136
50640,426,136
50641,426,138
50642,426,135
50643,430,143
50644,422,136
50645,424,202
50646,429,199
50647,428,197
50648,435,196
50649,430,198
50650,434,196
50651,434,193
50652,437,193
50653,429,195
50654,427,196
50655,431,194
50656,435,193
50657,427,193
50658,428,193
50659,428,192
50660,423,196
50661,431,196
50662,430,197
50663,422,198
50664,427,196
50665,434,191
50666,435,191
50667,437,185
50668,437,185
50669,436,177
50670,437,174
50671,438,179
50672,436,187
50673,437,186
50674,438,185
50675,437,181
50676,436,175
50677,437,178
50678,436,178
50679,436,178
50680,436,171
50681,434,143
50682,435,149
50683,431,135
50684,431,132
50685,436,153
50686,436,168
50687,434,182
50688,437,195
50689,435,164
50690,433,138
50691,438,142
50692,437,145
50693,435,149
50694,436,153
50695,436,159
50696,434,172
50697,435,181
50698,425,181
50699,422,193
50700,426,189
50701,423,196
50702,421,214
50703,421,215
50704,423,216
50705,422,215
50706,419,214
50707,418,214
50708,418,216
50709,417,182
50710,413,215
50711,410,215
50712,410,214
50713,412,214
50714,414,214
50715,413,211
50716,411,212
50717,411,210
50718,412,209
50719,411,205
50720,407,204
50721,411,206
50722,411,209
50723,401,211
50724,412,215
50725,416,210
50726,412,168
50727,411,169
50728,411,168
50729,409,169
50730,409,214
50731,409,215
50732,411,215
50733,415,215
50734,414,215
50735,414,215
50736,413,214
50737,415,214
50738,412,215
50739,413,214
50740,412,214
50741,411,214
50742,410,214
50743,415,213
50744,414,214
50745,413,213
50746,416,213
50747,414,213
50748,410,213
50749,409,213
50750,413,209
50751,414,183
50752,417,180
50753,422,185
50754,422,184
50755,422,182
50756,423,185
50757,423,184
50758,423,184
50759,422,184
50760,423,183
50761,423,183
50762,423,183
50763,419,185
50764,420,185
50765,422,190
50766,422,186
50767,423,192
50768,423,191
50769,421,191
50770,422,196
50771,423,196
50772,422,195
50773,421,195
50774,422,197
50775,422,194
50776,420,195
50777,419,194
50778,421,190
50779,421,192
50780,422,193
50781,422,190
50782,422,192
50783,421,195
50784,421,195
50785,421,193
50786,423,193
50787,422,195
50788,422,199
50789,421,212
50790,421,216
50791,422,217
50792,420,219
50793,420,224
50794,420,222
50795,421,217
50796,423,218
50797,424,215
50798,423,214
50799,425,216
50800,425,216
50801,424,216
50802,424,217
50803,423,216
50804,424,217
50805,423,216
50806,423,216
50807,423,216
50808,423,216
50809,423,216
50810,424,216
50811,424,215
50812,424,215
50813,424,215
50814,424,214
50815,422,213
50816,425,214
50817,423,212
50818,423,211
50819,421,211
50820,422,210
50821,421,210
50822,420,209
50823,419,207
50824,423,210
50825,419,208
50826,419,208
50827,422,190
50828,422,190
50829,425,185
50830,423,185
50831,423,185
50832,422,183
50833,426,185
50834,423,183
50835,423,184
50836,426,185
50837,424,187
50838,426,186
50839,424,189
50840,427,186
50841,425,180
50842,426,179
50843,428,177
50844,429,175
50845,427,173
50846,428,171
50847,430,172
50848,430,170
50849,433,170
50850,431,170
50851,429,172
50852,431,170
50853,431,168
50854,429,166
50855,439,160
50856,435,161
50857,441,161
50858,444,163
50859,439,165
50860,440,164
50861,434,209
50862,431,212
50863,433,217
50864,450,220
50865,448,217
50866,449,222
50867,447,228
50868,444,234
50869,444,243
50870,444,242
50871,443,244
50872,442,246
50873,443,254
50874,443,258
50875,444,248
50876,445,259
50877,440,264
50878,436,265
50879,439,254
50880,446,244
50881,448,246
50882,450,243
50883,452,236
50884,457,237
50885,456,238
50886,457,237
50887,455,231
50888,456,231
50889,455,232
50890,459,238
50891,459,236
50892,459,236
50893,459,237
50894,459,239
50895,459,239
50896,457,241
50897,450,239
50898,449,240
50899,449,244
50900,442,251
50901,448,239
50902,449,239
50903,448,239
50904,449,237
50905,449,238
50906,448,234
50907,457,236
50908,447,234
50909,457,237
50910,450,238
50911,438,257
50912,435,260
50913,437,267
50914,444,248
50915,444,250
50916,429,269
50917,429,269
50918,430,269
50919,430,270
50920,426,270
50921,409,272
50922,432,270
50923,415,271
50924,411,271
50925,429,267
50926,443,272
50927,441,266
50928,438,265
50929,431,266
50930,406,265
50931,413,259
50932,427,263
50933,426,262
50934,430,261
50935,439,260
50936,445,239
50937,447,246
50938,443,234
50939,438,240
50940,449,237
50941,445,232
50942,442,240
50943,440,236
50944,433,234
50945,430,223
50946,427,234
50947,425,240
50948,422,243
50949,406,243
50950,394,239
50951,401,241
50952,414,239
50953,422,226
50954,422,224
50955,425,227
50956,425,228
50957,424,230
50958,425,233
50959,416,239
50960,414,247
50961,416,248
50962,417,251
50963,418,251
50964,416,252
50965,414,251
50966,413,251
50967,414,250
50968,413,251
50969,411,251
50970,411,250
50971,411,251
50972,415,246
50973,416,245
50974,413,249
50975,412,249
50976,416,244
50977,415,247
50978,415,248
50979,415,249
50980,414,250
50981,413,251
50982,415,255
50983,431,241
50984,430,242
50985,428,241
50986,420,241
50987,419,241
50988,404,238
50989,423,238
50990,423,238
50991,423,236
50992,425,237
50993,429,237
50994,431,228
50995,417,238
50996,416,238
50997,415,240
50998,415,237
50999,420,239
51000,453,233
51001,452,232
51002,451,235
51003,449,236
51004,447,234
51005,445,230
51006,445,231
51007,444,220
51008,444,220
51009,444,218
51010,444,216
51011,443,211
51012,436,213
51013,438,208
51014,436,212
51015,440,210
51016,436,204
51017,434,197
51018,430,202
51019,432,202
51020,432,200
51021,425,201
51022,425,200
51023,425,202
51024,425,199
51025,424,202
51026,423,203
51027,424,209
51028,422,211
51029,425,209
51030,424,204
51031,425,199
51032,424,205
51033,418,208
51034,419,209
51035,417,206
51036,417,205
51037,424,205
51038,418,204
51039,416,209
51040,416,210
51041,415,215
51042,421,213
51043,412,214
51044,413,215
51045,416,214
51046,413,215
51047,420,214
51048,420,215
51049,423,215
51050,417,215
51051,417,214
51052,422,213
51053,423,212
51054,425,210
51055,426,207
51056,426,207
51057,426,205
51058,426,205
51059,426,207
51060,425,207
51061,426,207
51062,423,206
51063,428,206
51064,427,205
51065,428,203
51066,427,203
51067,427,203
51068,427,202
51069,427,201
51070,428,203
51071,427,202
51072,428,203
51073,428,203
51074,428,204
51075,428,204
51076,427,204
51077,427,204
51078,427,204
51079,426,203
51080,426,203
51081,426,202
51082,427,203
51083,425,202
51084,425,203
51085,424,202
51086,422,202
51087,420,203
51088,419,203
51089,421,201
51090,425,199
51091,423,198
51092,426,196
51093,423,194
51094,416,192
51095,416,191
51096,416,191
51097,416,192
51098,417,192
51099,418,191
51100,419,188
51101,421,187
51102,420,188
51103,421,186
51104,422,186
51105,421,187
51106,420,182
51107,435,177
51108,430,175
51109,440,168
51110,436,167
51111,440,215
51112,447,213
51113,454,214
51114,457,214
51115,456,214
51116,453,215
51117,450,212
51118,447,222
51119,444,221
51120,451,264
51121,449,266
51122,449,289
51123,445,261
51124,442,263
51125,442,266
51126,443,268
51127,440,296
51128,431,303
51129,431,306
51130,407,301
51131,411,306
51132,418,303
51133,393,308
51134,396,292
51135,398,294
51136,385,292
51137,388,287
51138,390,285
51139,405,283
51140,390,282
51141,402,281
51142,403,282
51143,399,281
51144,412,272
51145,404,283
51146,388,291
51147,415,265
51148,418,261
51149,419,262
51150,422,263
51151,427,263
51152,424,253
51153,421,253
51154,420,255
51155,424,266
51156,430,269
51157,431,285
51158,430,274
51159,423,276
51160,422,278
51161,425,279
51162,419,268
51163,422,262
51164,425,274
51165,419,277
51166,408,285
51167,404,276
51168,396,309
51169,399,285
51170,414,272
51171,412,269
51172,411,264
51173,411,262
51174,419,263
51175,417,274
51176,421,267
51177,422,260
51178,423,262
51179,423,266
51180,423,257
51181,422,261
51182,421,252
51183,403,322
51184,403,323
51185,406,324
51186,414,300
51187,416,294
51188,421,255
51189,422,257
51190,420,260
51191,416,271
51192,417,267
51193,417,259
51194,415,260
51195,414,276
51196,415,276
51197,410,259
51198,410,264
51199,409,273
51200,403,274
51201,409,276
51202,414,274
51203,419,256
51204,413,263
51205,422,262
51206,422,276
51207,421,277
51208,422,273
51209,425,266
51210,426,265
51211,425,269
51212,426,269
51213,429,273
51214,425,289
51215,429,282
51216,429,293
51217,431,289
51218,433,289
51219,433,273
51220,432,277
51221,433,278
51222,434,281
51223,428,264
51224,430,257
51225,430,259
51226,433,261
51227,435,260
51228,433,257
51229,434,257
51230,430,259
51231,430,256
51232,429,254
51233,430,254
51234,431,254
51235,432,254
51236,430,255
51237,430,254
51238,431,254
51239,431,254
51240,430,256
51241,430,256
51242,430,255
51243,430,256
51244,431,256
51245,432,256
51246,431,256
51247,433,260
51248,431,259
51249,430,261
51250,428,252
51251,428,256
51252,422,262
51253,417,262
51254,419,264
51255,425,264
51256,428,265
51257,430,274
51258,433,266
51259,432,266
51260,432,263
51261,431,264
51262,430,261
51263,430,262
51264,429,258
51265,429,259
51266,431,257
51267,435,256
51268,434,258
51269,434,259
51270,433,256
51271,432,256
51272,432,257
51273,432,256
51274,432,258
51275,431,257
51276,430,257
51277,431,257
51278,431,257
51279,431,257
51280,431,255
51281,432,258
51282,430,259
51283,430,259
51284,429,260
51285,429,260
51286,426,257
51287,429,259
51288,427,259
51289,427,260
51290,427,261
51291,429,260
51292,428,262
51293,429,259
51294,432,262
51295,435,262
51296,437,260
51297,435,264
51298,435,261
51299,436,256
51300,433,254
51301,430,257
51302,430,257
51303,427,258
51304,428,261
51305,421,259
51306,421,258
51307,416,259
51308,405,255
51309,409,255
51310,420,258
51311,425,261
51312,443,261
51313,426,263
51314,411,262
51315,410,267
51316,420,265
51317,423,264
51318,438,262
51319,443,258
51320,447,257
51321,448,255
51322,450,250
51323,455,251
51324,454,254
51325,453,244
51326,453,244
51327,451,244
51328,453,240
51329,452,239
51330,453,236
51331,438,232
51332,447,232
51333,447,232
51334,444,225
51335,438,222
51336,430,217
51337,426,212
51338,430,199
51339,429,206
51340,443,210
51341,443,214
51342,433,220
51343,435,221
51344,438,223
51345,435,222
51346,434,223
51347,436,223
51348,431,224
51349,435,227
51350,438,227
51351,433,228
51352,435,226
51353,432,225
51354,432,228
51355,432,227
51356,432,226
51357,432,227
51358,431,224
51359,431,224
51360,430,224
51361,429,223
51362,429,221
51363,428,220
51364,428,221
51365,428,220
51366,430,220
51367,433,221
51368,435,221
51369,433,221
51370,433,221
51371,431,220
51372,434,220
51373,433,219
51374,433,220
51375,432,219
51376,433,221
51377,433,223
51378,433,224
51379,431,221
51380,428,218
51381,428,219
51382,429,220
51383,429,221
51384,429,221
51385,430,225
51386,429,216
51387,426,211
51388,425,208
51389,424,207
51390,422,207
51391,420,206
51392,421,206
51393,422,206
51394,419,203
51395,420,204
51396,420,204
51397,422,207
51398,422,207
51399,421,207
51400,422,209
51401,420,208
51402,421,209
51403,420,210
51404,422,209
51405,424,209
51406,424,211
51407,423,215
51408,427,213
51409,428,212
51410,426,209
51411,426,207
51412,427,205
51413,425,209
51414,424,208
51415,424,209
51416,424,205
51417,422,205
51418,422,203
51419,423,202
51420,424,201
51421,424,198
51422,423,196
51423,424,194
51424,423,192
51425,421,191
51426,424,191
51427,441,189
51428,436,236
51429,434,240
51430,432,273
51431,423,269
51432,430,269
51433,432,270
51434,438,268
51435,438,268
51436,440,267
51437,436,265
51438,438,261
51439,441,261
51440,443,261
51441,442,262
51442,441,268
51443,434,269
51444,436,270
51445,438,272
51446,439,274
51447,437,277
51448,442,277
51449,441,272
51450,440,274
51451,443,261
51452,444,242
51453,446,237
51454,448,235
51455,452,235
51456,450,234
51457,448,235
51458,441,234
51459,432,234
51460,425,226
51461,438,234
51462,451,235
51463,451,230
51464,450,225
51465,456,228
51466,460,225
51467,459,242
51468,460,224
51469,461,225
51470,464,229
51471,463,231
51472,460,234
51473,467,241
51474,468,246
51475,467,236
51476,465,234
51477,466,235
51478,466,245
51479,465,248
51480,465,242
51481,466,239
51482,460,241
51483,454,243
51484,449,241
51485,450,241
51486,458,260
51487,469,260
51488,470,257
51489,472,259
51490,476,258
51491,477,253
51492,478,254
51493,478,245
51494,480,255
51495,482,253
51496,479,238
51497,477,237
51498,477,237
51499,477,228
51500,477,228
51501,477,235
51502,476,240
51503,469,259
51504,466,257
51505,474,257
51506,474,250
51507,475,244
51508,477,243
51509,476,251
51510,475,247
51511,474,253
51512,474,249
51513,473,260
51514,473,248
51515,474,230
51516,474,244
51517,475,271
51518,476,240
51519,476,235
51520,475,234
51521,473,234
51522,467,232
51523,466,229
51524,468,225
51525,466,226
51526,459,225
51527,458,224
51528,457,220
51529,455,188
51530,452,192
51531,451,190
51532,455,191
51533,454,191
51534,455,190
51535,455,191
51536,456,189
51537,454,189
51538,454,190
51539,454,188
51540,452,189
51541,453,189
51542,453,189
51543,450,189
51544,449,190
51545,447,191
51546,441,188
51547,440,185
51548,436,186
51549,437,199
51550,431,189
51551,433,187
51552,432,183
51553,434,181
51554,433,182
51555,430,183
51556,433,186
51557,434,188
51558,436,186
51559,438,186
51560,440,185
51561,441,182
51562,443,183
51563,442,183
51564,442,181
51565,440,177
51566,441,178
51567,442,180
51568,439,179
51569,436,179
51570,434,179
51571,435,179
51572,436,179
51573,434,180
51574,433,179
51575,432,179
51576,433,179
51577,432,178
51578,430,179
51579,429,180
51580,426,180
51581,430,179
51582,435,179
51583,438,177
51584,438,175
51585,437,175
51586,437,176
51587,437,176
51588,437,177
51589,436,176
51590,437,176
51591,438,176
51592,437,176
51593,437,176
51594,437,177
51595,438,177
51596,438,177
51597,438,177
51598,439,178
51599,439,178
51600,440,178
51601,440,178
51602,441,178
51603,440,178
51604,440,179
51605,440,178
51606,440,178
51607,441,179
51608,441,178
51609,441,177
51610,441,177
51611,440,177
51612,440,177
51613,439,178
51614,439,178
51615,439,178
51616,439,178
51617,438,178
51618,439,179
51619,438,180
51620,438,180
51621,437,181
51622,437,181
51623,437,182
51624,437,183
51625,441,183
51626,441,185
51627,444,188
51628,450,191
51629,449,192
51630,439,192
51631,430,191
51632,433,188
51633,434,186
51634,433,185
51635,429,183
51636,420,231
51637,425,179
51638,427,179
51639,427,179
51640,425,182
51641,426,180
51642,423,231
51643,421,230
51644,419,225
51645,420,224
51646,423,231
51647,424,221
51648,427,220
51649,426,203
51650,425,219
51651,426,217
51652,430,187
51653,426,222
51654,428,190
51655,424,190
51656,423,191
51657,419,194
51658,421,199
51659,421,197
51660,418,225
51661,416,220
51662,416,201
51663,420,227
51664,420,227
51665,422,226
51666,419,220
51667,423,225
51668,423,224
51669,424,225
51670,423,222
51671,423,214
51672,433,191
51673,433,207
51674,435,215
51675,434,210
51676,434,193
51677,434,203
51678,429,189
51679,433,200
51680,427,188
51681,432,190
51682,434,194
51683,436,188
51684,437,188
51685,437,187
51686,434,192
51687,434,194
51688,436,189
51689,434,187
51690,436,208
51691,429,210
51692,433,209
51693,433,183
51694,433,186
51695,435,196
51696,443,214
51697,442,214
51698,444,224
51699,442,214
51700,442,212
51701,444,205
51702,444,210
51703,447,194
51704,447,200
51705,446,188
51706,445,198
51707,445,199
51708,447,198
51709,445,198
51710,449,196
51711,450,194
51712,444,220
51713,444,212
51714,447,186
51715,447,181
51716,444,190
51717,441,205
51718,447,175
51719,436,197
51720,449,198
51721,450,197
51722,449,230
51723,447,233
51724,446,228
51725,447,231
51726,446,224
51727,446,218
51728,446,231
51729,447,229
51730,450,163
51731,447,223
51732,447,223
51733,447,220
51734,446,217
51735,445,216
51736,444,216
51737,445,216
51738,446,232
51739,447,220
51740,450,163
51741,451,164
51742,448,217
51743,450,194
51744,450,206
51745,451,170
51746,452,168
51747,451,169
51748,451,169
51749,451,170
51750,451,170
51751,450,170
51752,452,171
51753,452,171
51754,451,171
51755,452,168
51756,451,166
51757,448,202
51758,446,214
51759,446,222
51760,445,246
51761,445,219
51762,445,215
51763,445,215
51764,446,217
51765,445,214
51766,446,213
51767,446,215
51768,445,219
51769,443,219
51770,444,225
51771,445,226
51772,444,234
51773,417,238
51774,439,236
51775,417,236
51776,430,239
51777,436,181
51778,432,183
51779,421,243
51780,436,242
51781,428,202
51782,440,192
51783,441,192
51784,447,192
51785,450,186
51786,453,186
51787,458,185
51788,458,182
51789,455,176
51790,459,179
51791,460,168
51792,461,162
51793,462,161
51794,461,161
51795,462,162
51796,463,160
51797,463,160
51798,462,160
51799,462,158
51800,462,157
51801,463,156
51802,465,160
51803,466,170
51804,466,171
51805,465,163
51806,464,184
51807,464,184
51808,464,180
51809,465,183
51810,464,182
51811,464,183
51812,464,187
51813,464,187
51814,464,189
51815,464,188
51816,464,186
51817,464,189
51818,462,186
51819,463,190
51820,462,190
51821,462,193
51822,462,194
51823,462,194
51824,460,193
51825,459,192
51826,459,192
51827,460,192
51828,460,192
51829,461,192
51830,462,193
51831,463,193
51832,463,191
51833,464,191
51834,464,190
51835,464,192
51836,462,192
51837,462,189
51838,461,189
51839,462,190
51840,461,191
51841,461,190
51842,462,185
51843,462,182
51844,458,165
51845,458,175
51846,457,184
51847,457,186
51848,457,186
51849,455,187
51850,454,187
51851,449,186
51852,448,187
51853,445,187
51854,446,152
51855,446,184
51856,446,163
51857,448,179
51858,446,178
51859,446,165
51860,445,173
51861,445,182
51862,447,183
51863,455,159
51864,458,155
51865,460,160
51866,462,189
51867,462,171
51868,462,159
51869,458,153
51870,459,155
51871,459,159
51872,459,157
51873,462,172
51874,462,171
51875,463,168
51876,463,176
51877,462,184
51878,462,182
51879,462,175
51880,462,178
51881,463,177
51882,463,176
51883,462,181
51884,462,181
51885,463,183
51886,463,169
51887,460,159
51888,460,157
51889,460,154
51890,460,161
51891,460,156
51892,460,161
51893,460,166
51894,460,166
51895,460,168
51896,460,179
51897,460,168
51898,460,171
51899,460,157
51900,460,176
51901,460,179
51902,460,167
51903,464,189
51904,462,188
51905,458,169
51906,455,177
51907,449,182
51908,447,186
51909,444,194
51910,442,198
51911,444,203
51912,444,201
51913,435,198
51914,428,194
51915,420,191
51916,438,192
51917,433,190
51918,432,189
51919,427,188
51920,425,186
51921,425,184
51922,425,182
51923,424,180
51924,424,181
51925,418,249
51926,419,242
51927,417,247
51928,422,179
51929,417,240
51930,416,172
51931,415,171
51932,416,173
51933,423,176
51934,420,178
51935,424,177
51936,422,180
51937,421,174
51938,420,174
51939,421,175
51940,421,176
51941,421,178
51942,417,178
51943,406,179
51944,406,181
51945,415,181
51946,416,181
51947,416,180
51948,415,179
51949,414,179
51950,409,178
51951,408,176
51952,402,176
51953,408,178
51954,406,176
51955,406,177
51956,405,177
51957,406,177
51958,407,178
51959,408,178
51960,408,177
51961,407,177
51962,407,177
51963,406,177
51964,405,178
51965,404,179
51966,416,179
51967,411,179
51968,405,178
51969,406,177
51970,405,178
51971,407,179
51972,417,178
51973,417,178
51974,417,178
51975,405,178
51976,406,178
51977,409,176
51978,410,176
51979,411,176
51980,411,176
51981,410,176
51982,410,176
51983,411,176
51984,411,176
51985,414,176
51986,413,176
51987,414,176
51988,410,176
51989,412,176
51990,415,177
51991,412,176
51992,412,177
51993,412,177
51994,413,176
51995,412,176
51996,412,176
51997,413,176
51998,413,176
51999,414,177
52000,414,177
52001,414,176
52002,415,177
52003,416,177
52004,418,177
52005,418,175
52006,416,173
52007,421,173
52008,419,172
52009,424,173
52010,424,172
52011,423,172
52012,424,171
52013,425,171
52014,421,171
52015,423,170
52016,425,171
52017,425,171
52018,424,171
52019,422,171
52020,422,171
52021,422,171
52022,422,171
52023,422,171
52024,420,172
52025,419,172
52026,419,172
52027,421,172
52028,421,172
52029,421,172
52030,421,172
52031,421,173
52032,421,172
52033,421,172
52034,421,172
52035,421,173
52036,421,173
52037,422,172
52038,421,171
52039,421,171
52040,421,172
52041,421,171
52042,421,173
52043,421,175
52044,421,175
52045,420,177
52046,425,174
52047,426,173
52048,425,173
52049,425,174
52050,426,176
52051,426,179
52052,427,180
52053,426,180
52054,427,180
52055,427,181
52056,429,184
52057,430,186
52058,431,186
52059,432,184
52060,431,185
52061,429,184
52062,428,185
52063,430,187
52064,432,188
52065,432,191
52066,434,191
52067,436,191
52068,436,192
52069,433,193
52070,433,195
52071,435,197
52072,437,198
52073,438,197
52074,435,203
52075,438,215
52076,437,220
52077,444,221
52078,445,225
52079,450,226
52080,449,232
52081,446,244
52082,447,280
52083,444,278
52084,461,224
52085,458,226
52086,455,224
52087,457,220
52088,457,220
52089,457,221
52090,456,222
52091,456,221
52092,457,219
52093,457,218
52094,456,216
52095,456,215
52096,456,215
52097,456,217
52098,459,217
52099,459,217
52100,458,217
52101,455,218
52102,455,219
52103,455,218
52104,455,218
52105,455,219
52106,456,217
52107,458,218
52108,457,217
52109,457,216
52110,458,216
52111,456,216
52112,458,216
52113,459,217
52114,460,216
52115,461,214
52116,460,214
52117,461,212
52118,460,210
52119,464,212
52120,460,215
52121,459,213
52122,454,207
52123,454,208
52124,450,208
52125,447,199
52126,448,198
52127,450,180
52128,450,214
52129,442,163
52130,437,212
52131,440,215
52132,431,216
52133,431,213
52134,430,165
52135,437,218
52136,446,215
52137,440,217
52138,437,216
52139,438,217
52140,433,218
52141,437,217
52142,432,216
52143,439,218
52144,438,216
52145,435,215
52146,440,216
52147,438,201
52148,437,200
52149,439,208
52150,437,188
52151,440,181
52152,442,181
52153,441,178
52154,442,178
52155,442,179
52156,441,179
52157,441,187
52158,442,187
52159,442,203
52160,441,185
52161,438,195
52162,435,178
52163,433,172
52164,432,172
52165,431,173
52166,434,174
52167,435,179
52168,435,181
52169,435,180
52170,433,177
52171,426,175
52172,436,179
52173,432,178
52174,429,179
52175,425,180
52176,416,177
52177,420,175
52178,424,179
52179,419,184
52180,417,191
52181,426,181
52182,429,182
52183,429,184
52184,430,185
52185,432,186
52186,431,188
52187,418,188
52188,418,187
52189,416,187
52190,415,187
52191,417,186
52192,419,187
52193,417,188
52194,416,188
52195,415,189
52196,414,189
52197,414,187
52198,413,188
52199,412,189
52200,412,188
52201,412,187
52202,415,188
52203,418,190
52204,419,197
52205,420,201
52206,419,202
52207,419,200
52208,418,199
52209,422,198
52210,424,195
52211,421,194
52212,422,192
52213,422,194
52214,423,196
52215,423,199
52216,424,199
52217,428,197
52218,430,195
52219,431,195
52220,432,196
52221,431,193
52222,431,193
52223,432,194
52224,432,194
52225,432,194
52226,431,194
52227,433,192
52228,432,192
52229,432,191
52230,433,195
52231,432,195
52232,431,196
52233,431,194
52234,431,194
52235,430,193
52236,430,194
52237,430,197
52238,430,195
52239,429,195
52240,427,196
52241,430,196
52242,429,196
52243,426,198
52244,425,198
52245,423,199
52246,422,198
52247,420,195
52248,419,194
52249,419,193
52250,422,196
52251,423,195
52252,425,199
52253,423,197
52254,424,198
52255,426,199
52256,424,198
52257,428,198
52258,432,196
52259,434,196
52260,436,201
52261,433,197
52262,434,200
52263,431,204
52264,425,199
52265,424,196
52266,424,197
52267,422,196
52268,424,197
52269,424,197
52270,423,199
52271,421,192
52272,423,192
52273,423,188
52274,423,183
52275,424,179
52276,425,176
52277,423,175
52278,432,216
52279,436,216
52280,434,218
52281,438,217
52282,455,218
52283,450,217
52284,444,221
52285,454,229
52286,455,226
52287,455,217
52288,455,222
52289,455,219
52290,457,214
52291,452,214
52293,455,224
52294,452,212
52295,449,210
52296,450,208
52297,441,212
52298,443,209
52299,449,208
52300,451,215
52301,449,214
52302,455,205
52303,454,204
52304,455,204
52305,456,205
52306,458,207
52307,458,208
52308,458,211
52309,457,209
52310,455,205
52311,450,205
52312,453,204
52313,441,207
52314,452,205
52315,457,207
52316,455,209
52317,436,234
52318,435,228
52319,439,219
52320,452,218
52321,434,236
52322,450,221
52323,439,264
52324,430,271
52325,446,245
52326,447,237
52327,451,240
52328,449,241
52329,447,243
52330,452,280
52331,448,241
52332,440,245
52333,441,249
52334,444,243
52335,436,245
52336,440,240
52337,445,241
52338,447,241
52339,449,242
52340,446,242
52341,446,244
52342,448,249
52343,451,255
52344,445,253
52345,441,262
52346,444,253
52347,442,257
52348,439,265
52349,417,266
52350,418,264
52351,421,266
52352,422,265
52353,416,264
52354,432,256
52355,428,255
52356,425,256
52357,399,262
52358,408,257
52359,407,256
52360,409,256
52361,401,257
52362,403,257
52363,418,251
52364,420,249
52365,421,248
52366,422,261
52367,426,253
52368,421,254
52369,410,254
52370,408,254
52371,415,257
52372,401,258
52373,404,257
52374,394,256
52375,395,257
52376,395,259
52377,394,258
52378,395,260
52379,399,259
52380,397,263
52381,396,263
52382,397,270
52383,397,272
52384,397,275
52385,398,273
52386,398,276
52387,399,275
52388,399,275
52389,398,275
52390,396,271
52391,397,270
52392,397,269
52393,397,269
52394,398,268
52395,398,267
52396,396,264
52397,396,269
52398,394,270
52399,396,275
52400,396,273
52401,396,272
52402,395,275
52403,396,274
52404,396,277
52405,400,281
52406,398,272
52407,401,274
52408,396,272
52409,397,273
52410,397,275
52411,402,276
52412,402,270
52413,403,270
52414,403,269
52415,403,272
52416,401,268
52417,405,266
52418,403,268
52419,406,275
52420,401,268
52421,399,266
52422,391,265
52423,395,266
52424,394,260
52425,408,262
52426,415,261
52427,415,261
52428,418,263
52429,424,263
52430,427,263
52431,431,260
52432,434,257
52433,436,255
52434,434,255
52435,435,260
52436,436,256
52437,446,254
52438,449,253
52439,450,250
52440,451,249
52441,448,248
52442,447,249
52443,447,247
52444,434,179
52445,445,247
52446,446,247
52447,444,247
52448,442,247
52449,430,178
52450,446,247
52451,446,247
52452,446,247
52453,449,250
52454,451,246
52455,454,242
52456,433,181
52457,433,182
52458,432,179
52459,448,238
52460,457,237
52461,432,185
52462,432,184
52463,453,238
52464,445,237
52465,447,236
52466,451,233
52467,442,229
52468,435,199
52469,443,229
52470,441,224
52471,437,213
52472,434,215
52473,437,220
52474,427,217
52475,424,217
52476,420,218
52477,421,218
52478,420,218
52479,420,218
52480,423,218
52481,431,208
52482,435,202
52483,427,205
52484,428,207
52485,426,211
52486,424,213
52487,423,212
52488,424,213
52489,423,213
52490,422,212
52491,422,208
52492,421,206
52493,422,209
52494,421,209
52495,422,214
52496,422,214
52497,424,210
52498,419,212
52499,420,215
52500,424,211
52501,422,218
52502,423,215
52503,426,219
52504,427,218
52505,426,220
52506,426,217
52507,426,220
52508,427,218
52509,427,215
52510,426,215
52511,426,214
52512,426,213
52513,428,207
52514,427,208
52515,427,212
52516,428,210
52517,428,207
52518,426,206
52519,428,206
52520,427,199
52521,426,202
52522,427,202
52523,428,201
52524,427,202
52525,428,203
52526,425,202
52527,426,198
52528,427,198
52529,427,198
52530,426,197
52531,426,195
52532,426,195
52533,427,194
52534,428,193
52535,430,192
52536,431,189
52537,432,187
52538,431,185
52539,432,184
52540,430,184
52541,430,179
52542,431,198
52543,431,203
52544,430,206
52545,432,209
52546,432,209
52547,433,207
52548,437,208
52549,438,211
52550,440,214
52551,448,215
52552,449,217
52553,449,217
52554,455,217
52555,461,220
52556,465,221
52557,461,225
52558,463,225
52559,464,230
52560,461,230
52561,461,244
52562,460,247
52563,459,250
52564,458,253
52565,457,251
52566,456,246
52567,457,244
52568,455,244
52569,454,247
52570,453,247
52571,452,248
52572,451,249
52573,449,251
52574,446,251
52575,447,252
52576,443,260
52577,440,256
52578,438,254
52579,441,256
52580,443,257
52581,437,256
52582,428,254
52583,437,255
52584,430,273
52585,428,267
52586,426,263
52587,423,252
52588,422,251
52589,429,246
52590,427,253
52591,427,257
52592,417,251
52593,435,245
52594,431,239
52595,435,241
52596,450,235
52597,455,237
52598,452,236
52599,454,237
52600,452,238
52601,447,242
52602,453,238
52603,449,241
52604,452,240
52605,453,241
52606,454,243
52607,454,244
52608,455,245
52609,454,246
52610,453,246
52611,453,244
52612,453,244
52613,454,255
52614,454,255
52615,454,253
52616,454,251
52617,454,255
52618,454,252
52619,453,252
52620,453,249
52621,454,249
52622,453,246
52623,453,243
52624,453,243
52625,453,243
52626,453,244
52627,452,244
52628,453,244
52629,454,244
52630,453,244
52631,453,244
52632,452,244
52633,452,243
52634,452,243
52635,453,243
52636,453,243
52637,453,243
52638,453,243
52639,453,243
52640,454,243
52641,454,242
52642,454,242
52643,454,242
52644,453,242
52645,455,242
52646,456,243
52647,455,243
52648,455,242
52649,455,242
52650,455,242
52651,456,242
52652,455,240
52653,455,243
52654,455,242
52655,452,242
52656,453,243
52657,452,243
52658,443,246
52659,451,243
52660,450,243
52661,451,243
52662,451,241
52663,453,244
52664,452,242
52665,452,242
52666,447,242
52667,449,242
52668,447,243
52669,450,243
52670,451,246
52671,446,244
52672,440,244
52673,448,244
52674,436,250
52675,444,246
52676,442,243
52677,433,238
52678,445,240
52679,456,239
52680,464,241
52681,466,244
52682,467,241
52683,462,235
52684,453,237
52685,455,232
52686,451,236
52687,451,234
52688,448,232
52689,447,226
52690,445,204
52691,446,204
52692,440,196
52693,433,194
52694,429,194
52695,430,196
52696,427,198
52697,425,196
52698,430,195
52699,431,195
52700,430,198
52701,431,198
52702,430,198
52703,429,199
52704,428,201
52705,425,204
52706,424,202
52707,432,203
52708,428,202
52709,424,203
52710,425,207
52711,426,210
52712,421,208
52713,421,210
52714,419,237
52715,419,198
52716,417,243
52717,419,205
52718,413,205
52719,415,206
52720,415,203
52721,418,203
52722,415,202
52723,416,223
52724,417,211
52725,418,197
52726,415,202
52727,415,197
52728,416,198
52729,418,199
52730,419,204
52731,419,208
52732,417,191
52733,415,189
52734,418,185
52735,416,184
52736,417,182
52737,418,185
52738,418,189
52739,419,193
52740,417,192
52741,418,189
52742,421,190
52743,418,189
52744,423,188
52745,423,187
52746,424,185
52747,432,180
52748,425,190
52749,422,192
52750,425,193
52751,426,193
52752,424,196
52753,421,194
52754,421,199
52755,415,192
52756,415,182
52757,416,190
52758,418,191
52759,419,196
52760,419,195
52761,421,200
52762,421,211
52763,422,216
52764,424,214
52765,432,211
52766,426,205
52767,429,207
52768,433,204
52769,430,201
52770,437,204
52771,443,195
52772,437,199
52773,438,197
52774,437,196
52775,435,209
52776,434,198
52777,435,198
52778,437,196
52779,436,192
52780,440,192
52781,431,193
52782,431,196
52783,436,193
52784,440,185
52785,439,185
52786,439,184
52787,441,185
52788,442,183
52789,442,183
52790,440,178
52791,441,183
52792,440,189
52793,440,190
52794,440,190
52795,439,183
52796,440,183
52797,439,184
52798,439,184
52799,440,184
52800,441,185
52801,441,185
52802,441,185
52803,440,185
52804,441,185
52805,441,184
52806,442,184
52807,442,185
52808,441,185
52809,441,187
52810,441,188
52811,441,187
52812,441,187
52813,441,188
52814,440,188
52815,440,188
52816,440,190
52817,440,188
52818,440,186
52819,440,188
52820,440,188
52821,441,187
52822,440,188
52823,440,191
52824,440,189
52825,440,187
52826,440,186
52827,440,187
52828,440,187
52829,439,192
52830,440,194
52831,441,198
52832,439,196
52833,440,197
52834,438,196
52835,439,197
52836,439,199
52837,438,194
52838,437,192
52839,440,191
52840,440,191
52841,431,191
52842,428,192
52843,433,193
52844,426,193
52845,430,198
52846,428,206
52847,428,208
52848,429,195
52849,432,194
52850,430,197
52851,429,201
52852,430,243
52853,427,189
52854,427,188
52855,423,188
52856,424,200
52857,423,198
52858,423,200
52859,422,202
52860,417,200
52861,427,198
52862,424,202
52863,425,212
52864,424,213
52865,427,210
52866,427,195
52867,428,193
52868,425,196
52869,424,196
52870,424,199
52871,423,201
52872,423,203
52873,421,202
52874,422,201
52875,420,199
52876,419,198
52877,421,196
52878,421,195
52879,423,191
52880,424,190
52881,421,184
52882,421,183
52883,425,181
52884,425,179
52885,426,178
52886,426,179
52887,426,179
52888,424,179
52889,424,177
52890,424,176
52891,425,178
52892,426,176
52893,425,175
52894,423,173
52895,423,173
52896,425,168
52897,425,170
52898,426,170
52899,427,168
52900,428,164
52901,430,164
52902,433,168
52903,437,168
52904,431,170
52905,434,168
52906,432,168
52907,432,168
52908,435,167
52909,433,169
52910,433,169
52911,432,168
52912,433,168
52913,432,167
52914,432,167
52915,431,168
52916,431,167
52917,430,167
52918,430,167
52919,431,167
52920,429,166
52921,429,166
52922,428,166
52923,428,166
52924,429,167
52925,430,168
52926,430,167
52927,432,167
52928,433,167
52929,434,168
52930,434,169
52931,434,169
52932,432,167
52933,432,168
52934,431,168
52935,432,168
52936,433,169
52937,432,167
52938,432,167
52939,432,167
52940,431,167
52941,431,166
52942,431,167
52943,431,166
52944,431,166
52945,431,166
52946,431,166
52947,431,167
52948,431,167
52949,431,167
52950,431,167
52951,430,167
52952,430,167
52953,430,167
52954,431,166
52955,432,166
52956,431,166
52957,432,167
52958,432,168
52959,432,168
52960,432,168
52961,432,166
52962,432,166
52963,433,166
52964,433,167
52965,432,167
52966,433,167
52967,433,167
52968,433,166
52969,433,167
52970,433,167
52971,432,167
52972,433,166
52973,433,166
52974,433,166
52975,432,166
52976,432,166
52977,432,167
52978,432,168
52979,432,168
52980,432,167
52981,432,167
52982,432,167
52983,432,166
52984,432,166
52985,432,166
52986,432,167
52987,432,167
52988,432,167
52989,432,168
52990,433,169
52991,432,171
52992,431,173
52993,431,174
52994,428,174
52995,426,175
52996,422,181
52997,422,182
52998,427,184
52999,424,183
53000,422,183
53001,419,182
53002,418,180
53003,418,177
53004,421,174
53005,420,173
53006,417,219
53007,422,171
53008,422,172
53009,423,172
53010,424,173
53011,422,217
53012,426,176
53013,422,186
53014,422,186
53015,422,190
53016,419,192
53017,418,203
53018,421,207
53019,420,210
53020,413,209
53021,416,207
53022,415,193
53023,412,196
53024,411,194
53025,412,192
53026,412,189
53027,412,190
53028,411,191
53029,411,191
53030,411,191
53031,411,197
53032,409,212
53033,411,200
53034,410,200
53035,408,195
53036,407,204
53037,411,205
53038,414,201
53039,416,200
53040,416,199
53041,415,200
53042,414,199
53043,416,201
53044,417,204
53045,416,218
53046,416,214
53047,417,215
53048,418,223
53049,420,215
53050,420,221
53051,421,219
53052,422,220
53053,423,222
53054,422,223
53055,425,222
53056,424,220
53057,425,220
53058,428,209
53059,426,218
53060,426,217
53061,424,219
53062,423,219
53063,425,218
53064,424,218
53065,423,219
53066,421,214
53067,421,214
53068,421,213
53069,422,207
53070,423,205
53071,424,204
53072,425,204
53073,424,208
53074,422,207
53075,422,208
53076,427,202
53077,426,202
53078,427,204
53079,426,204
53080,426,202
53081,425,202
53082,425,202
53083,424,202
53084,424,202
53085,421,201
53086,422,201
53087,421,201
53088,422,201
53089,423,201
53090,424,206
53091,424,205
53092,422,204
53093,425,214
53094,424,213
53095,422,215
53096,424,221
53097,422,221
53098,423,222
53099,424,223
53100,424,226
53101,425,228
53102,425,230
53103,422,233
53104,423,235
53105,426,237
53106,427,235
53107,428,241
53108,429,240
53109,430,240
53110,430,221
53111,430,235
53112,431,223
53113,428,220
53114,432,221
53115,434,215
53116,437,212
53117,437,210
53118,440,211
53119,434,213
53120,415,222
53121,439,215
53122,453,216
53123,448,219
53124,452,219
53125,445,222
53126,439,224
53127,447,225
53128,447,224
53129,442,225
53130,443,223
53131,437,225
53132,434,226
53133,444,227
53134,441,227
53135,440,225
53136,439,224
53137,444,224
53138,447,224
53139,448,230
53140,451,230
53141,449,226
53142,451,230
53143,452,230
53144,452,228
53145,452,213
53146,452,226
53147,454,222
53148,455,226
53149,458,226
53150,456,225
53151,456,224
53152,458,222
53153,456,207
53154,450,222
53155,455,218
53156,453,219
53157,452,222
53158,449,220
53159,453,221
53160,452,221
53161,451,223
53162,452,219
53163,453,209
53164,453,222
53165,452,222
53166,452,223
53167,453,222
53168,453,223
53169,453,223
53170,452,222
53171,452,220
53172,451,224
53173,452,225
53174,452,224
53175,451,226
53176,452,225
53177,449,226
53178,450,226
53179,450,225
53180,451,224
53181,452,225
53182,452,227
53183,452,228
53184,453,230
53185,454,231
53186,454,232
53187,454,231
53188,453,232
53189,453,231
53190,454,231
53191,453,231
53192,454,232
53193,454,232
53194,454,232
53195,454,231
53196,454,230
53197,454,229
53198,455,229
53199,454,229
53200,455,230
53201,455,230
53202,455,230
53203,455,230
53204,456,230
53205,457,230
53206,457,230
53207,456,229
53208,456,229
53209,456,229
53210,456,228
53211,456,230
53212,455,227
53213,456,229
53214,455,226
53215,455,229
53216,455,229
53217,455,230
53218,455,230
53219,455,229
53220,455,229
53221,455,231
53222,454,231
53223,453,231
53224,453,231
53225,453,231
53226,453,231
53227,453,212
53228,453,212
53229,453,211
53230,453,211
53231,453,208
53232,453,207
53233,453,205
53234,453,206
53235,453,208
53236,453,209
53237,453,204
53238,453,205
53239,453,206
53240,452,223
53241,452,205
53242,451,210
53243,450,210
53244,450,209
53245,451,209
53246,452,208
53247,453,215
53248,451,210
53249,449,210
53250,457,211
53251,453,211
53252,454,213
53253,451,220
53254,448,212
53255,441,210
53256,442,210
53257,439,210
53258,439,210
53259,441,209
53260,430,206
53261,428,203
53262,431,203
53263,429,202
53264,429,200
53265,428,199
53266,431,201
53267,431,203
53268,433,197
53269,432,198
53270,433,198
53271,430,202
53272,430,201
53273,431,200
53274,437,204
53275,426,203
53276,437,209
53277,437,208
53278,438,210
53279,436,212
53280,437,218
53281,436,220
53282,435,213
53283,433,211
53284,431,210
53285,431,215
53286,429,217
53287,431,219
53288,428,221
53289,422,224
53290,425,217
53291,425,219
53292,428,219
53293,427,220
53294,431,218
53295,430,217
53296,433,213
53297,435,212
53298,438,211
53299,439,214
53300,438,211
53301,438,209
53302,439,207
53303,438,208
53304,432,201
53305,438,203
53306,439,207
53307,439,206
53308,440,207
53309,441,208
53310,440,208
53311,440,208
53312,440,206
53313,440,206
53314,440,206
53315,440,206
53316,439,205
53317,439,205
53318,439,205
53319,439,205
53320,440,206
53321,440,206
53322,440,206
53323,441,207
53324,441,207
53325,441,207
53326,439,206
53327,439,207
53328,438,205
53329,437,206
53330,437,206
53331,436,206
53332,438,205
53333,438,205
53334,438,204
53335,437,204
53336,435,202
53337,439,204
53338,437,203
53339,437,204
53340,436,204
53341,436,204
53342,437,204
53343,435,205
53344,430,200
53345,431,201
53346,430,198
53347,429,199
53348,428,199
53349,428,199
53350,428,199
53351,427,199
53352,428,199
53353,428,199
53354,427,198
53355,427,199
53356,427,199
53357,431,202
53358,428,202
53359,427,200
53360,428,200
53361,431,202
53362,428,199
53363,428,196
53364,430,195
53365,434,222
53366,435,222
53367,433,221
53368,430,223
53369,423,200
53370,425,231
53371,429,236
53372,430,235
53373,435,239
53374,444,239
53375,444,239
53376,417,270
53377,406,256
53378,441,247
53379,434,257
53380,443,253
53381,442,259
53382,414,268
53383,441,281
53384,448,285
53385,449,261
53386,455,263
53387,453,259
53388,451,259
53389,447,264
53390,450,263
53391,448,263
53392,446,263
53393,446,265
53394,445,264
53395,445,266
53396,446,271
53397,446,272
53398,446,273
53399,446,271
53400,446,272
53401,445,271
53402,430,274
53403,443,274
53404,443,274
53405,418,274
53406,422,272
53407,439,275
53408,438,274
53409,420,270
53410,427,262
53411,417,269
53412,423,269
53413,430,276
53414,423,278
53415,429,274
53416,430,276
53417,431,272
53418,430,273
53419,431,277
53420,431,279
53421,417,281
53422,404,281
53423,414,276
53424,409,278
53425,405,279
53426,413,278
53427,412,279
53428,401,279
53429,409,279
53430,410,278
53431,415,276
53432,414,275
53433,414,276
53434,417,277
53435,422,277
53436,424,279
53437,428,279
53438,428,270
53439,414,287
53440,404,288
53441,413,259
53442,415,260
53443,406,280
53444,411,280
53445,404,276
53446,406,256
53447,403,257
53448,401,277
53449,403,271
53450,406,274
53451,407,268
53452,403,272
53453,409,271
53454,413,266
53455,410,270
53456,410,274
53457,409,270
53458,409,268
53459,410,266
53460,409,268
53461,409,274
53462,404,274
53463,400,271
53464,408,274
53465,403,273
53466,404,277
53467,398,277
53468,392,277
53469,392,277
53470,394,277
53471,394,278
53472,396,278
53473,397,278
53474,396,278
53475,395,276
53476,395,276
53477,397,276
53478,399,276
53479,407,273
53480,409,274
53481,409,275
53482,397,278
53483,397,279
53484,404,278
53485,406,278
53486,403,278
53487,404,279
53488,394,278
53489,402,277
53490,401,277
53491,404,276
53492,402,264
53493,399,268
53494,398,271
53495,404,259
53496,412,260
53497,410,333
53498,412,261
53499,425,255
53500,430,260
53501,432,257
53502,438,261
53503,443,262
53504,439,262
53505,438,260
53506,445,259
53507,444,260
53508,444,259
53509,442,259
53510,447,260
53511,433,261
53512,427,260
53513,437,261
53514,446,264
53515,443,266
53516,449,262
53517,440,261
53518,447,256
53519,439,193
53520,436,258
53521,436,258
53522,423,260
53523,428,260
53524,443,259
53525,445,257
53526,416,205
53527,423,256
53528,430,256
53529,432,257
53530,432,258
53531,427,253
53532,430,253
53533,432,254
53534,435,252
53535,433,252
53536,439,250
53537,437,249
53538,434,245
53539,433,241
53540,435,239
53541,426,217
53542,426,216
53543,425,211
53544,433,226
53545,427,211
53546,433,211
53547,424,209
53548,431,213
53549,448,232
53550,445,233
53551,451,234
53552,454,235
53553,453,232
53554,454,233
53555,455,230
53556,456,230
53557,454,226
53558,448,223
53559,445,227
53560,447,231
53561,447,235
53562,447,233
53563,448,233
53564,448,233
53565,450,232
53566,449,231
53567,451,232
53568,447,231
53569,452,231
53570,450,230
53571,449,228
53572,449,227
53573,449,227
53574,450,225
53575,452,225
53576,450,226
53577,454,225
53578,459,237
53579,459,237
53580,459,237
53581,457,237
53582,458,238
53583,459,238
53584,460,239
53585,459,239
53586,460,239
53587,460,239
53588,460,239
53589,458,239
53590,459,240
53591,459,239
53592,461,239
53593,462,239
53594,462,239
53595,461,239
53596,461,239
53597,461,239
53598,461,239
53599,461,239
53600,454,238
53601,458,237
53602,461,238
53603,459,238
53604,460,238
53605,457,234
53606,457,233
53607,456,234
53608,446,224
53609,436,221
53610,425,224
53611,448,226
53612,430,223
53613,426,218
53614,424,221
53615,426,218
53616,429,221
53617,427,224
53618,450,223
53619,455,236
53620,458,237
53621,458,238
53622,459,238
53623,458,238
53624,458,238
53625,457,239
53626,444,239
53627,443,238
53628,430,215
53629,426,216
53630,439,238
53631,442,238
53632,438,236
53633,444,231
53634,445,232
53635,438,232
53636,446,237
53637,448,236
53638,458,237
53639,456,243
53640,455,249
53641,456,245
53642,455,236
53643,467,236
53644,467,242
53645,465,243
53646,469,240
53647,468,243
53648,468,255
53649,468,258
53650,466,256
53651,467,247
53652,463,276
53653,466,260
53654,463,236
53655,463,235
53656,462,250
53657,461,262
53658,463,260
53659,464,250
53660,464,249
53661,466,246
53662,465,245
53663,457,248
53664,454,249
53665,456,226
53666,461,219
53667,460,219
53668,461,217
53669,454,217
53670,459,217
53671,460,243
53672,454,246
53673,460,250
53674,459,254
53675,452,253
53676,457,254
53677,458,251
53678,465,223
53679,460,212
53680,464,214
53681,465,222
53682,465,222
53683,465,217
53684,465,219
53685,469,244
53686,468,218
53687,468,218
53688,468,219
53689,468,218
53690,467,218
53691,468,218
53692,467,245
53701,470,254
53702,469,250
53703,469,225
53704,471,241
53705,471,250
53706,471,249
53707,472,250
53708,471,249
53709,470,249
53710,470,252
53711,469,252
53712,468,251
53713,468,251
53714,468,251
53715,468,251
53716,468,250
53717,468,250
53718,467,249
53719,470,250
53720,469,251
53721,468,250
53722,470,250
53723,470,249
53724,468,247
53725,466,245
53726,465,245
53727,465,245
53728,465,248
53729,460,245
53730,462,249
53731,462,247
53732,461,249
53733,461,249
53734,461,249
53735,463,247
53736,464,236
53737,469,229
53738,468,240
53739,468,242
53740,463,233
53741,464,244
53742,464,249
53743,467,251
53744,468,237
53745,469,233
53746,469,224
53747,468,220
53748,467,216
53749,468,219
53750,463,212
53751,461,218
53752,456,217
53753,456,215
53754,458,218
53755,462,219
53756,462,218
53757,462,219
53758,463,218
53759,464,219
53760,460,220
53761,461,219
53762,461,220
53763,460,220
53764,460,220
53765,461,220
53766,462,220
53767,460,222
53768,460,222
53769,459,222
53770,461,219
53771,463,220
53772,462,220
53773,459,222
53774,459,233
53775,461,221
53776,460,218
53777,459,219
53778,458,219
53779,456,221
53780,451,213
53781,457,218
53782,461,219
53783,463,214
53784,463,215
53785,461,242
53786,460,234
53787,455,220
53788,459,218
53789,461,221
53790,462,218
53791,461,219
53792,460,218
53793,461,218
53794,459,218
53795,457,218
53796,458,219
53797,457,216
53798,457,217
53799,462,216
53800,461,218
53801,461,219
53802,461,221
53803,462,218
53804,462,218
53805,462,218
53806,465,219
53807,460,225
53808,463,224
53809,463,224
53810,463,230
53811,463,234
53812,460,234
53813,460,233
53814,460,230
53815,460,233
53816,462,235
53817,457,236
53818,454,235
53819,456,237
53820,452,232
53821,456,232
53822,448,231
53823,452,228
53824,457,226
53825,459,223
53826,457,223
53827,456,223
53828,457,223
53829,460,223
53830,461,223
53831,462,222
53832,459,222
53833,458,221
53834,455,221
53835,457,223
53836,457,226
53837,448,221
53838,457,221
53839,465,216
53840,461,222
53841,460,220
53842,458,241
53843,461,242
53844,458,242
53845,462,223
53846,466,222
53847,463,223
53848,469,221
53849,473,215
53850,471,220
53851,473,215
53852,474,214
53853,469,220
53854,467,219
53855,462,214
53856,450,202
53857,452,205
53858,451,204
53859,450,207
53860,450,206
53861,449,204
53862,446,198
53863,425,205
53864,426,201
53865,424,199
53866,431,195
53867,419,192
53868,420,192
53869,420,190
53870,418,187
53871,419,184
53872,418,183
53873,416,184
53874,422,182
53875,424,181
53876,410,181
53877,408,180
53878,409,179
53879,406,176
53880,406,174
53881,410,174
53882,410,171
53883,408,172
53884,409,170
53885,406,170
53886,401,170
53887,398,169
53888,397,169
53889,397,167
53890,394,170
53891,390,170
53892,385,173
53893,387,179
53894,398,181
53895,387,181
53896,407,181
53897,422,176
53898,398,171
53899,401,170
53900,400,171
53901,401,178
53902,390,179
53903,391,183
53904,406,182
53905,408,177
53906,406,183
53907,399,181
53908,406,184
53909,394,183
53910,415,185
53911,383,185
53912,382,186
53913,381,188
53914,413,191
53915,414,191
53916,414,188
53917,392,189
53918,386,193
53919,387,195
53920,384,191
53921,378,191
53922,413,193
53923,382,195
53924,380,198
53925,385,201
53926,384,204
53927,385,203
53928,384,206
53929,377,219
53930,385,224
53931,374,198
53932,374,196
53933,376,194
53934,379,194
53935,383,199
53936,384,200
53937,384,200
53938,383,200
53939,383,201
53940,385,201
53941,384,202
53942,384,202
53943,383,206
53944,386,204
53945,384,207
53946,391,207
53947,393,233
53948,391,227
53949,396,222
53950,398,217
53951,400,215
53952,389,212
53953,387,212
53954,388,212
53955,388,213
53956,385,211
53957,386,211
53958,388,213
53959,388,212
53960,387,212
53961,386,211
53962,385,203
53963,384,209
53964,382,204
53965,383,199
53966,381,207
53967,383,207
53968,383,205
53969,386,209
53970,388,195
53971,387,190
53972,387,191
53973,389,191
53974,390,190
53975,401,190
53976,387,190
53977,385,191
53978,384,192
53979,388,189
53980,391,189
53981,394,188
53982,395,190
53983,391,188
53984,392,189
53985,392,189
53986,394,190
53987,393,187
53988,395,183
53989,392,182
53990,392,175
53991,389,176
53992,388,177
53993,390,177
53994,391,178
53995,400,191
53996,392,181
53997,394,185
53998,396,187
53999,396,187
54000,395,185
54001,394,188
54002,392,185
54003,391,184
54004,394,187
54005,392,186
54006,393,187
54007,391,188
54008,392,188
54009,391,189
54010,392,190
54011,403,198
54012,402,200
54013,397,201
54014,396,201
54015,392,202
54016,393,204
54017,398,204
54018,396,204
54019,394,206
54020,396,205
54021,399,205
54022,398,205
54023,397,205
54024,399,204
54025,399,205
54026,401,205
54027,401,205
54028,400,205
54029,400,206
54030,401,207
54031,401,208
54032,403,207
54033,403,206
54034,402,206
54035,404,207
54036,403,207
54037,402,207
54038,403,207
54039,401,210
54040,401,208
54041,404,212
54042,402,213
54043,403,213
54044,404,213
54045,403,214
54046,405,215
54047,407,213
54048,407,212
54049,405,207
54050,405,207
54051,407,204
54052,410,201
54053,416,197
54054,420,196
54055,420,182
54056,416,202
54057,415,203
54058,415,203
54059,415,204
54060,414,203
54061,414,199
54062,415,177
54063,417,173
54064,418,191
54065,417,173
54066,417,168
54067,417,174
54068,416,173
54069,417,176
54070,418,174
54071,419,167
54072,417,166
54073,417,168
54074,417,165
54075,417,170
54076,417,173
54077,417,186
54078,417,185
54079,416,184
54080,415,175
54081,417,185
54082,416,177
54083,413,170
54084,414,179
54085,414,185
54086,413,178
54087,417,178
54088,414,162
54089,415,164
54090,413,163
54091,418,177
54092,419,189
54093,415,184
54094,415,183
54095,418,185
54096,421,188
54097,423,196
54098,422,190
54099,415,160
54100,424,194
54101,414,170
54102,414,165
54103,411,173
54104,415,177
54105,421,192
54106,419,196
54107,418,197
54108,418,196
54109,417,195
54110,416,196
54111,418,197
54112,421,197
54113,419,197
54114,422,197
54115,422,197
54116,422,196
54117,424,208
54118,427,199
54119,427,198
54120,425,209
54121,432,208
54122,432,207
54123,429,200
54124,429,200
54125,428,199
54126,427,199
54127,428,200
54128,428,200
54129,429,200
54130,428,200
54131,429,203
54132,429,203
54133,419,200
54134,421,197
54135,420,200
54136,417,194
54137,405,181
54138,404,184
54139,402,195
54140,407,202
54141,405,208
54142,405,209
54143,406,213
54144,405,214
54145,403,215
54146,405,206
54147,397,199
54148,390,198
54149,386,193
54150,386,193
54151,386,193
54152,385,193
54153,383,196
54154,382,202
54155,382,200
54156,381,204
54157,379,201
54158,379,204
54159,377,201
54160,370,201
54161,374,199
54162,375,192
54163,380,187
54164,378,184
54165,380,175
54166,379,171
54167,379,164
54168,379,161
54169,377,162
54170,374,171
54171,374,173
54172,371,176
54173,371,177
54174,369,180
54175,376,183
54176,379,184
54177,379,186
54178,379,183
54179,376,181
54180,381,180
54181,386,174
54182,387,209
54183,389,209
54184,411,205
54185,425,206
54186,416,205
54187,414,249
54188,421,204
54189,414,204
54190,418,202
54191,414,203
54192,416,203
54193,413,158
54194,415,206
54195,426,203
54196,431,206
54197,438,206
54198,443,206
54199,444,207
54200,444,207
54201,441,215
54202,442,211
54203,442,216
54204,442,217
54205,442,215
54206,442,213
54207,443,212
54208,447,212
54209,446,212
54210,443,216
54211,443,215
54212,443,215
54213,442,214
54214,442,215
54215,443,215
54216,443,215
54217,443,216
54218,443,216
54219,443,215
54220,442,215
54221,443,216
54222,443,216
54223,442,217
54224,443,216
54225,439,211
54226,442,215
54227,442,215
54228,442,215
54229,442,214
54230,443,216
54231,443,216
54232,443,216
54233,442,216
54234,442,216
54235,441,214
54236,441,214
54237,442,211
54238,444,212
54239,444,209
54240,443,208
54241,443,209
54242,443,211
54243,442,211
54244,443,210
54245,440,211
54246,444,209
54247,440,212
54248,442,210
54249,442,210
54250,443,209
54251,442,211
54252,440,215
54253,440,219
54254,441,221
54255,440,223
54256,440,223
54257,437,227
54258,438,229
54259,437,228
54260,435,227
54261,437,228
54262,438,230
54263,436,233
54264,435,237
54265,432,238
54266,429,240
54267,435,245
54268,432,246
54269,429,248
54270,427,246
54271,427,253
54272,425,253
54273,418,267
54274,420,251
54275,410,267
54276,410,268
54277,389,269
54278,390,268
54279,389,274
54280,386,274
54281,385,274
54282,391,272
54283,390,270
54284,395,271
54285,384,274
54286,390,275
54287,381,279
54288,379,280
54289,381,285
54290,380,286
54291,377,280
54292,371,286
54293,371,284
54294,371,283
54295,372,281
54296,375,276
54297,373,282
54298,373,283
54299,372,281
54300,373,282
54301,373,282
54302,376,285
54303,373,287
54304,376,286
54305,377,287
54306,379,286
54307,378,289
54308,383,289
54309,385,287
54310,383,287
54311,384,288
54312,383,288
54313,384,287
54314,383,289
54315,383,292
54316,382,292
54317,382,291
54318,382,290
54319,383,289
54320,383,290
54321,384,289
54322,383,288
54323,380,289
54324,375,288
54325,380,287
54326,380,286
54327,379,285
54328,378,286
54329,378,287
54330,377,286
54331,377,286
54332,377,287
54333,375,287
54334,376,287
54335,375,285
54336,376,285
54337,376,286
54338,374,287
54339,375,284
54340,375,284
54341,375,285
54342,375,286
54343,375,286
54344,374,286
54345,375,286
54346,375,288
54347,374,289
54348,375,289
54349,375,289
54350,375,289
54351,375,289
54352,374,289
54353,375,288
54354,375,289
54355,375,289
54356,376,288
54357,376,288
54358,375,288
54359,376,287
54360,377,285
54361,377,285
54362,378,284
54363,378,284
54364,378,284
54365,377,285
54366,374,284
54367,373,285
54368,375,284
54369,375,284
54370,374,285
54371,374,286
54372,374,287
54373,373,287
54374,374,289
54375,377,288
54376,378,289
54377,379,289
54378,379,290
54379,374,290
54380,377,291
54381,370,293
54382,373,293
54383,376,294
54384,376,287
54385,375,283
54386,379,285
54387,378,282
54388,381,283
54389,384,281
54390,385,288
54391,384,284
54392,384,286
54393,379,289
54394,381,290
54395,379,287
54396,393,286
54397,392,286
54398,391,286
54399,383,288
54400,378,286
54401,390,285
54402,381,284
54403,394,284
54404,390,283
54405,397,283
54406,399,283
54407,395,281
54408,397,281
54409,393,281
54410,393,285
54411,397,286
54412,393,286
54413,398,286
54414,395,286
54415,401,287
54416,398,287
54417,396,285
54418,396,284
54419,396,284
54420,396,285
54421,393,284
54422,391,283
54423,389,283
54424,390,285
54425,391,285
54426,393,286
54427,397,288
54428,401,289
54429,407,293
54430,416,291
54431,421,292
54432,420,291
54433,425,296
54434,425,298
54435,432,299
54436,431,301
54437,434,297
54438,437,305
54439,423,263
54440,419,264
54441,418,264
54442,421,264
54443,424,262
54444,435,261
54445,451,278
54446,442,259
54447,435,260
54448,420,263
54449,437,280
54450,428,253
54451,423,241
54452,430,248
54453,428,248
54454,421,239
54455,421,243
54456,421,243
54457,421,244
54458,422,246
54459,424,266
54460,421,264
54461,425,260
54462,421,258
54463,418,249
54464,419,246
54465,420,244
54466,422,241
54467,421,240
54468,423,233
54469,420,235
54470,417,242
54471,416,243
54472,417,243
54473,417,238
54474,414,232
54475,412,235
54476,415,238
54477,413,245
54478,411,250
54479,410,243
54480,414,245
54481,412,247
54482,408,248
54483,408,248
54484,406,247
54485,406,244
54486,407,244
54487,409,243
54488,408,246
54489,408,246
54490,406,247
54491,409,245
54492,409,244
54493,411,245
54494,414,242
54495,416,242
54496,417,246
54497,419,246
54498,420,249
54499,418,248
54500,419,248
54501,421,247
54502,418,247
54503,419,245
54504,438,236
54505,433,253
54506,429,250
54507,439,237
54508,440,234
54509,439,235
54510,438,235
54511,439,234
54512,437,234
54513,438,235
54514,438,250
54515,437,254
54516,428,256
54517,428,259
54518,429,257
54519,428,257
54520,428,258
54521,428,257
54522,427,257
54523,428,257
54524,426,258
54525,426,257
54526,426,255
54527,426,257
54528,426,257
54529,426,257
54530,427,257
54531,426,258
54532,426,258
54533,430,257
54534,431,255
54535,431,256
54536,430,256
54537,431,256
54538,428,258
54539,427,258
54540,433,257
54541,432,257
54542,427,259
54543,432,257
54544,431,258
54545,431,258
54546,431,258
54547,431,258
54548,431,258
54549,431,259
54550,431,259
54551,431,260
54552,426,253
54553,428,257
54554,428,257
54555,428,257
54556,428,257
54557,425,257
54558,426,254
54559,425,253
54560,421,251
54561,420,251
54562,418,258
54563,418,263
54564,419,260
54565,413,261
54566,413,260
54567,413,261
54568,412,262
54569,413,263
54570,408,255
54571,410,252
54572,417,263
54573,413,256
54574,416,254
54575,418,255
54576,418,257
54577,416,256
54578,418,257
54579,425,258
54580,438,260
54581,435,262
54582,437,263
54583,448,264
54584,445,260
54585,446,261
54586,424,257
54587,445,243
54588,448,280
54589,442,257
54590,445,260
54591,446,253
54592,423,258
54593,441,256
54594,436,256
54595,437,251
54596,434,256
54597,436,264
54598,432,268
54599,432,266
54600,442,265
54601,443,265
54602,448,264
54603,451,263
54604,451,257
54605,452,260
54606,454,260
54607,456,262
54608,455,261
54609,455,261
54610,458,261
54611,459,259
54612,459,256
54613,459,256
54614,458,256
54615,458,259
54616,459,243
54617,461,244
54618,462,233
54619,459,236
54620,455,233
54621,455,235
54622,455,234
54623,455,234
54624,456,232
54625,455,232
54626,454,232
54627,454,233
54628,454,232
54629,454,231
54630,454,247
54631,453,251
54632,453,257
54633,453,238
54634,452,259
54635,452,265
54636,453,274
54637,453,271
54638,454,267
54639,453,256
54640,453,254
54641,454,253
54642,454,247
54643,454,238
54644,455,271
54645,455,262
54646,454,250
54647,455,251
54648,455,246
54649,455,257
54650,456,274
54651,456,266
54652,456,270
54653,455,247
54654,455,242
54655,456,267
54656,456,259
54657,456,254
54658,456,246
54659,454,241
54660,453,243
54661,453,245
54662,453,245
54663,456,264
54664,453,249
54665,455,271
54666,455,270
54667,452,246
54668,452,245
54669,452,246
54670,453,244
54671,453,245
54672,453,250
54673,453,250
54674,454,255
54675,455,275
54676,456,276
54677,454,258
54678,455,275
54679,455,276
54680,454,261
54681,454,254
54682,454,244
54683,453,244
54684,453,244
54685,452,255
54686,454,273
54687,454,273
54688,452,253
54689,452,248
54690,453,248
54691,453,249
54692,452,252
54693,452,250
54694,452,250
54695,452,251
54696,452,250
54697,452,251
54698,452,248
54699,454,243
54700,453,245
54701,453,246
54702,453,243
54703,452,239
54704,453,237
54705,452,241
54706,452,234
54707,452,232
54708,452,270
54709,453,275
54710,452,274
54711,450,276
54712,450,278
54713,453,279
54714,458,233
54715,458,233
54716,455,230
54717,453,233
54718,445,227
54719,441,225
54720,429,227
54721,416,225
54722,418,222
54723,424,222
54724,430,221
54725,429,219
54726,422,183
54727,409,195
54728,410,194
54729,429,219
54730,439,217
54731,448,217
54732,426,214
54733,420,208
54734,420,210
54735,421,212
54736,422,214
54737,420,216
54738,421,226
54739,420,223
54740,420,237
54741,420,237
54742,421,243
54743,421,226
54744,420,229
54745,420,225
54746,416,226
54747,418,221
54748,417,223
54749,412,225
54750,412,225
54751,411,228
54752,412,224
54753,413,225
54754,410,227
54755,415,232
54756,414,230
54757,413,230
54758,412,230
54759,408,227
54760,409,231
54761,409,228
54762,409,226
54763,413,222
54764,409,222
54765,410,223
54766,409,231
54767,411,237
54768,408,228
54769,408,232
54770,410,230
54771,412,232
54772,414,238
54773,415,238
54774,414,236
54775,414,235
54776,416,230
54777,416,230
54778,416,227
54779,416,232
54780,418,224
54781,418,223
54782,417,226
54783,417,227
54784,417,227
54785,418,228
54786,418,227
54787,417,227
54788,418,226
54789,418,226
54790,417,228
54791,416,231
54792,417,226
54793,418,222
54794,420,224
54795,420,224
54796,414,223
54797,413,223
54798,413,222
54799,419,223
54800,422,225
54801,420,225
54802,417,219
54803,419,226
54804,416,219
54805,422,226
54806,420,218
54807,419,217
54808,420,216
54809,419,217
54810,422,218
54811,422,218
54812,423,220
54813,422,219
54814,422,218
54815,422,218
54816,424,219
54817,424,219
54818,423,221
54819,423,220
54820,422,221
54821,424,218
54822,425,217
54823,421,220
54824,422,218
54825,422,222
54826,430,263
54827,428,231
54828,427,227
54829,431,204
54830,427,245
54831,429,242
54832,434,231
54833,436,233
54834,421,246
54835,414,258
54836,428,255
54837,422,253
54838,418,258
54839,419,254
54840,418,245
54841,418,254
54842,414,248
54843,413,246
54844,410,246
54845,407,246
54846,408,246
54847,407,246
54848,405,246
54849,407,246
54850,402,248
54851,403,253
54852,402,255
54853,402,256
54854,401,256
54855,402,259
54856,400,263
54857,406,275
54858,406,275
54859,405,275
54860,407,274
54861,408,274
54862,410,275
54863,416,276
54864,411,277
54865,418,279
54866,422,281
54867,424,283
54868,431,284
54869,440,287
54870,440,290
54871,440,295
54872,440,296
54873,439,291
54874,436,269
54875,433,267
54876,438,268
54877,435,271
54878,433,273
54879,432,273
54880,430,274
54881,429,273
54882,429,273
54883,427,275
54884,426,274
54885,426,275
54886,425,275
54887,424,276
54888,423,277
54889,422,276
54890,423,276
54891,425,276
54892,426,276
54893,425,276
54894,426,278
54895,425,279
54896,424,279
54897,424,279
54898,420,283
54899,419,289
54900,420,288
54901,421,282
54902,422,282
54903,422,280
54904,424,281
54905,434,283
54906,431,282
54907,433,281
54908,430,283
54909,422,288
54910,421,286
54911,418,280
54912,417,293
54913,415,291
54914,413,290
54915,402,292
54916,412,289
54917,412,289
54918,413,290
54919,413,290
54920,408,292
54921,407,292
54922,407,290
54923,412,288
54924,415,286
54925,417,286
54926,419,288
54927,419,289
54928,417,289
54929,418,288
54930,418,286
54931,419,285
54932,420,284
54933,420,285
54934,421,285
54935,421,285
54936,422,285
54937,422,284
54938,420,285
54939,419,284
54940,421,285
54941,422,285
54942,421,285
54943,422,284
54944,423,284
54945,423,284
54946,421,284
54947,422,284
54948,425,284
54949,424,285
54950,425,285
54951,426,285
54952,424,289
54953,422,288
54954,423,289
54955,421,289
54956,414,290
54957,415,291
54958,414,291
54959,404,291
54960,407,284
54961,403,285
54962,406,285
54963,406,283
54964,410,283
54965,411,283
54966,417,287
54967,414,298
54968,421,303
54969,413,302
54970,412,307
54971,416,310
54972,420,311
54973,428,295
54974,435,301
54975,438,295
54976,429,265
54977,433,264
54978,438,292
54979,438,298
54980,444,300
54981,444,302
54982,450,300
54983,449,300
54984,444,270
54985,446,303
54986,442,302
54987,442,299
54988,439,296
54989,440,298
54990,432,295
54991,419,292
54992,421,291
54993,433,292
54994,440,292
54995,442,293
54996,442,253
54997,430,253
54998,437,256
54999,446,294
55000,444,292
55001,449,290
55002,446,287
55003,444,283
55004,442,284
55005,440,283
55006,439,282
55007,439,281
55008,438,282
55009,438,283
55010,440,283
55011,440,281
55012,436,277
55013,437,275
55014,439,269
55015,440,268
55016,443,270
55017,443,273
55018,444,275
55019,445,275
55020,445,274
55021,445,274
55022,445,273
55023,445,271
55024,445,272
55025,445,271
55026,447,272
55027,447,272
55028,446,272
55029,447,272
55030,447,273
55031,446,273
55032,448,274
55033,448,274
55034,449,274
55035,449,274
55036,450,275
55037,453,276
55038,451,276
55039,450,276
55040,447,276
55041,448,234
55042,448,234
55043,449,234
55044,450,235
55045,447,233
55046,448,232
55047,448,233
55048,449,231
55049,449,233
55050,448,233
55051,445,231
55052,448,232
55053,457,275
55054,453,237
55055,450,242
55056,448,239
55057,448,254
55058,448,257
55059,452,272
55060,447,271
55061,450,273
55062,452,275
55063,446,273
55064,446,273
55065,448,272
55066,447,244
55067,445,238
55068,443,271
55069,443,272
55070,443,272
55071,442,271
55072,442,270
55073,443,239
55074,441,268
55075,441,269
55076,442,268
55077,442,269
55078,442,271
55079,445,244
55080,448,274
55081,437,275
55082,450,237
55083,450,238
55084,448,239
55085,449,238
55086,448,235
55087,448,234
55088,447,232
55089,448,231
55090,443,231
55091,442,276
55092,437,231
55093,436,233
55094,425,231
55095,421,230
55096,420,229
55097,421,226
55098,424,227
55099,421,222
55100,410,222
55101,410,215
55102,407,216
55103,409,219
55104,410,216
55105,414,216
55106,412,217
55107,414,220
55108,416,222
55109,417,222
55110,419,220
55111,419,222
55112,419,224
55113,419,221
55114,420,221
55115,419,222
55116,420,222
55117,418,201
55118,418,178
55119,418,194
55120,419,189
55121,424,218
55122,425,217
55123,424,219
55124,424,219
55125,425,215
55126,425,215
55127,408,171
55128,407,171
55129,426,209
55130,425,222
55131,427,218
55132,426,214
55133,404,168
55134,426,172
55135,403,169
55136,427,189
55137,428,218
55138,428,217
55139,428,217
55140,399,168
55141,398,167
55142,400,167
55143,428,216
55144,429,216
55145,429,218
55146,429,218
55147,398,160
55148,400,161
55149,399,160
55150,400,161
55151,400,160
55152,430,216
55153,429,217
55154,400,157
55155,401,159
55156,403,161
55157,404,158
55158,406,157
55159,407,158
55160,432,220
55161,430,219
55162,434,220
55163,437,217
55164,438,215
55165,440,217
55166,440,216
55167,439,215
55168,427,224
55169,426,227
55170,427,224
55171,425,226
55172,427,224
55173,433,218
55174,435,225
55175,438,230
55176,437,228
55177,441,235
55178,441,238
55179,442,238
55180,441,235
55181,437,237
55182,443,221
55183,442,220
55184,444,219
55185,439,221
55186,440,223
55187,443,220
55188,443,224
55189,442,222
55190,442,223
55191,443,220
55192,443,220
55193,442,220
55194,442,221
55195,442,222
55196,442,223
55197,442,221
55198,442,222
55199,442,225
55200,446,219
55201,445,220
55202,444,234
55203,443,222
55204,442,223
55205,434,226
55206,420,233
55207,439,232
55208,438,231
55209,439,233
55210,439,236
55211,432,233
55212,419,237
55213,414,235
55214,427,236
55215,425,236
55216,411,238
55217,411,236
55218,409,236
55219,412,241
55220,436,270
55221,436,272
55222,436,274
55223,406,239
55224,406,238
55225,408,233
55226,441,229
55227,440,275
55228,438,279
55229,402,246
55230,423,269
55231,419,274
55232,418,286
55233,420,274
55234,419,273
55235,419,268
55236,419,274
55237,418,273
55238,418,273
55239,417,267
55240,414,264
55241,412,268
55242,413,264
55243,412,264
55244,412,264
55245,412,268
55246,412,268
55247,411,267
55248,413,266
55249,414,267
55250,411,266
55251,413,263
55252,415,261
55253,414,261
55254,415,260
55255,416,259
55256,417,259
55257,418,260
55258,418,260
55259,418,261
55260,417,260
55261,416,259
55262,417,260
55263,416,259
55264,414,260
55265,415,260
55266,415,260
55267,415,260
55268,415,260
55269,414,260
55270,415,260
55271,414,260
55272,415,260
55273,415,260
55274,415,261
55275,416,261
55276,416,260
55277,415,260
55278,415,261
55279,414,261
55280,414,261
55281,414,261
55282,415,260
55283,416,260
55284,416,259
55285,415,259
55286,415,259
55287,415,259
55288,416,259
55289,415,258
55290,416,259
55291,417,257
55292,418,254
55293,420,256
55294,420,258
55295,416,258
55296,404,261
55297,398,262
55298,397,262
55299,400,260
55300,399,260
55301,400,260
55302,399,260
55303,397,261
55304,396,262
55305,423,264
55306,424,261
55307,426,260
55308,429,258
55309,432,242
55310,435,240
55311,435,236
55312,423,236
55313,422,236
55314,423,239
55315,416,250
55316,418,247
55317,417,254
55318,420,252
55319,419,253
55320,417,252
55321,417,252
55322,417,252
55323,417,253
55324,418,254
55325,417,253
55326,415,254
55327,416,257
55328,418,257
55329,421,257
55330,423,261
55331,420,263
55332,420,262
55333,418,264
55334,417,287
55335,423,285
55336,423,285
55337,424,285
55338,422,283
55339,424,260
55340,425,265
55341,422,262
55342,422,262
55343,421,262
55344,421,263
55345,420,263
55346,421,261
55347,420,260
55348,419,264
55349,419,265
55350,419,265
55351,419,266
55352,418,266
55353,418,266
55354,418,265
55355,418,266
55356,416,265
55357,416,264
55358,416,264
55359,415,264
55360,412,264
55361,416,264
55362,416,264
55363,417,264
55364,413,261
55365,415,261
55366,415,259
55367,415,259
55368,411,259
55369,410,259
55370,394,262
55371,395,262
55372,394,261
55373,405,263
55374,415,265
55375,417,262
55376,416,259
55377,415,259
55378,415,264
55379,415,263
55380,407,265
55381,420,283
55382,422,286
55383,422,284
55384,425,284
55385,427,283
55386,436,282
55387,439,281
55388,440,279
55389,437,279
55390,437,279
55391,439,277
55392,443,276
55393,442,275
55394,444,232
55395,446,227
55396,444,224
55397,440,268
55398,440,229
55399,439,218
55400,437,216
55401,438,216
55402,439,215
55403,413,159
55404,408,158
55405,436,217
55406,441,223
55407,443,225
55408,443,228
55409,447,229
55410,448,240
55411,445,233
55412,440,236
55413,441,278
55414,442,236
55415,442,236
55416,443,235
55417,442,235
55418,441,234
55419,441,234
55420,441,234
55421,441,233
55422,441,231
55423,443,230
55424,441,230
55425,441,230
55426,442,231
55427,440,233
55428,439,236
55429,442,237
55430,442,237
55431,440,237
55432,441,238
55433,441,237
55434,439,237
55435,439,236
55436,440,236
55437,440,236
55438,438,236
55439,439,237
55440,440,237
55441,438,237
55442,439,237
55443,439,237
55444,437,237
55445,438,237
55446,439,236
55447,438,237
55448,438,238
55449,438,238
55450,439,238
55451,440,239
55452,441,238
55453,441,238
55454,441,238
55455,441,238
55456,444,239
55457,443,239
55458,443,241
55459,446,273
55460,444,240
55461,444,240
55462,445,240
55463,443,241
55464,445,253
55465,445,241
55466,445,245
55467,444,239
55468,443,243
55469,442,241
55470,444,248
55471,442,250
55472,442,275
55473,443,238
55474,442,275
55475,442,274
55476,443,240
55477,442,240
55478,442,240
55479,439,242
55480,442,246
55481,436,247
55482,436,244
55483,442,256
55484,442,255
55485,429,248
55486,428,243
55487,441,245
55488,443,242
55489,442,241
55490,444,239
55491,443,240
55492,442,238
55493,442,240
55494,442,240
55495,443,239
55496,444,241
55497,444,241
55498,445,241
55499,445,243
55500,442,245
55501,442,244
55502,442,245
55503,443,246
55504,444,244
55505,445,242
55506,445,237
55507,444,239
55508,444,239
55509,444,244
55510,444,247
55511,442,249
55512,442,249
55513,442,244
55514,445,242
55515,446,239
55516,445,238
55517,444,239
55518,442,238
55519,444,240
55520,442,239
55521,442,240
55522,443,238
55523,446,237
55524,448,239
55525,447,239
55526,447,242
55527,447,242
55528,446,244
55529,447,244
55530,449,244
55531,450,242
55532,449,243
55533,449,250
55534,449,255
55535,450,257
55536,449,259
55537,450,257
55538,450,260
55539,449,259
55540,450,262
55541,450,262
55542,449,263
55543,452,255
55544,454,258
55545,452,261
55546,452,263
55547,453,263
55548,454,261
55549,454,256
55550,454,252
55551,451,253
55552,451,252
55553,452,252
55554,452,252
55555,451,254
55556,453,254
55557,451,256
55558,451,257
55559,450,259
55560,449,259
55561,449,259
55562,449,261
55563,449,261
55564,449,261
55565,449,260
55566,450,261
55567,449,262
55568,449,262
55569,449,263
55570,450,262
55571,450,263
55572,449,263
55573,450,264
55574,449,264
55575,449,264
55576,448,264
55577,438,264
55578,441,264
55579,439,264
55580,438,265
55581,438,266
55582,440,265
55583,438,269
55584,442,271
55585,444,271
55586,439,273
55587,435,272
55588,434,264
55589,426,266
55590,439,282
55591,441,284
55592,446,288
55593,448,288
55594,443,243
55595,441,241
55596,441,243
55597,440,242
55598,438,240
55599,434,240
55600,448,281
55601,434,242
55602,436,244
55603,443,280
55604,444,280
55605,437,248
55606,447,278
55607,437,276
55608,439,239
55609,432,234
55610,433,232
55611,435,229
55612,435,228
55613,433,228
55614,432,228
55615,432,228
55616,432,228
55617,431,225
55618,436,222
55619,432,266
55620,431,219
55621,434,224
55622,436,223
55623,437,222
55624,441,223
55625,437,222
55626,428,222
55627,428,222
55628,430,221
55629,429,221
55630,430,224
55631,433,223
55632,437,221
55633,436,222
55634,438,221
55635,432,222
55636,427,221
55637,430,221
55638,429,221
55639,435,219
55640,440,218
55641,432,219
55642,426,218
55643,425,218
55644,429,218
55645,426,219
55646,428,219
55647,430,218
55648,429,219
55649,440,221
55650,442,222
55651,445,222
55652,447,222
55653,450,261
55654,442,227
55655,437,224
55656,439,222
55657,446,220
55658,440,221
55659,444,221
55660,440,222
55661,445,221
55662,444,221
55663,438,221
55664,438,221
55665,439,220
55666,435,221
55667,434,221
55668,434,264
55669,432,266
55670,433,269
55671,433,262
55672,433,267
55673,430,241
55674,428,240
55675,429,235
55676,430,234
55677,430,237
55678,432,229
55679,432,228
55680,431,224
55681,431,221
55682,430,221
55683,430,221
55684,431,223
55685,434,256
55686,438,230
55687,438,269
55688,439,270
55689,438,225
55690,437,243
55691,438,272
55692,448,271
55693,442,231
55694,440,230
55695,439,230
55696,440,230
55697,436,228
55698,441,231
55699,439,274
55700,432,276
55701,427,242
55702,429,277
55703,429,276
55704,429,276
55705,429,276
55706,429,276
55707,429,275
55708,429,275
55709,428,275
55710,429,275
55711,429,275
55712,429,275
55713,428,275
55714,430,275
55715,430,275
55716,429,275
55717,430,276
55718,430,276
55719,430,276
55720,430,276
55721,430,276
55722,429,276
55723,428,276
55724,428,277
55725,428,276
55726,428,276
55727,430,276
55728,430,276
55729,430,276
55730,430,276
55731,430,277
55732,430,277
55733,430,277
55734,430,276
55735,429,276
55736,429,276
55737,430,276
55738,430,276
55739,429,276
55740,429,276
55741,429,276
55742,429,276
55743,429,276
55744,429,276
55745,430,276
55746,429,276
55747,431,275
55748,430,275
55749,430,275
55750,431,275
55751,426,237
55752,420,234
55753,425,241
55754,422,234
55755,423,243
55756,408,239
55757,426,245
55758,419,246
55759,419,243
55760,423,247
55761,421,244
55762,424,245
55763,425,245
55764,417,248
55765,422,246
55766,424,241
55767,429,242
55768,429,243
55769,431,241
55770,431,242
55771,431,241
55772,432,244
55773,433,241
55774,434,241
55775,432,239
55776,433,236
55777,433,238
55778,434,237
55779,432,241
55780,433,241
55781,434,242
55782,434,240
55783,432,244
55784,432,244
55785,404,247
55786,403,253
55787,404,252
55788,405,248
55789,405,247
55790,404,253
55791,425,252
55792,429,247
55793,429,247
55794,429,245
55795,430,247
55796,432,247
55797,433,248
55798,432,246
55799,431,244
55800,413,240
55801,411,239
55802,421,239
55803,432,239
55804,433,240
55805,431,238
55806,435,240
55807,441,237
55808,440,241
55809,441,239
55810,444,239
55811,446,239
55812,447,240
55813,446,244
55814,446,252
55815,447,257
55816,448,258
55817,448,258
55818,448,260
55819,448,264
55820,447,263
55821,446,264
55822,446,264
55823,431,262
55824,430,266
55825,422,259
55826,435,259
55827,433,259
55828,437,258
55829,442,260
55830,439,259
55831,451,260
55832,445,256
55833,446,265
55834,446,264
55835,443,259
55836,442,258
55837,440,263
55838,427,263
55839,436,264
55840,434,264
55841,427,266
55842,436,265
55843,434,264
55844,433,261
55845,432,260
55846,437,259
55847,443,262
55848,443,263
55849,440,265
55850,445,269
55851,449,270
55852,448,270
55853,446,271
55854,445,270
55855,443,270
55856,443,270
55857,441,271
55858,439,271
55859,439,270
55860,426,270
55861,437,273
55862,437,273
55863,429,270
55864,442,273
55865,444,274
55866,444,274
55867,443,271
55868,449,270
55869,447,272
55870,444,273
55871,449,274
55872,448,277
55873,449,274
55874,448,274
55875,430,276
55876,449,277
55877,449,273
55878,443,278
55879,445,279
55880,419,279
55881,418,279
55882,418,278
55883,419,278
55884,442,276
55885,444,278
55886,418,280
55887,417,283
55888,423,287
55889,422,291
55890,406,291
55891,421,301
55892,421,285
55893,418,303
55894,418,301
55895,422,300
55896,435,250
55897,432,250
55898,437,247
55899,437,247
55900,437,247
55901,438,245
55902,435,244
55903,437,243
55904,435,240
55905,434,237
55906,435,278
55907,441,279
55908,432,239
55909,442,278
55910,439,278
55911,442,278
55912,430,238
55913,433,237
55914,439,283
55915,435,239
55916,436,240
55917,441,244
55918,446,280
55919,446,280
55920,448,280
55921,447,280
55922,447,280
55923,448,280
55924,450,280
55925,450,280
55926,452,279
55927,443,230
55928,452,279
55929,453,279
55930,450,278
55931,449,277
55932,452,278
55933,451,277
55934,449,276
55935,451,277
55936,448,230
55937,440,230
55938,448,231
55939,448,232
55940,447,231
55941,446,231
55942,444,230
55943,445,231
55944,443,229
55945,445,229
55946,443,230
55947,446,229
55948,446,229
55949,445,229
55950,445,229
55951,447,229
55952,446,229
55953,446,229
55954,446,227
55955,446,230
55956,448,231
55957,453,232
55958,452,231
55959,450,232
55960,450,233
55961,450,232
55962,451,233
55963,451,233
55964,455,279
55965,454,279
55966,454,279
55967,453,279
55968,453,279
55969,452,278
55970,451,229
55971,452,278
55972,452,278
55973,448,232
55974,447,234
55975,444,235
55976,445,237
55977,440,238
55978,436,240
55979,437,240
55980,442,241
55981,444,240
55982,442,240
55983,442,241
55984,444,240
55985,442,241
55986,441,241
55987,442,241
55988,440,241
55989,440,243
55990,442,243
55991,444,240
55992,442,240
55993,444,240
55994,444,238
55995,442,239
55996,441,236
55997,440,233
55998,444,232
55999,443,229
56000,442,228
56001,443,228
56002,443,224
56003,444,228
56004,454,278
56005,453,277
56006,452,277
56007,453,276
56008,452,279
56009,452,280
56010,436,281
56011,441,281
56012,445,281
56013,454,281
56014,455,279
56015,453,278
56016,453,280
56017,447,240
56018,453,279
56019,447,237
56020,452,278
56021,453,277
56022,453,278
56023,447,236
56024,447,235
56025,446,235
56026,447,235
56027,447,235
56028,447,235
56029,446,235
56030,446,235
56031,446,235
56032,446,236
56033,445,236
56034,445,236
56035,445,236
56036,445,236
56037,445,236
56038,446,236
56039,446,236
56040,446,235
56041,446,236
56042,446,236
56043,446,235
56044,445,235
56045,445,235
56046,444,234
56047,445,238
56048,445,238
56049,446,238
56050,446,236
56051,446,237
56052,446,239
56053,452,279
56054,453,279
56055,453,279
56056,450,280
56057,454,280
56058,453,280
56059,455,280
56060,454,280
56061,454,280
56062,454,280
56063,454,279
56064,454,279
56065,455,279
56066,448,236
56067,449,238
56068,448,236
56069,452,279
56070,452,279
56071,447,235
56072,452,278
56073,446,235
56074,451,239
56075,447,236
56076,444,236
56077,452,277
56078,454,275
56079,451,273
56080,443,271
56081,444,270
56082,441,269
56083,449,267
56084,448,263
56085,443,252
56086,433,244
56087,447,245
56088,450,243
56089,451,240
56090,450,240
56091,451,240
56092,451,241
56093,451,242
56094,450,250
56095,450,245
56096,451,242
56097,450,243
56098,449,246
56099,449,252
56100,453,266
56101,452,267
56102,452,267
56103,455,265
56104,453,262
56105,421,246
56106,446,243
56107,447,242
56108,451,250
56109,451,250
56110,451,246
56111,450,238
56112,449,237
56113,449,237
56114,449,240
56115,449,240
56116,449,238
56117,447,235
56118,448,236
56119,448,238
56120,447,236
56121,445,234
56122,447,236
56123,450,240
56124,451,241
56125,453,240
56126,453,243
56127,453,246
56128,452,248
56129,451,245
56130,451,244
56131,452,244
56132,451,244
56133,452,247
56134,454,248
56135,452,245
56136,453,245
56137,454,244
56138,455,244
56139,455,245
56140,455,244
56141,455,244
56142,454,245
56143,454,245
56144,455,244
56145,455,244
56146,456,244
56147,454,243
56148,455,246
56149,454,245
56150,454,245
56151,453,245
56152,453,244
56153,454,244
56154,454,245
56155,454,245
56156,454,244
56157,453,245
56158,453,244
56159,451,244
56160,452,247
56161,451,246
56162,452,245
56163,451,247
56164,450,246
56165,449,245
56166,448,246
56167,446,241
56168,442,238
56169,441,239
56170,443,237
56171,449,237
56172,443,238
56173,446,238
56174,449,237
56175,450,240
56176,451,252
56177,451,254
56178,453,248
56179,453,245
56180,454,247
56181,455,249
56182,456,260
56183,455,268
56184,456,275
56185,455,276
56186,455,277
56187,454,237
56188,455,236
56189,455,233
56190,455,234
56191,454,236
56192,454,234
56193,454,233
56194,453,235
56195,454,238
56196,454,240
56197,454,239
56198,452,241
56199,448,242
56200,453,258
56201,453,258
56202,452,258
56203,453,266
56204,453,269
56205,453,272
56206,453,274
56207,453,276
56208,453,276
56209,453,275
56210,452,273
56211,451,271
56212,452,273
56213,450,273
56214,451,274
56215,449,275
56216,449,276
56217,455,278
56218,455,278
56219,453,278
56220,453,276
56221,453,276
56222,452,275
56223,450,275
56224,451,275
56225,451,274
56226,452,275
56227,452,276
56228,452,276
56229,453,276
56230,453,275
56231,453,275
56232,454,275
56233,453,275
56234,453,275
56235,453,275
56236,454,275
56237,441,273
56238,442,273
56239,446,273
56240,450,273
56241,452,275
56242,454,275
56243,448,273
56244,444,273
56245,444,273
56246,449,273
56247,442,270
56248,451,275
56249,446,237
56250,449,283
56251,453,283
56252,451,283
56253,445,243
56254,443,254
56255,441,244
56256,441,252
56257,437,242
56258,430,245
56259,431,284
56260,440,285
56261,442,284
56262,448,283
56263,439,247
56264,439,243
56265,442,243
56266,447,243
56267,450,243
56268,453,246
56269,456,282
56270,456,282
56271,453,278
56272,454,250
56273,455,241
56274,455,244
56275,455,244
56276,455,243
56277,454,244
56278,456,249
56279,454,244
56280,452,270
56281,451,257
56282,450,260
56283,450,264
56284,450,259
56285,451,281
56286,452,281
56287,453,280
56288,452,281
56289,453,281
56290,453,281
56291,453,281
56292,453,281
56293,451,271
56294,453,280
56295,452,281
56296,452,281
56297,452,280
56298,453,280
56299,452,280
56300,452,280
56301,452,281
56302,452,281
56303,453,280
56304,452,281
56305,453,280
56306,454,281
56307,454,281
56308,454,281
56309,450,262
56310,448,243
56311,449,241
56312,449,242
56313,450,242
56314,450,255
56315,449,260
56316,450,246
56317,451,245
56318,450,244
56319,452,246
56320,449,245
56321,451,247
56322,452,249
56323,453,250
56324,453,257
56325,448,247
56326,452,247
56327,455,275
56328,455,275
56329,456,268
56330,456,260
56331,456,253
56332,454,253
56333,451,245
56334,454,244
56335,453,247
56336,451,244
56337,451,243
56338,450,243
56339,449,244
56340,449,245
56341,450,252
56342,450,247
56343,450,248
56344,449,250
56345,450,251
56346,447,252
56347,449,254
56348,451,253
56349,449,255
56350,448,253
56351,448,252
56352,452,248
56353,452,245
56354,454,244
56355,452,249
56356,452,258
56357,449,253
56358,450,248
56359,451,249
56360,452,243
56361,451,245
56362,451,245
56363,451,243
56364,454,242
56365,455,243
56366,454,243
56367,452,248
56368,450,250
56369,452,251
56370,453,254
56371,453,253
56372,453,255
56373,454,259
56374,453,265
56375,451,267
56376,453,268
56377,453,264
56378,453,263
56379,452,265
56380,454,267
56381,449,267
56382,448,267
56383,447,270
56384,453,268
56385,437,273
56386,441,277
56387,448,280
56388,436,277
56389,435,280
56390,436,279
56391,443,279
56392,445,278
56393,440,278
56394,441,278
56395,444,277
56396,444,275
56397,446,276
56398,444,276
56399,448,276
56400,445,271
56401,450,271
56402,450,271
56403,450,272
56404,451,272
56405,451,272
56406,451,272
56407,451,274
56408,449,274
56409,450,272
56410,448,275
56411,435,278
56412,428,279
56413,424,280
56414,423,283
56415,424,286
56416,426,288
56417,422,290
56418,410,291
56419,409,292
56420,409,292
56421,408,289
56422,407,289
56423,407,289
56424,405,288
56425,406,286
56426,404,287
56427,405,290
56428,406,288
56429,408,288
56430,410,289
56431,415,288
56432,415,291
56433,414,290
56434,410,288
56435,405,289
56436,406,290
56437,414,288
56438,426,289
56439,439,285
56440,440,290
56441,445,291
56442,447,284
56443,448,284
56444,445,284
56445,450,287
56446,450,285
56447,449,284
56448,439,283
56449,450,279
56450,448,276
56451,446,271
56452,452,270
56453,451,273
56454,451,276
56455,450,277
56456,454,278
56457,447,273
56458,447,268
56459,453,275
56460,445,252
56461,443,232
56462,447,231
56464,439,276
56465,440,226
56466,437,226
56467,440,267
56468,440,257
56474,428,219
56475,431,219
56476,435,264
56478,438,264
56479,432,238
56480,433,218
56481,436,209
56482,435,209
56483,429,210
56484,430,210
56485,427,210
56486,429,208
56487,429,209
56488,439,210
56489,441,209
56490,442,209
56491,442,209
56492,439,212
56493,443,212
56494,444,211
56495,445,210
56496,446,210
56497,446,209
56498,448,205
56499,452,208
56500,458,207
56501,454,212
56502,455,209
56503,458,214
56504,458,208
56505,453,209
56506,453,208
56507,452,208
56508,451,208
56509,446,207
56510,447,207
56511,449,207
56512,450,208
56513,450,206
56514,450,207
56515,450,206
56516,448,208
56517,447,208
56518,447,208
56519,448,208
56520,450,208
56521,449,208
56522,448,208
56523,448,208
56524,447,208
56525,448,207
56526,447,207
56527,446,206
56528,446,206
56529,446,206
56530,447,206
56531,449,205
56532,450,210
56533,449,210
56534,450,205
56535,448,209
56536,450,205
56537,448,209
56538,447,209
56539,449,205
56540,449,205
56541,448,205
56542,447,205
56543,445,209
56544,445,210
56545,445,210
56546,444,211
56547,446,211
56548,446,211
56549,447,210
56550,447,205
56551,445,209
56552,447,205
56553,447,207
56554,442,207
56555,439,206
56556,435,208
56557,430,208
56558,431,212
56559,430,210
56560,431,186
56561,425,189
56562,426,190
56563,419,189
56564,413,190
56565,424,193
56566,414,193
56567,416,196
56568,416,225
56569,423,220
56570,426,231
56571,427,191
56572,425,232
56573,426,237
56574,425,227
56575,422,226
